Scenario,ScenarioName,Algorithm,Seed,HV,GD,IGD,Spacing,NonDomSolutions,ParetoContribution,TimeMs,WaitingTime_Best,Energy_Best,PeakPower_Min,PeakPower_Mean
1,Balanced,FirstAvailable,200,0.000000,1.154697,1.260492,0.000000,1,0,52,148.600000,1.413315062,27647.416,27647.416
1,Balanced,FirstAvailable,201,0.000000,1.154697,1.260492,0.000000,1,0,484,148.600000,1.413315062,27647.416,27647.416
1,Balanced,FirstAvailable,202,0.000000,1.154697,1.260492,0.000000,1,0,7,148.600000,1.413315062,27647.416,27647.416
1,Balanced,FirstAvailable,203,0.000000,1.154697,1.260492,0.000000,1,0,6,148.600000,1.413315062,27647.416,27647.416
1,Balanced,FirstAvailable,204,0.000000,1.154697,1.260492,0.000000,1,0,6,148.600000,1.413315062,27647.416,27647.416
1,Balanced,FirstAvailable,205,0.000000,1.154697,1.260492,0.000000,1,0,6,148.600000,1.413315062,27647.416,27647.416
1,Balanced,FirstAvailable,206,0.000000,1.154697,1.260492,0.000000,1,0,499,148.600000,1.413315062,27647.416,27647.416
1,Balanced,FirstAvailable,207,0.000000,1.154697,1.260492,0.000000,1,0,5,148.600000,1.413315062,27647.416,27647.416
1,Balanced,FirstAvailable,208,0.000000,1.154697,1.260492,0.000000,1,0,4,148.600000,1.413315062,27647.416,27647.416
1,Balanced,FirstAvailable,209,0.000000,1.154697,1.260492,0.000000,1,0,4,148.600000,1.413315062,27647.416,27647.416
1,Balanced,FirstAvailable,MEAN,0.000000,1.154697,1.260492,0.000000,,0,107,148.600000,1.413315062,27647.416,27647.416
1,Balanced,ShortestQueue,200,0.027313,0.636562,0.699642,0.000000,1,0,6,10.602000,0.686090227,257870.906,257870.906
1,Balanced,ShortestQueue,201,0.027313,0.636562,0.699642,0.000000,1,0,5,10.602000,0.686090227,257870.906,257870.906
1,Balanced,ShortestQueue,202,0.027313,0.636562,0.699642,0.000000,1,0,5,10.602000,0.686090227,257870.906,257870.906
1,Balanced,ShortestQueue,203,0.027313,0.636562,0.699642,0.000000,1,0,5,10.602000,0.686090227,257870.906,257870.906
1,Balanced,ShortestQueue,204,0.027313,0.636562,0.699642,0.000000,1,0,4,10.602000,0.686090227,257870.906,257870.906
1,Balanced,ShortestQueue,205,0.027313,0.636562,0.699642,0.000000,1,0,4,10.602000,0.686090227,257870.906,257870.906
1,Balanced,ShortestQueue,206,0.027313,0.636562,0.699642,0.000000,1,0,4,10.602000,0.686090227,257870.906,257870.906
1,Balanced,ShortestQueue,207,0.027313,0.636562,0.699642,0.000000,1,0,4,10.602000,0.686090227,257870.906,257870.906
1,Balanced,ShortestQueue,208,0.027313,0.636562,0.699642,0.000000,1,0,3,10.602000,0.686090227,257870.906,257870.906
1,Balanced,ShortestQueue,209,0.027313,0.636562,0.699642,0.000000,1,0,4,10.602000,0.686090227,257870.906,257870.906
1,Balanced,ShortestQueue,MEAN,0.027313,0.636562,0.699642,0.000000,,0,4,10.602000,0.686090227,257870.906,257870.906
1,Balanced,WorkloadAware,200,0.470724,0.000000,0.297477,0.000000,1,1,7,4.842000,0.469990199,198454.299,198454.299
1,Balanced,WorkloadAware,201,0.470724,0.000000,0.297477,0.000000,1,1,4,4.842000,0.469990199,198454.299,198454.299
1,Balanced,WorkloadAware,202,0.470724,0.000000,0.297477,0.000000,1,1,3,4.842000,0.469990199,198454.299,198454.299
1,Balanced,WorkloadAware,203,0.470724,0.000000,0.297477,0.000000,1,1,4,4.842000,0.469990199,198454.299,198454.299
1,Balanced,WorkloadAware,204,0.470724,0.000000,0.297477,0.000000,1,1,3,4.842000,0.469990199,198454.299,198454.299
1,Balanced,WorkloadAware,205,0.470724,0.000000,0.297477,0.000000,1,1,3,4.842000,0.469990199,198454.299,198454.299
1,Balanced,WorkloadAware,206,0.470724,0.000000,0.297477,0.000000,1,1,3,4.842000,0.469990199,198454.299,198454.299
1,Balanced,WorkloadAware,207,0.470724,0.000000,0.297477,0.000000,1,1,3,4.842000,0.469990199,198454.299,198454.299
1,Balanced,WorkloadAware,208,0.470724,0.000000,0.297477,0.000000,1,1,4,4.842000,0.469990199,198454.299,198454.299
1,Balanced,WorkloadAware,209,0.470724,0.000000,0.297477,0.000000,1,1,3,4.842000,0.469990199,198454.299,198454.299
1,Balanced,WorkloadAware,MEAN,0.470724,0.000000,0.297477,0.000000,,1,3,4.842000,0.469990199,198454.299,198454.299
1,Balanced,EnergyAware,200,0.436229,0.075198,0.568028,0.000000,1,0,9,9.076000,0.276567511,78925.309,78925.309
1,Balanced,EnergyAware,201,0.436229,0.075198,0.568028,0.000000,1,0,5,9.076000,0.276567511,78925.309,78925.309
1,Balanced,EnergyAware,202,0.436229,0.075198,0.568028,0.000000,1,0,4,9.076000,0.276567511,78925.309,78925.309
1,Balanced,EnergyAware,203,0.436229,0.075198,0.568028,0.000000,1,0,5,9.076000,0.276567511,78925.309,78925.309
1,Balanced,EnergyAware,204,0.436229,0.075198,0.568028,0.000000,1,0,4,9.076000,0.276567511,78925.309,78925.309
1,Balanced,EnergyAware,205,0.436229,0.075198,0.568028,0.000000,1,0,3,9.076000,0.276567511,78925.309,78925.309
1,Balanced,EnergyAware,206,0.436229,0.075198,0.568028,0.000000,1,0,4,9.076000,0.276567511,78925.309,78925.309
1,Balanced,EnergyAware,207,0.436229,0.075198,0.568028,0.000000,1,0,4,9.076000,0.276567511,78925.309,78925.309
1,Balanced,EnergyAware,208,0.436229,0.075198,0.568028,0.000000,1,0,3,9.076000,0.276567511,78925.309,78925.309
1,Balanced,EnergyAware,209,0.436229,0.075198,0.568028,0.000000,1,0,4,9.076000,0.276567511,78925.309,78925.309
1,Balanced,EnergyAware,MEAN,0.436229,0.075198,0.568028,0.000000,,0,4,9.076000,0.276567511,78925.309,78925.309
1,Balanced,RoundRobin,200,0.000000,0.754811,0.818813,0.000000,1,0,7,11.544000,0.736616894,247986.891,247986.891
1,Balanced,RoundRobin,201,0.000000,0.754811,0.818813,0.000000,1,0,5,11.544000,0.736616894,247986.891,247986.891
1,Balanced,RoundRobin,202,0.000000,0.754811,0.818813,0.000000,1,0,5,11.544000,0.736616894,247986.891,247986.891
1,Balanced,RoundRobin,203,0.000000,0.754811,0.818813,0.000000,1,0,4,11.544000,0.736616894,247986.891,247986.891
1,Balanced,RoundRobin,204,0.000000,0.754811,0.818813,0.000000,1,0,4,11.544000,0.736616894,247986.891,247986.891
1,Balanced,RoundRobin,205,0.000000,0.754811,0.818813,0.000000,1,0,4,11.544000,0.736616894,247986.891,247986.891
1,Balanced,RoundRobin,206,0.000000,0.754811,0.818813,0.000000,1,0,5,11.544000,0.736616894,247986.891,247986.891
1,Balanced,RoundRobin,207,0.000000,0.754811,0.818813,0.000000,1,0,4,11.544000,0.736616894,247986.891,247986.891
1,Balanced,RoundRobin,208,0.000000,0.754811,0.818813,0.000000,1,0,5,11.544000,0.736616894,247986.891,247986.891
1,Balanced,RoundRobin,209,0.000000,0.754811,0.818813,0.000000,1,0,4,11.544000,0.736616894,247986.891,247986.891
1,Balanced,RoundRobin,MEAN,0.000000,0.754811,0.818813,0.000000,,0,4,11.544000,0.736616894,247986.891,247986.891
1,Balanced,GA_WaitingTime,200,0.091436,0.019357,0.427852,0.000000,1,0,2038,4.200000,0.680936116,227957.937,227957.937
1,Balanced,GA_WaitingTime,201,0.087251,0.015315,0.431086,0.000000,1,0,1913,4.208000,0.683037363,255998.896,255998.896
1,Balanced,GA_WaitingTime,202,0.128988,0.004508,0.395436,0.000000,1,0,1894,4.228000,0.661558058,261726.161,261726.161
1,Balanced,GA_WaitingTime,203,0.059148,0.000000,0.456524,0.000000,1,1,1885,4.166000,0.697538781,241833.386,241833.386
1,Balanced,GA_WaitingTime,204,0.086558,0.014736,0.431531,0.000000,1,0,1841,4.212000,0.683373118,250084.340,250084.340
1,Balanced,GA_WaitingTime,205,0.082719,0.012155,0.433917,0.000000,1,0,1839,4.238000,0.685222472,245976.916,245976.916
1,Balanced,GA_WaitingTime,206,0.130027,0.000000,0.396378,0.000000,1,1,1855,4.184000,0.661329494,238301.146,238301.146
1,Balanced,GA_WaitingTime,207,0.105357,0.024936,0.416121,0.000000,1,0,1831,4.202000,0.673812250,264914.498,264914.498
1,Balanced,GA_WaitingTime,208,0.041312,0.018076,0.472315,0.000000,1,0,1840,4.176000,0.706597590,262077.896,262077.896
1,Balanced,GA_WaitingTime,209,0.093339,0.021752,0.425547,0.000000,1,0,1836,4.220000,0.679864874,243765.498,243765.498
1,Balanced,GA_WaitingTime,MEAN,0.090613,0.013084,0.428671,0.000000,,2,1877,4.166000,0.661329494,227957.937,249263.667
1,Balanced,GA_Energy,200,0.000000,0.128027,0.995226,0.000000,1,0,1946,15.258000,0.235761881,49830.794,49830.794
1,Balanced,GA_Energy,201,0.000000,0.173823,0.998408,0.000000,1,0,1929,15.864000,0.240875138,41461.615,41461.615
1,Balanced,GA_Energy,202,0.000000,0.111311,0.989930,0.000000,1,0,1952,15.032000,0.238161662,42724.605,42724.605
1,Balanced,GA_Energy,203,0.008114,0.030487,0.962357,0.000000,1,0,1945,13.756000,0.240414529,55190.804,55190.804
1,Balanced,GA_Energy,204,0.000000,0.064255,0.972349,0.000000,1,0,1986,14.346000,0.246422320,50812.314,50812.314
1,Balanced,GA_Energy,205,0.000000,0.136021,0.996895,0.000000,1,0,1984,15.364000,0.235488199,46068.177,46068.177
1,Balanced,GA_Energy,206,0.000000,0.073684,0.981782,0.000000,1,0,1944,14.558000,0.239480967,59491.824,59491.824
1,Balanced,GA_Energy,207,0.000000,0.105909,0.993538,0.000000,1,0,1966,14.986000,0.233496194,42565.268,42565.268
1,Balanced,GA_Energy,208,0.000000,0.092570,0.983040,0.000000,1,0,1928,14.772000,0.241666513,42577.467,42577.467
1,Balanced,GA_Energy,209,0.000000,0.077839,0.979860,0.000000,1,0,1979,14.584000,0.242075049,57796.712,57796.712
1,Balanced,GA_Energy,MEAN,0.000811,0.099393,0.985339,0.000000,,0,1955,13.756000,0.233496194,41461.615,48851.958
1,Balanced,SA_WaitingTime,200,0.001389,0.047718,0.502796,0.000000,1,0,834,4.582000,0.726912681,227040.768,227040.768
1,Balanced,SA_WaitingTime,201,0.018657,0.063002,0.484314,0.000000,1,0,1277,4.766000,0.717525065,244992.865,244992.865
1,Balanced,SA_WaitingTime,202,0.000000,0.090909,0.529383,0.000000,1,0,784,4.750000,0.755948135,212817.207,212817.207
1,Balanced,SA_WaitingTime,203,0.016768,0.085834,0.485624,0.000000,1,0,757,4.990000,0.718320010,225681.391,225681.391
1,Balanced,SA_WaitingTime,204,0.000000,0.066593,0.534796,0.000000,1,0,770,4.388000,0.757186338,245508.416,245508.416
1,Balanced,SA_WaitingTime,205,0.000775,0.060402,0.502409,0.000000,1,0,752,4.712000,0.727233540,221876.967,221876.967
1,Balanced,SA_WaitingTime,206,0.000000,0.120182,0.540159,0.000000,1,0,799,4.936000,0.769325445,241837.952,241837.952
1,Balanced,SA_WaitingTime,207,0.073534,0.063693,0.431577,0.000000,1,0,789,4.804000,0.687570666,218634.743,218634.743
1,Balanced,SA_WaitingTime,208,0.029343,0.036104,0.476792,0.000000,1,0,788,4.484000,0.712205061,201230.268,201230.268
1,Balanced,SA_WaitingTime,209,0.000000,0.218926,0.560234,0.000000,1,0,823,5.936000,0.785874948,229727.421,229727.421
1,Balanced,SA_WaitingTime,MEAN,0.014047,0.085336,0.504809,0.000000,,0,837,4.388000,0.687570666,201230.268,226934.800
1,Balanced,SA_Energy,200,0.336735,0.104862,0.684739,0.000000,1,0,841,10.370000,0.249526408,73735.324,73735.324
1,Balanced,SA_Energy,201,0.456244,0.034972,0.616118,0.000000,1,0,846,9.200000,0.243257317,52064.442,52064.442
1,Balanced,SA_Energy,202,0.396817,0.060731,0.635643,0.000000,1,0,847,9.720000,0.253151063,77786.728,77786.728
1,Balanced,SA_Energy,203,0.434209,0.040881,0.623704,0.000000,1,0,858,9.396000,0.246310422,80770.059,80770.059
1,Balanced,SA_Energy,204,0.375525,0.066876,0.673961,0.000000,1,0,872,10.046000,0.240007613,46980.299,46980.299
1,Balanced,SA_Energy,205,0.470896,0.029293,0.607615,0.000000,1,0,851,9.050000,0.243364153,63894.870,63894.870
1,Balanced,SA_Energy,206,0.438022,0.028851,0.632518,0.000000,1,0,875,9.412000,0.240328035,58088.733,58088.733
1,Balanced,SA_Energy,207,0.414249,0.034525,0.648774,0.000000,1,0,871,9.658000,0.239654209,50402.615,50402.615
1,Balanced,SA_Energy,208,0.447050,0.000000,0.654627,0.000000,1,1,861,9.450000,0.225977082,37991.717,37991.717
1,Balanced,SA_Energy,209,0.415396,0.066967,0.611600,0.000000,1,0,879,9.468000,0.259579033,87486.860,87486.860
1,Balanced,SA_Energy,MEAN,0.418514,0.046796,0.638930,0.000000,,1,860,9.050000,0.225977082,37991.717,62920.165
1,Balanced,GA_WaitingTime_Dominance,200,0.398801,0.008611,0.190301,0.009688,25,3,1878,4.200000,0.517524118,195151.049,220458.125
1,Balanced,GA_WaitingTime_Dominance,201,0.362190,0.011101,0.216491,0.015391,24,1,1871,4.208000,0.537162202,198454.299,227568.642
1,Balanced,GA_WaitingTime_Dominance,202,0.382139,0.007260,0.206235,0.008870,25,0,1864,4.228000,0.526504577,198454.299,225379.895
1,Balanced,GA_WaitingTime_Dominance,203,0.361641,0.012182,0.214622,0.014531,27,1,1860,4.166000,0.537162202,198454.299,231078.522
1,Balanced,GA_WaitingTime_Dominance,204,0.360964,0.013075,0.217702,0.014728,25,0,1889,4.212000,0.537162202,197061.809,224767.344
1,Balanced,GA_WaitingTime_Dominance,205,0.361544,0.014902,0.215754,0.006449,27,0,1886,4.238000,0.537162202,198454.299,223376.996
1,Balanced,GA_WaitingTime_Dominance,206,0.375808,0.009248,0.203446,0.008662,24,8,1892,4.184000,0.530051816,198341.911,220278.358
1,Balanced,GA_WaitingTime_Dominance,207,0.362845,0.008504,0.215560,0.005448,29,4,1865,4.202000,0.537162202,198454.299,223121.646
1,Balanced,GA_WaitingTime_Dominance,208,0.363121,0.012408,0.213197,0.008256,34,1,1875,4.176000,0.537162202,198454.299,231846.598
1,Balanced,GA_WaitingTime_Dominance,209,0.361684,0.012741,0.216564,0.012159,27,0,1874,4.220000,0.537162202,198454.299,229712.401
1,Balanced,GA_WaitingTime_Dominance,MEAN,0.369074,0.011003,0.210987,0.010418,,18,1875,4.166000,0.517524118,195151.049,225989.918
1,Balanced,GA_Energy_Dominance,200,0.636481,0.128121,0.160769,0.012148,61,0,2015,5.528000,0.235761881,49830.794,109627.734
1,Balanced,GA_Energy_Dominance,201,0.661479,0.122271,0.146824,0.012603,72,0,2011,5.482000,0.240875138,41461.615,114168.056
1,Balanced,GA_Energy_Dominance,202,0.621970,0.130399,0.173505,0.013562,63,0,2022,5.536000,0.238161662,42724.605,121192.875
1,Balanced,GA_Energy_Dominance,203,0.613233,0.142697,0.166568,0.019321,53,0,1958,5.536000,0.240414529,44362.003,117405.821
1,Balanced,GA_Energy_Dominance,204,0.632899,0.140066,0.169022,0.018669,72,0,2029,5.536000,0.245840069,38587.503,115968.437
1,Balanced,GA_Energy_Dominance,205,0.652032,0.129269,0.149017,0.010786,58,0,2018,5.430000,0.235488199,46068.177,120705.682
1,Balanced,GA_Energy_Dominance,206,0.640394,0.145671,0.166356,0.018766,60,0,1961,5.536000,0.239480967,53737.120,113772.485
1,Balanced,GA_Energy_Dominance,207,0.630612,0.122605,0.166914,0.010488,67,0,1990,5.490000,0.233496194,42565.268,131841.429
1,Balanced,GA_Energy_Dominance,208,0.628717,0.139421,0.153884,0.009289,86,0,2025,5.490000,0.241666513,42577.467,116794.200
1,Balanced,GA_Energy_Dominance,209,0.613853,0.144258,0.169245,0.012377,54,0,2021,5.468000,0.242075049,50342.243,123832.649
1,Balanced,GA_Energy_Dominance,MEAN,0.633167,0.134478,0.162210,0.013801,,0,2005,5.430000,0.233496194,38587.503,118431.420
1,Balanced,SA_WaitingTime_Dominance,200,0.397669,0.011935,0.234179,0.082537,22,0,778,4.494000,0.534561628,197504.814,201078.855
1,Balanced,SA_WaitingTime_Dominance,201,0.366009,0.014028,0.220072,0.065381,19,0,790,4.230000,0.534459369,196954.432,212747.098
1,Balanced,SA_WaitingTime_Dominance,202,0.364618,0.008203,0.224261,0.054135,27,1,794,4.148000,0.532969582,198454.299,206181.463
1,Balanced,SA_WaitingTime_Dominance,203,0.366305,0.012367,0.222798,0.052969,21,0,791,4.352000,0.531172746,198398.319,212869.373
1,Balanced,SA_WaitingTime_Dominance,204,0.355349,0.010620,0.233782,0.072608,16,0,809,4.474000,0.535604993,197979.299,212661.867
1,Balanced,SA_WaitingTime_Dominance,205,0.357519,0.019255,0.225343,0.076164,10,0,787,4.236000,0.533589696,198454.299,215634.990
1,Balanced,SA_WaitingTime_Dominance,206,0.355689,0.011420,0.237512,0.106854,10,0,774,4.334000,0.534762882,198454.299,222471.443
1,Balanced,SA_WaitingTime_Dominance,207,0.362603,0.008016,0.241454,0.125978,10,0,793,4.308000,0.530374152,197999.370,211672.733
1,Balanced,SA_WaitingTime_Dominance,208,0.360558,0.019823,0.230613,0.017977,18,1,802,4.028000,0.532220901,196954.432,216802.665
1,Balanced,SA_WaitingTime_Dominance,209,0.364931,0.012678,0.226754,0.004709,28,0,811,4.178000,0.531172746,198289.830,211110.882
1,Balanced,SA_WaitingTime_Dominance,MEAN,0.365125,0.012834,0.229677,0.065931,,2,792,4.028000,0.530374152,196954.432,211321.347
1,Balanced,SA_Energy_Dominance,200,0.650868,0.153009,0.163055,0.061454,47,2,936,5.478000,0.225697731,33964.518,165699.667
1,Balanced,SA_Energy_Dominance,201,0.702549,0.108986,0.167668,0.159071,11,1,859,5.442000,0.234379312,36817.646,128624.352
1,Balanced,SA_Energy_Dominance,202,0.697869,0.094114,0.178007,0.161919,13,0,878,5.500000,0.231153438,36279.626,117909.904
1,Balanced,SA_Energy_Dominance,203,0.694633,0.112242,0.156988,0.167557,13,0,909,5.434000,0.248280583,78849.753,143469.236
1,Balanced,SA_Energy_Dominance,204,0.659516,0.108818,0.167242,0.100230,26,1,915,5.448000,0.235346730,31435.697,144695.425
1,Balanced,SA_Energy_Dominance,205,0.676091,0.107193,0.173240,0.045292,15,0,1348,5.474000,0.226405794,35334.044,105815.683
1,Balanced,SA_Energy_Dominance,206,0.706069,0.108879,0.176594,0.001742,14,2,882,5.496000,0.251656879,65165.212,131371.752
1,Balanced,SA_Energy_Dominance,207,0.670674,0.134484,0.160433,0.003205,56,2,946,5.476000,0.229460266,33927.350,168012.298
1,Balanced,SA_Energy_Dominance,208,0.679065,0.171004,0.152376,0.014566,35,0,933,5.420000,0.227106900,41082.697,168252.791
1,Balanced,SA_Energy_Dominance,209,0.705985,0.103577,0.173450,0.002373,13,0,834,5.448000,0.244821799,45669.187,111749.252
1,Balanced,SA_Energy_Dominance,MEAN,0.684332,0.120231,0.166905,0.071741,,8,944,5.420000,0.225697731,31435.697,150018.823
1,Balanced,NSGA-II,200,0.585216,0.028019,0.076663,0.013048,56,0,2719,4.584000,0.391030635,137471.911,190715.505
1,Balanced,NSGA-II,201,0.600424,0.020766,0.079044,0.009718,43,3,2526,4.664000,0.383963518,135364.988,188512.325
1,Balanced,NSGA-II,202,0.587363,0.026135,0.079949,0.024528,42,1,2552,4.656000,0.390678310,142406.646,191264.553
1,Balanced,NSGA-II,203,0.603233,0.025667,0.079249,0.012890,59,1,2580,4.618000,0.377078035,140257.131,190029.078
1,Balanced,NSGA-II,204,0.593781,0.034367,0.104079,0.033281,41,0,2578,4.706000,0.380562203,134974.564,181040.984
1,Balanced,NSGA-II,205,0.599887,0.033196,0.089351,0.010754,65,0,2607,4.670000,0.373967697,138485.728,184120.011
1,Balanced,NSGA-II,206,0.603162,0.025939,0.085727,0.013717,56,1,2586,4.688000,0.375462402,131974.544,187730.669
1,Balanced,NSGA-II,207,0.593143,0.033594,0.099814,0.008177,61,0,2581,4.696000,0.381586718,131474.355,183502.886
1,Balanced,NSGA-II,208,0.594985,0.031876,0.071169,0.011779,47,0,2586,4.604000,0.379454977,135082.314,191817.010
1,Balanced,NSGA-II,209,0.594241,0.027785,0.086772,0.007528,51,1,2580,4.686000,0.383390537,139310.039,192016.992
1,Balanced,NSGA-II,MEAN,0.595544,0.028735,0.085182,0.014542,,7,2589,4.584000,0.373967697,131474.355,187977.477
1,Balanced,SPEA-II,200,0.608424,0.024833,0.074940,0.018425,51,2,3193,4.586000,0.376414204,117659.054,187437.153
1,Balanced,SPEA-II,201,0.616065,0.020522,0.083551,0.013793,40,1,3203,4.666000,0.367203497,138254.666,189284.820
1,Balanced,SPEA-II,202,0.596102,0.022935,0.078121,0.010497,53,1,3187,4.652000,0.386139423,127662.932,190359.590
1,Balanced,SPEA-II,203,0.597792,0.026941,0.096340,0.014255,53,1,3234,4.654000,0.381510675,126386.835,184309.304
1,Balanced,SPEA-II,204,0.586584,0.031014,0.091707,0.009267,55,0,3220,4.646000,0.388454018,129002.289,184922.015
1,Balanced,SPEA-II,205,0.597288,0.018281,0.074206,0.006343,78,1,3146,4.572000,0.386461314,152085.217,193754.362
1,Balanced,SPEA-II,206,0.599423,0.024054,0.098817,0.006584,55,0,3229,4.632000,0.381580082,135421.161,184654.519
1,Balanced,SPEA-II,207,0.599008,0.026144,0.071117,0.012625,55,1,3198,4.630000,0.382174991,143736.626,189092.680
1,Balanced,SPEA-II,208,0.602257,0.016837,0.071803,0.007418,51,10,3122,4.624000,0.384712777,151982.309,190490.744
1,Balanced,SPEA-II,209,0.587738,0.024298,0.096745,0.013070,55,0,3183,4.626000,0.391488534,143963.809,192396.559
1,Balanced,SPEA-II,MEAN,0.599068,0.023586,0.083735,0.011228,,17,3191,4.572000,0.367203497,117659.054,188872.939
1,Balanced,AMOSA,200,0.420660,0.064853,0.167228,0.015312,26,0,4113,4.638000,0.495966014,195369.156,208663.913
1,Balanced,AMOSA,201,0.411152,0.034564,0.179591,0.025593,17,0,4147,4.760000,0.501548038,180953.263,202351.397
1,Balanced,AMOSA,202,0.423376,0.029843,0.181756,0.032592,19,0,4087,4.700000,0.496781333,187065.294,200374.657
1,Balanced,AMOSA,203,0.419957,0.056125,0.188919,0.008724,17,3,4075,4.646000,0.497525698,198022.381,211121.338
1,Balanced,AMOSA,204,0.401460,0.017544,0.186996,0.007705,26,0,4074,4.584000,0.511333908,183651.544,208835.422
1,Balanced,AMOSA,205,0.433794,0.029960,0.174514,0.048011,24,0,4085,4.638000,0.491013718,190120.600,203474.865
1,Balanced,AMOSA,206,0.439609,0.036619,0.161460,0.016870,23,8,4078,4.608000,0.482406137,177696.600,203238.560
1,Balanced,AMOSA,207,0.394997,0.021106,0.210728,0.010985,17,0,4093,4.714000,0.513142340,196682.467,202724.687
1,Balanced,AMOSA,208,0.406577,0.020693,0.196183,0.022763,17,2,4066,4.666000,0.506818269,194425.544,205868.878
1,Balanced,AMOSA,209,0.430529,0.043285,0.178333,0.010251,22,0,4085,4.672000,0.489475024,180296.529,201848.317
1,Balanced,AMOSA,MEAN,0.418211,0.035459,0.182571,0.019881,,13,4090,4.584000,0.482406137,177696.600,204979.687
2,GPU_Stress,FirstAvailable,200,0.000000,1.182686,1.258163,0.000000,1,0,499,202.600000,1.875709877,27647.416,27647.416
2,GPU_Stress,FirstAvailable,201,0.000000,1.182686,1.258163,0.000000,1,0,2,202.600000,1.875709877,27647.416,27647.416
2,GPU_Stress,FirstAvailable,202,0.000000,1.182686,1.258163,0.000000,1,0,3,202.600000,1.875709877,27647.416,27647.416
2,GPU_Stress,FirstAvailable,203,0.000000,1.182686,1.258163,0.000000,1,0,3,202.600000,1.875709877,27647.416,27647.416
2,GPU_Stress,FirstAvailable,204,0.000000,1.182686,1.258163,0.000000,1,0,2,202.600000,1.875709877,27647.416,27647.416
2,GPU_Stress,FirstAvailable,205,0.000000,1.182686,1.258163,0.000000,1,0,3,202.600000,1.875709877,27647.416,27647.416
2,GPU_Stress,FirstAvailable,206,0.000000,1.182686,1.258163,0.000000,1,0,2,202.600000,1.875709877,27647.416,27647.416
2,GPU_Stress,FirstAvailable,207,0.000000,1.182686,1.258163,0.000000,1,0,3,202.600000,1.875709877,27647.416,27647.416
2,GPU_Stress,FirstAvailable,208,0.000000,1.182686,1.258163,0.000000,1,0,2,202.600000,1.875709877,27647.416,27647.416
2,GPU_Stress,FirstAvailable,209,0.000000,1.182686,1.258163,0.000000,1,0,2,202.600000,1.875709877,27647.416,27647.416
2,GPU_Stress,FirstAvailable,MEAN,0.000000,1.182686,1.258163,0.000000,,0,52,202.600000,1.875709877,27647.416,27647.416
2,GPU_Stress,ShortestQueue,200,0.000000,0.751967,0.879413,0.000000,1,0,2,13.108000,0.844423105,254312.309,254312.309
2,GPU_Stress,ShortestQueue,201,0.000000,0.751967,0.879413,0.000000,1,0,2,13.108000,0.844423105,254312.309,254312.309
2,GPU_Stress,ShortestQueue,202,0.000000,0.751967,0.879413,0.000000,1,0,1,13.108000,0.844423105,254312.309,254312.309
2,GPU_Stress,ShortestQueue,203,0.000000,0.751967,0.879413,0.000000,1,0,2,13.108000,0.844423105,254312.309,254312.309
2,GPU_Stress,ShortestQueue,204,0.000000,0.751967,0.879413,0.000000,1,0,1,13.108000,0.844423105,254312.309,254312.309
2,GPU_Stress,ShortestQueue,205,0.000000,0.751967,0.879413,0.000000,1,0,2,13.108000,0.844423105,254312.309,254312.309
2,GPU_Stress,ShortestQueue,206,0.000000,0.751967,0.879413,0.000000,1,0,2,13.108000,0.844423105,254312.309,254312.309
2,GPU_Stress,ShortestQueue,207,0.000000,0.751967,0.879413,0.000000,1,0,1,13.108000,0.844423105,254312.309,254312.309
2,GPU_Stress,ShortestQueue,208,0.000000,0.751967,0.879413,0.000000,1,0,1,13.108000,0.844423105,254312.309,254312.309
2,GPU_Stress,ShortestQueue,209,0.000000,0.751967,0.879413,0.000000,1,0,2,13.108000,0.844423105,254312.309,254312.309
2,GPU_Stress,ShortestQueue,MEAN,0.000000,0.751967,0.879413,0.000000,,0,1,13.108000,0.844423105,254312.309,254312.309
2,GPU_Stress,WorkloadAware,200,0.382069,0.000000,0.317071,0.000000,1,1,1,6.740000,0.565704194,250680.222,250680.222
2,GPU_Stress,WorkloadAware,201,0.382069,0.000000,0.317071,0.000000,1,1,2,6.740000,0.565704194,250680.222,250680.222
2,GPU_Stress,WorkloadAware,202,0.382069,0.000000,0.317071,0.000000,1,1,2,6.740000,0.565704194,250680.222,250680.222
2,GPU_Stress,WorkloadAware,203,0.382069,0.000000,0.317071,0.000000,1,1,2,6.740000,0.565704194,250680.222,250680.222
2,GPU_Stress,WorkloadAware,204,0.382069,0.000000,0.317071,0.000000,1,1,2,6.740000,0.565704194,250680.222,250680.222
2,GPU_Stress,WorkloadAware,205,0.382069,0.000000,0.317071,0.000000,1,1,2,6.740000,0.565704194,250680.222,250680.222
2,GPU_Stress,WorkloadAware,206,0.382069,0.000000,0.317071,0.000000,1,1,2,6.740000,0.565704194,250680.222,250680.222
2,GPU_Stress,WorkloadAware,207,0.382069,0.000000,0.317071,0.000000,1,1,2,6.740000,0.565704194,250680.222,250680.222
2,GPU_Stress,WorkloadAware,208,0.382069,0.000000,0.317071,0.000000,1,1,1,6.740000,0.565704194,250680.222,250680.222
2,GPU_Stress,WorkloadAware,209,0.382069,0.000000,0.317071,0.000000,1,1,2,6.740000,0.565704194,250680.222,250680.222
2,GPU_Stress,WorkloadAware,MEAN,0.382069,0.000000,0.317071,0.000000,,1,1,6.740000,0.565704194,250680.222,250680.222
2,GPU_Stress,EnergyAware,200,0.000000,0.000000,0.958719,0.000000,1,1,2,12.902000,0.278197438,55385.044,55385.044
2,GPU_Stress,EnergyAware,201,0.000000,0.000000,0.958719,0.000000,1,1,2,12.902000,0.278197438,55385.044,55385.044
2,GPU_Stress,EnergyAware,202,0.000000,0.000000,0.958719,0.000000,1,1,2,12.902000,0.278197438,55385.044,55385.044
2,GPU_Stress,EnergyAware,203,0.000000,0.000000,0.958719,0.000000,1,1,2,12.902000,0.278197438,55385.044,55385.044
2,GPU_Stress,EnergyAware,204,0.000000,0.000000,0.958719,0.000000,1,1,1,12.902000,0.278197438,55385.044,55385.044
2,GPU_Stress,EnergyAware,205,0.000000,0.000000,0.958719,0.000000,1,1,1,12.902000,0.278197438,55385.044,55385.044
2,GPU_Stress,EnergyAware,206,0.000000,0.000000,0.958719,0.000000,1,1,2,12.902000,0.278197438,55385.044,55385.044
2,GPU_Stress,EnergyAware,207,0.000000,0.000000,0.958719,0.000000,1,1,2,12.902000,0.278197438,55385.044,55385.044
2,GPU_Stress,EnergyAware,208,0.000000,0.000000,0.958719,0.000000,1,1,2,12.902000,0.278197438,55385.044,55385.044
2,GPU_Stress,EnergyAware,209,0.000000,0.000000,0.958719,0.000000,1,1,1,12.902000,0.278197438,55385.044,55385.044
2,GPU_Stress,EnergyAware,MEAN,0.000000,0.000000,0.958719,0.000000,,1,1,12.902000,0.278197438,55385.044,55385.044
2,GPU_Stress,RoundRobin,200,0.000000,0.779333,0.893763,0.000000,1,0,3,13.224000,0.861265327,267403.921,267403.921
2,GPU_Stress,RoundRobin,201,0.000000,0.779333,0.893763,0.000000,1,0,4,13.224000,0.861265327,267403.921,267403.921
2,GPU_Stress,RoundRobin,202,0.000000,0.779333,0.893763,0.000000,1,0,3,13.224000,0.861265327,267403.921,267403.921
2,GPU_Stress,RoundRobin,203,0.000000,0.779333,0.893763,0.000000,1,0,3,13.224000,0.861265327,267403.921,267403.921
2,GPU_Stress,RoundRobin,204,0.000000,0.779333,0.893763,0.000000,1,0,2,13.224000,0.861265327,267403.921,267403.921
2,GPU_Stress,RoundRobin,205,0.000000,0.779333,0.893763,0.000000,1,0,3,13.224000,0.861265327,267403.921,267403.921
2,GPU_Stress,RoundRobin,206,0.000000,0.779333,0.893763,0.000000,1,0,2,13.224000,0.861265327,267403.921,267403.921
2,GPU_Stress,RoundRobin,207,0.000000,0.779333,0.893763,0.000000,1,0,3,13.224000,0.861265327,267403.921,267403.921
2,GPU_Stress,RoundRobin,208,0.000000,0.779333,0.893763,0.000000,1,0,2,13.224000,0.861265327,267403.921,267403.921
2,GPU_Stress,RoundRobin,209,0.000000,0.779333,0.893763,0.000000,1,0,3,13.224000,0.861265327,267403.921,267403.921
2,GPU_Stress,RoundRobin,MEAN,0.000000,0.779333,0.893763,0.000000,,0,2,13.224000,0.861265327,267403.921,267403.921
2,GPU_Stress,GA_WaitingTime,200,0.000000,0.028735,0.485617,0.000000,1,0,1879,4.698000,0.883984857,286873.738,286873.738
2,GPU_Stress,GA_WaitingTime,201,0.000000,0.073323,0.511230,0.000000,1,0,1868,4.682000,0.913451201,268799.243,268799.243
2,GPU_Stress,GA_WaitingTime,202,0.000000,0.045334,0.493640,0.000000,1,0,1872,4.716000,0.894436158,299865.437,299865.437
2,GPU_Stress,GA_WaitingTime,203,0.000000,0.043798,0.495899,0.000000,1,0,1877,4.666000,0.893876687,278778.728,278778.728
2,GPU_Stress,GA_WaitingTime,204,0.000000,0.034597,0.491129,0.000000,1,0,1875,4.662000,0.888017298,267023.677,267023.677
2,GPU_Stress,GA_WaitingTime,205,0.000000,0.070945,0.510811,0.000000,1,0,1881,4.666000,0.911877452,285834.120,285834.120
2,GPU_Stress,GA_WaitingTime,206,0.000000,0.060749,0.505751,0.000000,1,0,1876,4.656000,0.905013521,291721.993,291721.993
2,GPU_Stress,GA_WaitingTime,207,0.000000,0.000000,0.473360,0.000000,1,1,1874,4.650000,0.866937836,265288.988,265288.988
2,GPU_Stress,GA_WaitingTime,208,0.000000,0.085054,0.519061,0.000000,1,0,1874,4.658000,0.921663826,301633.855,301633.855
2,GPU_Stress,GA_WaitingTime,209,0.000000,0.064537,0.506593,0.000000,1,0,1879,4.678000,0.907494491,281937.651,281937.651
2,GPU_Stress,GA_WaitingTime,MEAN,0.000000,0.050707,0.499309,0.000000,,1,1875,4.650000,0.866937836,265288.988,282775.743
2,GPU_Stress,GA_Energy,200,0.000000,0.450702,1.046810,0.000000,1,0,1897,19.644000,0.296347354,59013.018,59013.018
2,GPU_Stress,GA_Energy,201,0.000000,0.375397,1.018360,0.000000,1,0,1910,17.792000,0.307469864,47451.733,47451.733
2,GPU_Stress,GA_Energy,202,0.000000,0.434962,1.038343,0.000000,1,0,1899,19.208000,0.301457784,43190.238,43190.238
2,GPU_Stress,GA_Energy,203,0.000000,0.265627,0.991405,0.000000,1,0,1924,15.814000,0.307758460,52419.911,52419.911
2,GPU_Stress,GA_Energy,204,0.000000,0.281170,0.995978,0.000000,1,0,1942,16.062000,0.306930898,73702.850,73702.850
2,GPU_Stress,GA_Energy,205,0.000000,0.258484,0.992288,0.000000,1,0,2036,15.718000,0.305052757,56306.620,56306.620
2,GPU_Stress,GA_Energy,206,0.000000,0.336021,1.003468,0.000000,1,0,1915,16.980000,0.313139968,53995.580,53995.580
2,GPU_Stress,GA_Energy,207,0.000000,0.357756,1.016202,0.000000,1,0,1962,17.440000,0.305180392,53053.748,53053.748
2,GPU_Stress,GA_Energy,208,0.000000,0.286356,1.002222,0.000000,1,0,1944,16.168000,0.301714433,45483.222,45483.222
2,GPU_Stress,GA_Energy,209,0.000000,0.439851,1.040181,0.000000,1,0,1939,19.338000,0.300740938,61242.692,61242.692
2,GPU_Stress,GA_Energy,MEAN,0.000000,0.348633,1.014526,0.000000,,0,1936,15.718000,0.296347354,43190.238,54585.961
2,GPU_Stress,SA_WaitingTime,200,0.000000,0.188203,0.518465,0.000000,1,0,792,5.664000,0.964816674,269554.023,269554.023
2,GPU_Stress,SA_WaitingTime,201,0.000000,0.154680,0.507636,0.000000,1,0,1281,5.478000,0.945490998,229772.988,229772.988
2,GPU_Stress,SA_WaitingTime,202,0.000000,0.156010,0.528466,0.000000,1,0,802,5.200000,0.963620598,273453.534,273453.534
2,GPU_Stress,SA_WaitingTime,203,0.000000,0.113461,0.491185,0.000000,1,0,784,5.302000,0.919128354,244904.018,244904.018
2,GPU_Stress,SA_WaitingTime,204,0.000000,0.167843,0.524996,0.000000,1,0,810,5.370000,0.965482653,232110.697,232110.697
2,GPU_Stress,SA_WaitingTime,205,0.000000,0.165792,0.532579,0.000000,1,0,808,5.234000,0.970775196,248805.850,248805.850
2,GPU_Stress,SA_WaitingTime,206,0.000000,0.133935,0.505814,0.000000,1,0,817,5.310000,0.937800866,240709.804,240709.804
2,GPU_Stress,SA_WaitingTime,207,0.000000,0.131542,0.519688,0.000000,1,0,807,5.096000,0.947163973,251265.228,251265.228
2,GPU_Stress,SA_WaitingTime,208,0.000000,0.082759,0.483276,0.000000,1,0,842,5.134000,0.903443859,248518.631,248518.631
2,GPU_Stress,SA_WaitingTime,209,0.000000,0.145464,0.515372,0.000000,1,0,809,5.290000,0.949557993,260879.365,260879.365
2,GPU_Stress,SA_WaitingTime,MEAN,0.000000,0.143969,0.512748,0.000000,,0,855,5.096000,0.903443859,229772.988,249997.414
2,GPU_Stress,SA_Energy,200,0.115409,0.108907,0.820523,0.000000,1,0,938,11.872000,0.322577378,87519.784,87519.784
2,GPU_Stress,SA_Energy,201,0.274887,0.018074,0.739330,0.000000,1,0,892,10.546000,0.300096019,42077.559,42077.559
2,GPU_Stress,SA_Energy,202,0.120616,0.096471,0.845622,0.000000,1,0,902,11.872000,0.298018046,48488.993,48488.993
2,GPU_Stress,SA_Energy,203,0.171091,0.055840,0.784810,0.000000,1,0,902,11.392000,0.316467581,80441.488,80441.488
2,GPU_Stress,SA_Energy,204,0.115234,0.102015,0.849674,0.000000,1,0,882,11.918000,0.297994447,53576.733,53576.733
2,GPU_Stress,SA_Energy,205,0.309996,0.046150,0.680274,0.000000,1,0,814,10.112000,0.327134565,81032.411,81032.411
2,GPU_Stress,SA_Energy,206,0.228102,0.030372,0.756271,0.000000,1,0,853,10.920000,0.307814463,75412.023,75412.023
2,GPU_Stress,SA_Energy,207,0.249259,0.002845,0.763225,0.000000,1,0,826,10.790000,0.293560580,45529.927,45529.927
2,GPU_Stress,SA_Energy,208,0.251685,0.000000,0.763578,0.000000,1,1,851,10.774000,0.292334463,36347.870,36347.870
2,GPU_Stress,SA_Energy,209,0.260655,0.055781,0.710936,0.000000,1,0,833,10.562000,0.325768160,86105.411,86105.411
2,GPU_Stress,SA_Energy,MEAN,0.209693,0.051646,0.771424,0.000000,,1,869,10.112000,0.292334463,36347.870,63653.220
2,GPU_Stress,GA_WaitingTime_Dominance,200,0.329929,0.023808,0.170380,0.032678,20,0,2031,4.698000,0.646290373,223428.947,266521.472
2,GPU_Stress,GA_WaitingTime_Dominance,201,0.353151,0.037610,0.176180,0.033219,22,0,1917,4.682000,0.646290373,241022.023,264256.487
2,GPU_Stress,GA_WaitingTime_Dominance,202,0.339292,0.028087,0.171278,0.031162,21,2,1907,4.716000,0.646290373,219437.279,262926.266
2,GPU_Stress,GA_WaitingTime_Dominance,203,0.340273,0.030875,0.169052,0.014185,31,1,2024,4.666000,0.646290373,213105.284,263098.239
2,GPU_Stress,GA_WaitingTime_Dominance,204,0.335608,0.028257,0.169487,0.020323,30,1,1970,4.662000,0.646290373,224326.733,255802.987
2,GPU_Stress,GA_WaitingTime_Dominance,205,0.361046,0.031174,0.164488,0.008029,35,0,1966,4.666000,0.646290373,228050.590,256991.543
2,GPU_Stress,GA_WaitingTime_Dominance,206,0.358315,0.034574,0.162457,0.012001,26,0,1904,4.656000,0.641113406,214924.370,262869.155
2,GPU_Stress,GA_WaitingTime_Dominance,207,0.314331,0.021291,0.168622,0.018805,28,13,1924,4.650000,0.646290373,228411.182,259047.535
2,GPU_Stress,GA_WaitingTime_Dominance,208,0.371452,0.032552,0.162139,0.012330,33,0,1900,4.658000,0.646290373,210458.758,261717.808
2,GPU_Stress,GA_WaitingTime_Dominance,209,0.339259,0.058438,0.186563,0.034129,25,0,1888,4.678000,0.646290373,222784.819,269117.377
2,GPU_Stress,GA_WaitingTime_Dominance,MEAN,0.344266,0.032667,0.170064,0.021686,,17,1943,4.650000,0.641113406,210458.758,261781.970
2,GPU_Stress,GA_Energy_Dominance,200,0.605217,0.197170,0.156643,0.009631,71,0,1999,7.314000,0.296347354,51535.881,142057.384
2,GPU_Stress,GA_Energy_Dominance,201,0.584409,0.181445,0.140886,0.017552,62,0,1981,7.112000,0.307469864,47451.733,137102.019
2,GPU_Stress,GA_Energy_Dominance,202,0.598057,0.202857,0.140715,0.018029,62,0,1953,7.204000,0.301457784,43190.238,139048.631
2,GPU_Stress,GA_Energy_Dominance,203,0.509279,0.172988,0.197156,0.010801,60,0,1978,7.468000,0.307758460,52419.911,138160.158
2,GPU_Stress,GA_Energy_Dominance,204,0.514912,0.182379,0.186608,0.017003,53,0,1980,7.506000,0.306733356,57442.095,146318.765
2,GPU_Stress,GA_Energy_Dominance,205,0.557507,0.147874,0.159239,0.011187,63,0,1955,7.274000,0.304894553,56306.620,150347.924
2,GPU_Stress,GA_Energy_Dominance,206,0.551183,0.169243,0.170847,0.010407,75,0,1964,7.326000,0.313139968,54824.069,147343.537
2,GPU_Stress,GA_Energy_Dominance,207,0.565639,0.165816,0.167014,0.014862,59,0,1985,7.458000,0.305180392,52383.529,152554.559
2,GPU_Stress,GA_Energy_Dominance,208,0.541617,0.153842,0.157982,0.010905,50,0,1950,7.230000,0.301714433,45120.636,145335.164
2,GPU_Stress,GA_Energy_Dominance,209,0.600237,0.190125,0.158803,0.013444,49,0,1955,7.530000,0.300740938,53135.677,139734.482
2,GPU_Stress,GA_Energy_Dominance,MEAN,0.562806,0.176374,0.163589,0.013382,,0,1970,7.112000,0.296347354,43190.238,143856.076
2,GPU_Stress,SA_WaitingTime_Dominance,200,0.341662,0.072300,0.197204,0.020801,19,0,1280,5.260000,0.643891053,229230.080,246455.761
2,GPU_Stress,SA_WaitingTime_Dominance,201,0.341200,0.040850,0.183061,0.045382,34,0,814,5.332000,0.640844923,223502.294,244670.772
2,GPU_Stress,SA_WaitingTime_Dominance,202,0.355819,0.057350,0.183982,0.014393,44,0,811,4.684000,0.642717867,227136.855,247486.545
2,GPU_Stress,SA_WaitingTime_Dominance,203,0.346392,0.044993,0.178981,0.030464,40,0,833,5.108000,0.640300917,224773.345,242224.054
2,GPU_Stress,SA_WaitingTime_Dominance,204,0.369035,0.050194,0.172617,0.012359,58,0,849,5.070000,0.640300917,220284.631,237666.907
2,GPU_Stress,SA_WaitingTime_Dominance,205,0.365103,0.069551,0.187389,0.015593,31,0,813,4.932000,0.641349072,220342.855,247493.300
2,GPU_Stress,SA_WaitingTime_Dominance,206,0.341244,0.060864,0.185343,0.020894,44,0,829,5.250000,0.639502323,224990.345,250570.405
2,GPU_Stress,SA_WaitingTime_Dominance,207,0.329923,0.080863,0.190309,0.005060,25,0,817,5.048000,0.641349072,228101.248,245418.761
2,GPU_Stress,SA_WaitingTime_Dominance,208,0.333113,0.076513,0.188946,0.016052,36,0,820,4.818000,0.639502323,228828.620,245885.103
2,GPU_Stress,SA_WaitingTime_Dominance,209,0.374424,0.120726,0.192492,0.014683,46,0,842,4.848000,0.640300917,226375.804,247275.250
2,GPU_Stress,SA_WaitingTime_Dominance,MEAN,0.349791,0.067420,0.186032,0.019568,,0,870,4.684000,0.639502323,220284.631,245187.729
2,GPU_Stress,SA_Energy_Dominance,200,0.672988,0.254888,0.163124,0.182729,11,0,844,7.396000,0.307542034,59948.763,126470.175
2,GPU_Stress,SA_Energy_Dominance,201,0.631663,0.132204,0.165385,0.002753,23,2,868,7.334000,0.290595510,37453.044,157432.771
2,GPU_Stress,SA_Energy_Dominance,202,0.631492,0.172526,0.191581,0.100714,27,0,876,7.522000,0.296250130,46000.906,154611.679
2,GPU_Stress,SA_Energy_Dominance,203,0.655192,0.235044,0.197014,0.188334,9,0,862,7.548000,0.296232885,39486.212,113739.727
2,GPU_Stress,SA_Energy_Dominance,204,0.636979,0.137706,0.184140,0.147456,17,0,874,7.380000,0.330895641,99769.738,167233.466
2,GPU_Stress,SA_Energy_Dominance,205,0.626797,0.189521,0.195715,0.091151,29,0,892,7.468000,0.309133108,57231.411,162804.780
2,GPU_Stress,SA_Energy_Dominance,206,0.644471,0.210154,0.203517,0.169567,12,1,845,7.426000,0.301617624,50016.590,117479.014
2,GPU_Stress,SA_Energy_Dominance,207,0.626135,0.159581,0.185010,0.124265,19,0,882,7.416000,0.308341118,40383.049,154315.830
2,GPU_Stress,SA_Energy_Dominance,208,0.657603,0.183458,0.171400,0.190460,9,1,861,7.520000,0.292314651,37838.819,128207.283
2,GPU_Stress,SA_Energy_Dominance,209,0.625755,0.147035,0.202890,0.138112,16,1,868,7.448000,0.294897488,36309.932,133444.729
2,GPU_Stress,SA_Energy_Dominance,MEAN,0.640907,0.182212,0.185978,0.133554,,5,867,7.334000,0.290595510,36309.932,147760.906
2,GPU_Stress,NSGA-II,200,0.477573,0.040304,0.068631,0.010887,60,1,2675,5.818000,0.480394058,173927.013,223937.801
2,GPU_Stress,NSGA-II,201,0.493487,0.047287,0.065367,0.015676,49,2,2651,5.848000,0.455818113,156330.503,215806.626
2,GPU_Stress,NSGA-II,202,0.475773,0.036272,0.076900,0.008716,63,0,2673,5.846000,0.474163397,175614.794,219236.377
2,GPU_Stress,NSGA-II,203,0.484953,0.044020,0.063138,0.016486,69,0,2675,5.594000,0.462532809,161944.192,216340.205
2,GPU_Stress,NSGA-II,204,0.474626,0.032096,0.070622,0.007912,63,0,2668,5.720000,0.483656745,167746.947,219913.939
2,GPU_Stress,NSGA-II,205,0.480796,0.049963,0.068825,0.016450,56,3,2667,5.864000,0.467098007,166138.309,213382.010
2,GPU_Stress,NSGA-II,206,0.489649,0.062445,0.064012,0.009600,71,0,2673,5.744000,0.464452333,135696.049,211124.625
2,GPU_Stress,NSGA-II,207,0.478924,0.043217,0.068212,0.013134,51,0,2661,5.676000,0.477217474,155749.539,211595.533
2,GPU_Stress,NSGA-II,208,0.501596,0.040950,0.056252,0.016722,68,11,2636,5.694000,0.449547788,153154.569,212442.250
2,GPU_Stress,NSGA-II,209,0.485186,0.043031,0.066794,0.009769,67,0,2667,5.760000,0.461259378,158322.309,215464.950
2,GPU_Stress,NSGA-II,MEAN,0.484256,0.043959,0.066875,0.012535,,17,2664,5.594000,0.449547788,135696.049,215911.790
2,GPU_Stress,SPEA-II,200,0.486546,0.025485,0.061953,0.013732,60,5,3263,5.716000,0.477494397,171213.677,220683.692
2,GPU_Stress,SPEA-II,201,0.484781,0.044428,0.069150,0.016628,73,0,3276,5.716000,0.468374370,150258.733,222170.303
2,GPU_Stress,SPEA-II,202,0.482202,0.044013,0.067882,0.012174,63,0,3277,5.816000,0.450492410,152872.483,216236.915
2,GPU_Stress,SPEA-II,203,0.473215,0.039576,0.062497,0.018361,63,1,3280,5.618000,0.480704518,163088.697,213887.135
2,GPU_Stress,SPEA-II,204,0.496207,0.052889,0.057291,0.012899,71,1,3281,5.736000,0.446578248,150882.034,208943.554
2,GPU_Stress,SPEA-II,205,0.471661,0.037303,0.066623,0.015343,53,2,3252,5.730000,0.494262975,171465.972,222762.920
2,GPU_Stress,SPEA-II,206,0.491485,0.019363,0.053522,0.011076,63,16,3268,5.580000,0.480653662,161059.263,222448.294
2,GPU_Stress,SPEA-II,207,0.485369,0.027671,0.058016,0.008931,63,3,3275,5.430000,0.480415210,171689.564,217462.646
2,GPU_Stress,SPEA-II,208,0.480785,0.025035,0.068078,0.009201,57,0,3250,5.792000,0.483432549,159786.355,218666.452
2,GPU_Stress,SPEA-II,209,0.483570,0.015971,0.064040,0.008478,64,12,3244,5.702000,0.494571197,173088.110,217698.068
2,GPU_Stress,SPEA-II,MEAN,0.483582,0.033173,0.062905,0.012682,,40,3266,5.430000,0.446578248,150258.733,217951.983
2,GPU_Stress,AMOSA,200,0.354613,0.017376,0.159681,0.007019,37,0,4159,5.718000,0.615718432,218929.697,236476.135
2,GPU_Stress,AMOSA,201,0.340278,0.032965,0.159423,0.017569,24,0,4173,5.974000,0.619407314,186471.003,230622.557
2,GPU_Stress,AMOSA,202,0.362715,0.040704,0.129810,0.010032,38,0,4157,5.826000,0.599100795,187975.498,230567.012
2,GPU_Stress,AMOSA,203,0.357318,0.050627,0.131914,0.017574,37,0,4174,5.968000,0.602957431,184272.595,221495.676
2,GPU_Stress,AMOSA,204,0.371323,0.042668,0.134271,0.014032,33,0,4144,5.954000,0.588624970,197169.952,229245.966
2,GPU_Stress,AMOSA,205,0.370455,0.049187,0.136711,0.012182,31,0,4133,6.000000,0.588030797,191068.508,221407.247
2,GPU_Stress,AMOSA,206,0.360530,0.026040,0.150323,0.008533,30,0,4133,5.882000,0.606239359,214563.656,238651.645
2,GPU_Stress,AMOSA,207,0.349113,0.053425,0.144631,0.012620,26,0,4143,5.966000,0.611311018,198893.289,232372.197
2,GPU_Stress,AMOSA,208,0.334972,0.018344,0.157104,0.022449,30,0,4133,5.754000,0.630466491,207826.641,230695.126
2,GPU_Stress,AMOSA,209,0.373964,0.068772,0.147046,0.017055,31,1,4143,5.922000,0.583188935,203223.835,226583.226
2,GPU_Stress,AMOSA,MEAN,0.357528,0.040011,0.145091,0.013907,,1,4149,5.718000,0.583188935,184272.595,229704.564
3,CPU_Stress,FirstAvailable,200,0.000000,1.193484,1.285148,0.000000,1,0,498,202.600000,1.254080247,27647.416,27647.416
3,CPU_Stress,FirstAvailable,201,0.000000,1.193484,1.285148,0.000000,1,0,2,202.600000,1.254080247,27647.416,27647.416
3,CPU_Stress,FirstAvailable,202,0.000000,1.193484,1.285148,0.000000,1,0,2,202.600000,1.254080247,27647.416,27647.416
3,CPU_Stress,FirstAvailable,203,0.000000,1.193484,1.285148,0.000000,1,0,2,202.600000,1.254080247,27647.416,27647.416
3,CPU_Stress,FirstAvailable,204,0.000000,1.193484,1.285148,0.000000,1,0,2,202.600000,1.254080247,27647.416,27647.416
3,CPU_Stress,FirstAvailable,205,0.000000,1.193484,1.285148,0.000000,1,0,2,202.600000,1.254080247,27647.416,27647.416
3,CPU_Stress,FirstAvailable,206,0.000000,1.193484,1.285148,0.000000,1,0,2,202.600000,1.254080247,27647.416,27647.416
3,CPU_Stress,FirstAvailable,207,0.000000,1.193484,1.285148,0.000000,1,0,2,202.600000,1.254080247,27647.416,27647.416
3,CPU_Stress,FirstAvailable,208,0.000000,1.193484,1.285148,0.000000,1,0,2,202.600000,1.254080247,27647.416,27647.416
3,CPU_Stress,FirstAvailable,209,0.000000,1.193484,1.285148,0.000000,1,0,2,202.600000,1.254080247,27647.416,27647.416
3,CPU_Stress,FirstAvailable,MEAN,0.000000,1.193484,1.285148,0.000000,,0,51,202.600000,1.254080247,27647.416,27647.416
3,CPU_Stress,ShortestQueue,200,0.000000,0.656423,0.752844,0.000000,1,0,2,11.600000,0.547591531,196669.636,196669.636
3,CPU_Stress,ShortestQueue,201,0.000000,0.656423,0.752844,0.000000,1,0,2,11.600000,0.547591531,196669.636,196669.636
3,CPU_Stress,ShortestQueue,202,0.000000,0.656423,0.752844,0.000000,1,0,2,11.600000,0.547591531,196669.636,196669.636
3,CPU_Stress,ShortestQueue,203,0.000000,0.656423,0.752844,0.000000,1,0,1,11.600000,0.547591531,196669.636,196669.636
3,CPU_Stress,ShortestQueue,204,0.000000,0.656423,0.752844,0.000000,1,0,2,11.600000,0.547591531,196669.636,196669.636
3,CPU_Stress,ShortestQueue,205,0.000000,0.656423,0.752844,0.000000,1,0,2,11.600000,0.547591531,196669.636,196669.636
3,CPU_Stress,ShortestQueue,206,0.000000,0.656423,0.752844,0.000000,1,0,1,11.600000,0.547591531,196669.636,196669.636
3,CPU_Stress,ShortestQueue,207,0.000000,0.656423,0.752844,0.000000,1,0,2,11.600000,0.547591531,196669.636,196669.636
3,CPU_Stress,ShortestQueue,208,0.000000,0.656423,0.752844,0.000000,1,0,2,11.600000,0.547591531,196669.636,196669.636
3,CPU_Stress,ShortestQueue,209,0.000000,0.656423,0.752844,0.000000,1,0,1,11.600000,0.547591531,196669.636,196669.636
3,CPU_Stress,ShortestQueue,MEAN,0.000000,0.656423,0.752844,0.000000,,0,1,11.600000,0.547591531,196669.636,196669.636
3,CPU_Stress,WorkloadAware,200,0.399794,0.000000,0.227052,0.000000,1,1,2,5.432000,0.378292315,198130.656,198130.656
3,CPU_Stress,WorkloadAware,201,0.399794,0.000000,0.227052,0.000000,1,1,2,5.432000,0.378292315,198130.656,198130.656
3,CPU_Stress,WorkloadAware,202,0.399794,0.000000,0.227052,0.000000,1,1,1,5.432000,0.378292315,198130.656,198130.656
3,CPU_Stress,WorkloadAware,203,0.399794,0.000000,0.227052,0.000000,1,1,2,5.432000,0.378292315,198130.656,198130.656
3,CPU_Stress,WorkloadAware,204,0.399794,0.000000,0.227052,0.000000,1,1,2,5.432000,0.378292315,198130.656,198130.656
3,CPU_Stress,WorkloadAware,205,0.399794,0.000000,0.227052,0.000000,1,1,1,5.432000,0.378292315,198130.656,198130.656
3,CPU_Stress,WorkloadAware,206,0.399794,0.000000,0.227052,0.000000,1,1,2,5.432000,0.378292315,198130.656,198130.656
3,CPU_Stress,WorkloadAware,207,0.399794,0.000000,0.227052,0.000000,1,1,1,5.432000,0.378292315,198130.656,198130.656
3,CPU_Stress,WorkloadAware,208,0.399794,0.000000,0.227052,0.000000,1,1,2,5.432000,0.378292315,198130.656,198130.656
3,CPU_Stress,WorkloadAware,209,0.399794,0.000000,0.227052,0.000000,1,1,2,5.432000,0.378292315,198130.656,198130.656
3,CPU_Stress,WorkloadAware,MEAN,0.399794,0.000000,0.227052,0.000000,,1,1,5.432000,0.378292315,198130.656,198130.656
3,CPU_Stress,EnergyAware,200,0.528206,0.000000,0.388438,0.000000,1,1,1,7.560000,0.264758551,73488.988,73488.988
3,CPU_Stress,EnergyAware,201,0.528206,0.000000,0.388438,0.000000,1,1,2,7.560000,0.264758551,73488.988,73488.988
3,CPU_Stress,EnergyAware,202,0.528206,0.000000,0.388438,0.000000,1,1,1,7.560000,0.264758551,73488.988,73488.988
3,CPU_Stress,EnergyAware,203,0.528206,0.000000,0.388438,0.000000,1,1,2,7.560000,0.264758551,73488.988,73488.988
3,CPU_Stress,EnergyAware,204,0.528206,0.000000,0.388438,0.000000,1,1,1,7.560000,0.264758551,73488.988,73488.988
3,CPU_Stress,EnergyAware,205,0.528206,0.000000,0.388438,0.000000,1,1,2,7.560000,0.264758551,73488.988,73488.988
3,CPU_Stress,EnergyAware,206,0.528206,0.000000,0.388438,0.000000,1,1,1,7.560000,0.264758551,73488.988,73488.988
3,CPU_Stress,EnergyAware,207,0.528206,0.000000,0.388438,0.000000,1,1,2,7.560000,0.264758551,73488.988,73488.988
3,CPU_Stress,EnergyAware,208,0.528206,0.000000,0.388438,0.000000,1,1,2,7.560000,0.264758551,73488.988,73488.988
3,CPU_Stress,EnergyAware,209,0.528206,0.000000,0.388438,0.000000,1,1,2,7.560000,0.264758551,73488.988,73488.988
3,CPU_Stress,EnergyAware,MEAN,0.528206,0.000000,0.388438,0.000000,,1,1,7.560000,0.264758551,73488.988,73488.988
3,CPU_Stress,RoundRobin,200,0.000000,0.816514,0.885040,0.000000,1,0,2,13.224000,0.581275975,197966.508,197966.508
3,CPU_Stress,RoundRobin,201,0.000000,0.816514,0.885040,0.000000,1,0,2,13.224000,0.581275975,197966.508,197966.508
3,CPU_Stress,RoundRobin,202,0.000000,0.816514,0.885040,0.000000,1,0,3,13.224000,0.581275975,197966.508,197966.508
3,CPU_Stress,RoundRobin,203,0.000000,0.816514,0.885040,0.000000,1,0,2,13.224000,0.581275975,197966.508,197966.508
3,CPU_Stress,RoundRobin,204,0.000000,0.816514,0.885040,0.000000,1,0,3,13.224000,0.581275975,197966.508,197966.508
3,CPU_Stress,RoundRobin,205,0.000000,0.816514,0.885040,0.000000,1,0,2,13.224000,0.581275975,197966.508,197966.508
3,CPU_Stress,RoundRobin,206,0.000000,0.816514,0.885040,0.000000,1,0,2,13.224000,0.581275975,197966.508,197966.508
3,CPU_Stress,RoundRobin,207,0.000000,0.816514,0.885040,0.000000,1,0,3,13.224000,0.581275975,197966.508,197966.508
3,CPU_Stress,RoundRobin,208,0.000000,0.816514,0.885040,0.000000,1,0,2,13.224000,0.581275975,197966.508,197966.508
3,CPU_Stress,RoundRobin,209,0.000000,0.816514,0.885040,0.000000,1,0,2,13.224000,0.581275975,197966.508,197966.508
3,CPU_Stress,RoundRobin,MEAN,0.000000,0.816514,0.885040,0.000000,,0,2,13.224000,0.581275975,197966.508,197966.508
3,CPU_Stress,GA_WaitingTime,200,0.079638,0.009784,0.426878,0.000000,1,0,1819,4.646000,0.512929456,198929.187,198929.187
3,CPU_Stress,GA_WaitingTime,201,0.045599,0.016945,0.458547,0.000000,1,0,1819,4.626000,0.525973707,225648.197,225648.197
3,CPU_Stress,GA_WaitingTime,202,0.070920,0.000000,0.435695,0.000000,1,1,1806,4.606000,0.516364187,201689.258,201689.258
3,CPU_Stress,GA_WaitingTime,203,0.062911,0.001068,0.442769,0.000000,1,0,1808,4.610000,0.519405139,208522.687,208522.687
3,CPU_Stress,GA_WaitingTime,204,0.088326,0.001451,0.420011,0.000000,1,0,1813,4.622000,0.509684945,201635.396,201635.396
3,CPU_Stress,GA_WaitingTime,205,0.075374,0.004580,0.431563,0.000000,1,0,1809,4.614000,0.514646284,210376.605,210376.605
3,CPU_Stress,GA_WaitingTime,206,0.089513,0.000000,0.419298,0.000000,1,1,1808,4.612000,0.509264606,198684.972,198684.972
3,CPU_Stress,GA_WaitingTime,207,0.000000,0.000000,0.502310,0.000000,1,1,1802,4.590000,0.543370878,197018.238,197018.238
3,CPU_Stress,GA_WaitingTime,208,0.065408,0.004048,0.439575,0.000000,1,0,1804,4.644000,0.518373821,198938.697,198938.697
3,CPU_Stress,GA_WaitingTime,209,0.062463,0.000000,0.443466,0.000000,1,1,1813,4.600000,0.519598054,191642.483,191642.483
3,CPU_Stress,GA_WaitingTime,MEAN,0.064015,0.003788,0.442011,0.000000,,4,1810,4.590000,0.509264606,191642.483,203308.572
3,CPU_Stress,GA_Energy,200,0.041505,0.056933,0.950967,0.000000,1,0,1920,14.766000,0.181481817,40289.768,40289.768
3,CPU_Stress,GA_Energy,201,0.039080,0.050174,0.955948,0.000000,1,0,1897,14.796000,0.179071354,44356.069,44356.069
3,CPU_Stress,GA_Energy,202,0.087043,0.089720,0.917113,0.000000,1,0,1905,14.264000,0.178826723,45158.860,45158.860
3,CPU_Stress,GA_Energy,203,0.056346,0.067434,0.938529,0.000000,1,0,1918,14.600000,0.181534124,44766.370,44766.370
3,CPU_Stress,GA_Energy,204,0.113917,0.108965,0.905617,0.000000,1,0,1908,13.988000,0.172298041,47994.539,47994.539
3,CPU_Stress,GA_Energy,205,0.074655,0.080631,0.925031,0.000000,1,0,1934,14.398000,0.180354330,46619.779,46619.779
3,CPU_Stress,GA_Energy,206,0.070160,0.068482,0.936372,0.000000,1,0,1914,14.460000,0.174741951,44040.478,44040.478
3,CPU_Stress,GA_Energy,207,0.108183,0.110520,0.899534,0.000000,1,0,1889,14.028000,0.179247787,41806.993,41806.993
3,CPU_Stress,GA_Energy,208,0.087771,0.093534,0.913408,0.000000,1,0,1929,14.250000,0.181028318,42413.493,42413.493
3,CPU_Stress,GA_Energy,209,0.102018,0.106440,0.902355,0.000000,1,0,1924,14.092000,0.180688229,48826.314,48826.314
3,CPU_Stress,GA_Energy,MEAN,0.078068,0.083283,0.924488,0.000000,,0,1913,13.988000,0.172298041,40289.768,44627.266
3,CPU_Stress,SA_WaitingTime,200,0.003077,0.073196,0.490863,0.000000,1,0,803,5.368000,0.542108455,201373.952,201373.952
3,CPU_Stress,SA_WaitingTime,201,0.000000,0.110642,0.519567,0.000000,1,0,799,5.638000,0.563551855,206832.636,206832.636
3,CPU_Stress,SA_WaitingTime,202,0.000000,0.132349,0.534688,0.000000,1,0,793,5.714000,0.576312545,191305.253,191305.253
3,CPU_Stress,SA_WaitingTime,203,0.000000,0.102164,0.528358,0.000000,1,0,780,5.406000,0.570893061,181226.141,181226.141
3,CPU_Stress,SA_WaitingTime,204,0.001403,0.067686,0.492694,0.000000,1,0,764,5.310000,0.542798747,187504.197,187504.197
3,CPU_Stress,SA_WaitingTime,205,0.000000,0.063436,0.500582,0.000000,1,0,766,5.252000,0.548133403,193232.386,193232.386
3,CPU_Stress,SA_WaitingTime,206,0.000000,0.068529,0.516190,0.000000,1,0,772,5.168000,0.559947896,175062.845,175062.845
3,CPU_Stress,SA_WaitingTime,207,0.000000,0.137713,0.552593,0.000000,1,0,798,5.410000,0.592357500,220273.677,220273.677
3,CPU_Stress,SA_WaitingTime,208,0.070702,0.207017,0.437427,0.000000,1,0,817,6.824000,0.509342928,186464.452,186464.452
3,CPU_Stress,SA_WaitingTime,209,0.000000,0.097955,0.530850,0.000000,1,0,779,5.302000,0.572666362,176828.758,176828.758
3,CPU_Stress,SA_WaitingTime,MEAN,0.007518,0.106069,0.510381,0.000000,,0,787,5.168000,0.509342928,175062.845,192010.430
3,CPU_Stress,SA_Energy,200,0.455133,0.096163,0.569572,0.000000,1,0,836,9.670000,0.212197659,76455.534,76455.534
3,CPU_Stress,SA_Energy,201,0.449503,0.065667,0.618329,0.000000,1,0,844,10.028000,0.193784367,66661.830,66661.830
3,CPU_Stress,SA_Energy,202,0.000000,0.121376,0.985475,0.000000,1,0,823,16.292000,0.193783287,45457.080,45457.080
3,CPU_Stress,SA_Energy,203,0.418058,0.081408,0.634571,0.000000,1,0,837,10.370000,0.195360283,50932.432,50932.432
3,CPU_Stress,SA_Energy,204,0.475031,0.072857,0.577147,0.000000,1,0,844,9.564000,0.204185181,77421.268,77421.268
3,CPU_Stress,SA_Energy,205,0.494416,0.041152,0.606198,0.000000,1,0,844,9.598000,0.188212810,66539.238,66539.238
3,CPU_Stress,SA_Energy,206,0.531544,0.023309,0.588860,0.000000,1,0,842,9.186000,0.187570267,48657.513,48657.513
3,CPU_Stress,SA_Energy,207,0.474312,0.094710,0.551726,0.000000,1,0,860,9.394000,0.214563982,89015.442,89015.442
3,CPU_Stress,SA_Energy,208,0.525865,0.019190,0.595185,0.000000,1,0,863,9.274000,0.186170633,59635.406,59635.406
3,CPU_Stress,SA_Energy,209,0.433743,0.061498,0.643264,0.000000,1,0,877,10.298000,0.187574448,47408.447,47408.447
3,CPU_Stress,SA_Energy,MEAN,0.425761,0.067733,0.637032,0.000000,,0,847,9.186000,0.186170633,45457.080,62818.419
3,CPU_Stress,GA_WaitingTime_Dominance,200,0.315211,0.022048,0.215362,0.007733,23,0,1853,4.646000,0.418584141,193054.447,203265.029
3,CPU_Stress,GA_WaitingTime_Dominance,201,0.309216,0.022266,0.217530,0.020811,20,0,1837,4.626000,0.419999660,197410.932,204434.768
3,CPU_Stress,GA_WaitingTime_Dominance,202,0.290868,0.015278,0.234683,0.005785,25,1,1832,4.606000,0.429189389,198333.610,209189.489
3,CPU_Stress,GA_WaitingTime_Dominance,203,0.311175,0.028635,0.216683,0.015792,30,0,1835,4.610000,0.418706415,188603.906,204079.268
3,CPU_Stress,GA_WaitingTime_Dominance,204,0.301337,0.010890,0.227278,0.009263,20,8,1835,4.622000,0.425560988,189162.095,201413.682
3,CPU_Stress,GA_WaitingTime_Dominance,205,0.297096,0.011088,0.225192,0.013738,31,2,1835,4.614000,0.427166671,190774.595,207304.882
3,CPU_Stress,GA_WaitingTime_Dominance,206,0.321416,0.014921,0.209527,0.014735,30,2,1836,4.612000,0.416324794,184784.003,199892.514
3,CPU_Stress,GA_WaitingTime_Dominance,207,0.294092,0.016268,0.230685,0.006325,33,4,1829,4.590000,0.427908185,191292.569,204226.909
3,CPU_Stress,GA_WaitingTime_Dominance,208,0.284813,0.012886,0.239595,0.006272,25,1,1833,4.644000,0.431647577,186598.916,203104.275
3,CPU_Stress,GA_WaitingTime_Dominance,209,0.284909,0.016604,0.240127,0.005951,28,3,1842,4.600000,0.431647577,189070.284,199926.383
3,CPU_Stress,GA_WaitingTime_Dominance,MEAN,0.301013,0.017088,0.225666,0.010641,,21,1836,4.590000,0.416324794,184784.003,203707.322
3,CPU_Stress,GA_Energy_Dominance,200,0.698688,0.136051,0.128141,0.019411,66,0,2002,5.592000,0.181481817,40289.768,85960.355
3,CPU_Stress,GA_Energy_Dominance,201,0.697717,0.137006,0.115169,0.011229,62,0,2030,5.544000,0.179071354,41665.493,83681.511
3,CPU_Stress,GA_Energy_Dominance,202,0.706188,0.136121,0.131541,0.013800,70,0,2013,5.592000,0.178826723,41261.921,83341.501
3,CPU_Stress,GA_Energy_Dominance,203,0.693817,0.137158,0.132431,0.023158,54,0,1994,5.592000,0.181534124,44766.370,84023.370
3,CPU_Stress,GA_Energy_Dominance,204,0.705046,0.136417,0.133227,0.019247,58,0,1973,5.592000,0.172298041,37959.957,79667.263
3,CPU_Stress,GA_Energy_Dominance,205,0.719232,0.105891,0.094629,0.008906,88,0,2023,5.530000,0.180354330,44254.136,91995.630
3,CPU_Stress,GA_Energy_Dominance,206,0.697924,0.138003,0.118354,0.010127,61,0,1982,5.554000,0.174741951,39476.309,88935.480
3,CPU_Stress,GA_Energy_Dominance,207,0.686465,0.145862,0.114861,0.013242,55,0,1947,5.570000,0.179247787,41806.993,84603.707
3,CPU_Stress,GA_Energy_Dominance,208,0.695172,0.128539,0.133381,0.014887,57,0,1984,5.592000,0.181028318,42413.493,86119.772
3,CPU_Stress,GA_Energy_Dominance,209,0.694884,0.141045,0.131232,0.013005,64,0,1983,5.592000,0.180405982,46269.396,82044.317
3,CPU_Stress,GA_Energy_Dominance,MEAN,0.699513,0.134209,0.123297,0.014701,,0,1993,5.530000,0.172298041,37959.957,85333.941
3,CPU_Stress,SA_WaitingTime_Dominance,200,0.286343,0.021477,0.240772,0.045101,26,0,821,4.860000,0.427454958,197062.136,203630.171
3,CPU_Stress,SA_WaitingTime_Dominance,201,0.280497,0.023926,0.244449,0.046234,14,0,793,5.098000,0.429638995,165665.559,200900.906
3,CPU_Stress,SA_WaitingTime_Dominance,202,0.281654,0.027115,0.243645,0.045522,21,0,811,5.174000,0.428464471,197809.268,207385.398
3,CPU_Stress,SA_WaitingTime_Dominance,203,0.284021,0.042953,0.240971,0.016770,30,0,836,4.990000,0.428075072,179926.876,203518.748
3,CPU_Stress,SA_WaitingTime_Dominance,204,0.284145,0.028196,0.242434,0.075844,9,0,829,5.070000,0.426706276,197999.370,201632.092
3,CPU_Stress,SA_WaitingTime_Dominance,205,0.283666,0.026110,0.241384,0.055829,16,0,808,4.788000,0.428075072,193460.626,200643.712
3,CPU_Stress,SA_WaitingTime_Dominance,206,0.285704,0.025117,0.239969,0.046601,20,0,842,4.826000,0.427571347,196439.753,205468.447
3,CPU_Stress,SA_WaitingTime_Dominance,207,0.282396,0.023910,0.242647,0.042292,25,0,824,4.792000,0.429069437,198130.656,201828.729
3,CPU_Stress,SA_WaitingTime_Dominance,208,0.292709,0.023306,0.236025,0.057382,14,0,817,4.952000,0.424859527,196969.656,200655.952
3,CPU_Stress,SA_WaitingTime_Dominance,209,0.312313,0.023414,0.232759,0.044317,28,0,822,4.834000,0.426735382,198082.610,202159.848
3,CPU_Stress,SA_WaitingTime_Dominance,MEAN,0.287345,0.026552,0.240505,0.047589,,0,820,4.788000,0.424859527,165665.559,203012.554
3,CPU_Stress,SA_Energy_Dominance,200,0.722120,0.104337,0.127678,0.073153,28,1,862,5.530000,0.178224688,49662.819,106285.243
3,CPU_Stress,SA_Energy_Dominance,201,0.707258,0.094283,0.128674,0.094426,21,1,846,5.558000,0.176944521,37057.018,110030.151
3,CPU_Stress,SA_Energy_Dominance,202,0.690337,0.149051,0.112567,0.006089,49,0,917,5.534000,0.175502163,45446.794,117150.428
3,CPU_Stress,SA_Energy_Dominance,203,0.704693,0.100858,0.113370,0.087616,17,2,836,5.530000,0.191829762,54755.911,94316.512
3,CPU_Stress,SA_Energy_Dominance,204,0.714350,0.133558,0.108371,0.072338,34,4,858,5.508000,0.171354134,34928.013,112527.376
3,CPU_Stress,SA_Energy_Dominance,205,0.722889,0.025733,0.124095,0.002610,17,6,859,5.480000,0.184826648,44891.830,96348.213
3,CPU_Stress,SA_Energy_Dominance,206,0.704516,0.074454,0.132206,0.088758,20,0,854,5.560000,0.188661340,56798.166,109107.326
3,CPU_Stress,SA_Energy_Dominance,207,0.700626,0.080986,0.140295,0.136922,11,1,848,5.568000,0.180942718,45147.493,87575.647
3,CPU_Stress,SA_Energy_Dominance,208,0.702276,0.011373,0.132973,0.125849,18,5,840,5.568000,0.177302657,31359.763,92805.114
3,CPU_Stress,SA_Energy_Dominance,209,0.686966,0.187788,0.139947,0.005505,49,7,908,5.568000,0.163137335,32283.462,108276.300
3,CPU_Stress,SA_Energy_Dominance,MEAN,0.705603,0.096242,0.126018,0.069326,,23,862,5.480000,0.163137335,31359.763,106574.931
3,CPU_Stress,NSGA-II,200,0.580192,0.014055,0.085668,0.008109,40,0,2537,5.104000,0.299813523,106283.299,151094.667
3,CPU_Stress,NSGA-II,201,0.591605,0.019186,0.093110,0.008597,44,1,2546,5.296000,0.290897827,94404.472,129610.362
3,CPU_Stress,NSGA-II,202,0.590502,0.014899,0.078528,0.013040,50,1,2531,5.122000,0.294138044,96726.472,139676.931
3,CPU_Stress,NSGA-II,203,0.616068,0.028135,0.067914,0.008114,54,1,2584,5.142000,0.277660047,95156.814,141141.423
3,CPU_Stress,NSGA-II,204,0.595946,0.028082,0.069212,0.011283,56,0,2563,5.114000,0.288658684,93979.314,139742.434
3,CPU_Stress,NSGA-II,205,0.595366,0.010418,0.087542,0.007645,34,6,2463,5.286000,0.291618955,102408.758,134126.529
3,CPU_Stress,NSGA-II,206,0.583425,0.010965,0.086033,0.008280,38,0,2507,5.236000,0.297326601,97050.503,142744.560
3,CPU_Stress,NSGA-II,207,0.594667,0.027715,0.080183,0.006290,59,0,2585,5.082000,0.289822207,102194.044,146891.166
3,CPU_Stress,NSGA-II,208,0.577172,0.012278,0.087288,0.009091,46,3,2457,5.230000,0.300687478,104489.697,139527.260
3,CPU_Stress,NSGA-II,209,0.577262,0.024881,0.074970,0.006653,52,0,2563,5.082000,0.300282565,90487.432,142113.064
3,CPU_Stress,NSGA-II,MEAN,0.590221,0.019062,0.081045,0.008710,,12,2533,5.082000,0.277660047,90487.432,140881.627
3,CPU_Stress,SPEA-II,200,0.605184,0.007018,0.080632,0.011957,37,7,3106,5.184000,0.288013328,103570.304,140440.620
3,CPU_Stress,SPEA-II,201,0.600087,0.023735,0.071066,0.009140,57,1,3154,5.130000,0.288011709,89611.799,137207.446
3,CPU_Stress,SPEA-II,202,0.607246,0.022540,0.067831,0.013281,54,1,3144,5.092000,0.283546984,92971.942,140732.677
3,CPU_Stress,SPEA-II,203,0.611998,0.023782,0.065637,0.011440,48,8,3152,5.152000,0.281797020,99002.896,137903.950
3,CPU_Stress,SPEA-II,204,0.591040,0.011486,0.078261,0.007001,51,1,3181,5.102000,0.295394565,93045.906,145140.240
3,CPU_Stress,SPEA-II,205,0.572537,0.013891,0.080376,0.007298,45,1,3181,5.102000,0.303985946,91115.748,147733.197
3,CPU_Stress,SPEA-II,206,0.608001,0.011672,0.074078,0.007032,53,7,3212,5.096000,0.286980406,94617.615,144783.399
3,CPU_Stress,SPEA-II,207,0.578300,0.012341,0.076614,0.008535,47,0,3200,5.064000,0.302037173,102812.228,159480.802
3,CPU_Stress,SPEA-II,208,0.594845,0.017924,0.075118,0.015866,46,5,3192,5.026000,0.292294227,93530.615,141114.860
3,CPU_Stress,SPEA-II,209,0.585632,0.012080,0.075074,0.007902,50,2,3185,5.066000,0.298640010,94086.921,151021.877
3,CPU_Stress,SPEA-II,MEAN,0.595487,0.015647,0.074469,0.009945,,33,3170,5.026000,0.281797020,89611.799,144462.547
3,CPU_Stress,AMOSA,200,0.466191,0.009779,0.135703,0.012740,20,1,4167,5.280000,0.351641179,117879.187,153258.144
3,CPU_Stress,AMOSA,201,0.448542,0.013216,0.139605,0.007494,20,0,4164,5.284000,0.359307556,117723.100,161147.943
3,CPU_Stress,AMOSA,202,0.462145,0.008815,0.133280,0.007675,22,4,4194,5.160000,0.354878978,115568.350,162032.022
3,CPU_Stress,AMOSA,203,0.457565,0.011300,0.129211,0.012728,17,0,4169,5.242000,0.355780984,124436.049,157781.746
3,CPU_Stress,AMOSA,204,0.448751,0.012794,0.132457,0.025419,20,0,4175,5.308000,0.359029242,120061.549,148261.106
3,CPU_Stress,AMOSA,205,0.460022,0.015163,0.129368,0.010367,26,0,4184,5.288000,0.353985306,118352.284,150981.232
3,CPU_Stress,AMOSA,206,0.451034,0.015831,0.123754,0.025331,26,0,4186,5.274000,0.358054774,118988.126,149856.650
3,CPU_Stress,AMOSA,207,0.457316,0.010201,0.139576,0.006382,24,1,4190,5.234000,0.355967716,120363.268,161106.733
3,CPU_Stress,AMOSA,208,0.452024,0.012116,0.128392,0.019481,21,1,4179,5.204000,0.358359987,119152.427,156950.468
3,CPU_Stress,AMOSA,209,0.453768,0.015480,0.123616,0.027309,19,1,4189,5.268000,0.356878382,119050.233,151740.513
3,CPU_Stress,AMOSA,MEAN,0.455736,0.012470,0.131496,0.015492,,8,4179,5.160000,0.351641179,115568.350,155198.670
