Algorithm,Seed,HV,GD,IGD,Spacing,NonDomSolutions,TotalSolutions,ParetoContribution,TimeMs
GA_WaitingTime_Dominance,200,0.139505,0.043065,0.609110,0.008170,15,15,0,3903
GA_WaitingTime_Dominance,201,0.138398,0.022191,0.644879,0.006356,12,12,0,3899
GA_WaitingTime_Dominance,202,0.162044,0.043277,0.592222,0.021936,13,13,0,3936
GA_WaitingTime_Dominance,203,0.140547,0.032448,0.603217,0.059015,12,12,0,3980
GA_WaitingTime_Dominance,204,0.134197,0.049081,0.606725,0.020051,14,14,0,4018
GA_WaitingTime_Dominance,205,0.125138,0.020159,0.654683,0.004635,9,9,0,3948
GA_WaitingTime_Dominance,206,0.130962,0.021132,0.649549,0.009023,8,8,0,3970
GA_WaitingTime_Dominance,207,0.129763,0.022272,0.650231,0.003514,10,10,0,3910
GA_WaitingTime_Dominance,208,0.136263,0.053843,0.579832,0.108729,10,10,0,3877
GA_WaitingTime_Dominance,209,0.137285,0.035245,0.618040,0.033601,10,10,0,3972
GA_WaitingTime_Dominance,MEAN,0.137410,0.034271,0.620849,0.027503,11,11,0,3941
GA_WaitingTime_Dominance,STDDEV,0.009404,0.011945,0.025626,0.031584,,,,
GA_Energy_Dominance,200,0.661256,0.140207,0.136432,0.018253,53,53,0,4720
GA_Energy_Dominance,201,0.722477,0.166664,0.129229,0.021241,52,52,0,4820
GA_Energy_Dominance,202,0.642633,0.118714,0.126420,0.017022,56,56,0,4768
GA_Energy_Dominance,203,0.633124,0.106245,0.138184,0.017520,38,38,0,4736
GA_Energy_Dominance,204,0.654962,0.081385,0.127235,0.021521,35,35,0,4754
GA_Energy_Dominance,205,0.532886,0.122648,0.263681,0.009911,33,33,0,4719
GA_Energy_Dominance,206,0.655754,0.073506,0.145907,0.021251,32,32,14,4718
GA_Energy_Dominance,207,0.698658,0.140028,0.126617,0.022757,39,39,0,4752
GA_Energy_Dominance,208,0.615333,0.116058,0.155345,0.031039,28,28,0,4709
GA_Energy_Dominance,209,0.650736,0.100760,0.116963,0.033607,33,33,0,4686
GA_Energy_Dominance,MEAN,0.646782,0.116622,0.146601,0.021412,40,40,14,4738
GA_Energy_Dominance,STDDEV,0.047915,0.026663,0.040399,0.006480,,,,
SA_WaitingTime_Dominance,200,0.155990,0.016420,0.652818,0.004928,13,13,0,2324
SA_WaitingTime_Dominance,201,0.160803,0.009611,0.646984,0.007234,10,10,4,2252
SA_WaitingTime_Dominance,202,0.090892,0.008207,0.696256,0.004452,8,8,0,2259
SA_WaitingTime_Dominance,203,0.093881,0.000000,0.696009,0.011549,3,3,3,2338
SA_WaitingTime_Dominance,204,0.162849,0.035193,0.657555,0.009070,9,9,0,2296
SA_WaitingTime_Dominance,205,0.129643,0.017734,0.675586,0.004658,12,12,0,2303
SA_WaitingTime_Dominance,206,0.080297,0.008628,0.702693,0.008875,9,9,3,2278
SA_WaitingTime_Dominance,207,0.170767,0.015423,0.630584,0.015895,14,14,1,2310
SA_WaitingTime_Dominance,208,0.088060,0.009863,0.696163,0.008812,6,6,0,2225
SA_WaitingTime_Dominance,209,0.117342,0.011159,0.682234,0.007471,12,12,0,2298
SA_WaitingTime_Dominance,MEAN,0.125052,0.013224,0.673688,0.008294,10,10,11,2288
SA_WaitingTime_Dominance,STDDEV,0.033681,0.008763,0.023869,0.003327,,,,
SA_Energy_Dominance,200,0.621433,0.137891,0.178800,0.010612,75,81,13,2989
SA_Energy_Dominance,201,0.645168,0.095549,0.184677,0.003720,187,196,0,3024
SA_Energy_Dominance,202,0.609450,0.120544,0.198219,0.005222,146,153,0,3094
SA_Energy_Dominance,203,0.652629,0.117104,0.127619,0.013825,93,96,16,3197
SA_Energy_Dominance,204,0.624875,0.103604,0.194565,0.002498,169,174,0,3225
SA_Energy_Dominance,205,0.532102,0.226816,0.205558,0.015162,66,68,0,2969
SA_Energy_Dominance,206,0.458615,0.244491,0.256428,0.010698,112,114,0,3191
SA_Energy_Dominance,207,0.492469,0.228746,0.221169,0.006699,130,133,13,3190
SA_Energy_Dominance,208,0.581327,0.145020,0.196451,0.012350,78,79,0,2955
SA_Energy_Dominance,209,0.607391,0.120639,0.196578,0.002721,164,169,0,3023
SA_Energy_Dominance,MEAN,0.582546,0.154040,0.196007,0.008351,122,126,42,3085
SA_Energy_Dominance,STDDEV,0.062847,0.053822,0.030796,0.004504,,,,
NSGA-II,200,0.651753,0.023562,0.254341,0.008202,46,46,0,7386
NSGA-II,201,0.642907,0.030389,0.206343,0.006820,52,52,2,7319
NSGA-II,202,0.651210,0.014113,0.217577,0.011014,42,42,8,7392
NSGA-II,203,0.645719,0.020710,0.211070,0.013716,44,44,2,7489
NSGA-II,204,0.668940,0.023089,0.211887,0.008291,43,43,1,7474
NSGA-II,205,0.654060,0.021318,0.208317,0.009405,47,47,1,7460
NSGA-II,206,0.601903,0.049700,0.207738,0.010251,47,47,0,7394
NSGA-II,207,0.646835,0.035865,0.141608,0.048861,52,52,0,7344
NSGA-II,208,0.609603,0.043635,0.216245,0.010618,43,43,0,7533
NSGA-II,209,0.641153,0.032829,0.209427,0.010077,48,48,0,7317
NSGA-II,MEAN,0.641408,0.029521,0.208455,0.013725,46,46,14,7410
NSGA-II,STDDEV,0.019349,0.010571,0.025966,0.011846,,,,
SPEA-II,200,0.622387,0.031254,0.224394,0.009723,41,41,0,8261
SPEA-II,201,0.648071,0.033193,0.214737,0.009905,46,46,0,8283
SPEA-II,202,0.622345,0.036918,0.227878,0.013017,47,47,0,8211
SPEA-II,203,0.595166,0.032093,0.256638,0.008372,43,43,0,8521
SPEA-II,204,0.659692,0.020974,0.213830,0.010964,46,46,3,8378
SPEA-II,205,0.631530,0.026297,0.228240,0.009484,43,43,3,8481
SPEA-II,206,0.619851,0.034673,0.240871,0.007819,45,45,0,8290
SPEA-II,207,0.622094,0.043554,0.156420,0.010661,38,38,0,8188
SPEA-II,208,0.607736,0.029459,0.266075,0.012000,34,34,1,8460
SPEA-II,209,0.647323,0.043049,0.133286,0.008871,48,48,2,8371
SPEA-II,MEAN,0.627619,0.033146,0.216237,0.010082,43,43,9,8344
SPEA-II,STDDEV,0.018561,0.006605,0.039416,0.001531,,,,
AMOSA,200,0.367690,0.048220,0.342056,0.177439,14,14,0,7255
AMOSA,201,0.358286,0.078349,0.350479,0.126356,20,20,0,7302
AMOSA,202,0.365233,0.060354,0.345641,0.170378,14,14,0,7249
AMOSA,203,0.359889,0.067119,0.349295,0.163872,13,13,0,7244
AMOSA,204,0.362663,0.071415,0.347738,0.125335,18,18,0,7232
AMOSA,205,0.354046,0.065069,0.350830,0.218771,9,9,0,7132
AMOSA,206,0.374037,0.219470,0.350063,0.009618,32,32,0,7131
AMOSA,207,0.377073,0.084628,0.341945,0.115670,24,24,0,7097
AMOSA,208,0.406934,0.183405,0.336824,0.008246,55,55,0,7114
AMOSA,209,0.355804,0.050379,0.348018,0.144621,23,23,0,7089
AMOSA,MEAN,0.368165,0.092841,0.346289,0.126031,22,22,0,7184
AMOSA,STDDEV,0.014745,0.055907,0.004397,0.065208,,,,
GA_WaitingTime_Dominance_PC90,200,0.139505,0.043065,0.609110,0.008170,15,15,0,12494
GA_WaitingTime_Dominance_PC90,201,0.138398,0.022191,0.644879,0.006356,12,12,0,12493
GA_WaitingTime_Dominance_PC90,202,0.162044,0.043277,0.592222,0.021936,13,13,0,12461
GA_WaitingTime_Dominance_PC90,203,0.140547,0.032448,0.603217,0.059015,12,12,0,12491
GA_WaitingTime_Dominance_PC90,204,0.134197,0.049081,0.606725,0.020051,14,14,0,12562
GA_WaitingTime_Dominance_PC90,205,0.125138,0.020159,0.654683,0.004635,9,9,0,12399
GA_WaitingTime_Dominance_PC90,206,0.130962,0.021132,0.649549,0.009023,8,8,0,12487
GA_WaitingTime_Dominance_PC90,207,0.129763,0.022272,0.650231,0.003514,10,10,0,12461
GA_WaitingTime_Dominance_PC90,208,0.136263,0.053843,0.579832,0.108729,10,10,0,12575
GA_WaitingTime_Dominance_PC90,209,0.137285,0.035245,0.618040,0.033601,10,10,0,12587
GA_WaitingTime_Dominance_PC90,MEAN,0.137410,0.034271,0.620849,0.027503,11,11,0,12501
GA_WaitingTime_Dominance_PC90,STDDEV,0.009404,0.011945,0.025626,0.031584,,,,
GA_Energy_Dominance_PC90,200,0.661256,0.140207,0.136432,0.018253,53,53,0,13056
GA_Energy_Dominance_PC90,201,0.722477,0.166664,0.129229,0.021241,52,52,0,12903
GA_Energy_Dominance_PC90,202,0.642633,0.118714,0.126420,0.017022,56,56,0,12914
GA_Energy_Dominance_PC90,203,0.633124,0.106245,0.138184,0.017520,38,38,0,12996
GA_Energy_Dominance_PC90,204,0.654962,0.081385,0.127235,0.021521,35,35,0,12886
GA_Energy_Dominance_PC90,205,0.532886,0.122648,0.263681,0.009911,33,33,0,12642
GA_Energy_Dominance_PC90,206,0.655754,0.073506,0.145907,0.021251,32,32,14,12660
GA_Energy_Dominance_PC90,207,0.698658,0.140028,0.126617,0.022757,39,39,0,12676
GA_Energy_Dominance_PC90,208,0.615333,0.116058,0.155345,0.031039,28,28,0,12567
GA_Energy_Dominance_PC90,209,0.650736,0.100760,0.116963,0.033607,33,33,0,12856
GA_Energy_Dominance_PC90,MEAN,0.646782,0.116622,0.146601,0.021412,40,40,14,12815
GA_Energy_Dominance_PC90,STDDEV,0.047915,0.026663,0.040399,0.006480,,,,
SA_WaitingTime_Dominance_PC90,200,0.121286,0.016500,0.676401,0.028425,5,5,0,10406
SA_WaitingTime_Dominance_PC90,201,0.157521,0.028208,0.647638,0.013055,11,11,0,10326
SA_WaitingTime_Dominance_PC90,202,0.081906,0.010052,0.701490,0.003653,5,5,0,10434
SA_WaitingTime_Dominance_PC90,203,0.086607,0.009942,0.697257,0.007405,9,9,0,10509
SA_WaitingTime_Dominance_PC90,204,0.079403,0.015363,0.704721,0.000000,2,2,0,10556
SA_WaitingTime_Dominance_PC90,205,0.079317,0.015331,0.704795,0.000000,2,2,0,10267
SA_WaitingTime_Dominance_PC90,206,0.135299,0.014984,0.672425,0.017711,11,11,0,10307
SA_WaitingTime_Dominance_PC90,207,0.152691,0.038238,0.662246,0.028578,5,5,0,10401
SA_WaitingTime_Dominance_PC90,208,0.121514,0.022948,0.678160,0.001300,6,6,0,10440
SA_WaitingTime_Dominance_PC90,209,0.135665,0.015421,0.672084,0.021317,9,9,0,10458
SA_WaitingTime_Dominance_PC90,MEAN,0.115121,0.018699,0.681722,0.012144,7,7,0,10410
SA_WaitingTime_Dominance_PC90,STDDEV,0.029311,0.008328,0.018587,0.010762,,,,
SA_Energy_Dominance_PC90,200,0.621433,0.137891,0.178800,0.010612,75,81,13,10600
SA_Energy_Dominance_PC90,201,0.645168,0.095549,0.184677,0.003720,187,196,0,10762
SA_Energy_Dominance_PC90,202,0.609450,0.120544,0.198219,0.005222,146,153,0,10847
SA_Energy_Dominance_PC90,203,0.652587,0.117720,0.127619,0.012516,94,97,16,10779
SA_Energy_Dominance_PC90,204,0.624875,0.103604,0.194565,0.002498,169,174,0,11036
SA_Energy_Dominance_PC90,205,0.532102,0.226816,0.205558,0.015162,66,68,0,10414
SA_Energy_Dominance_PC90,206,0.458244,0.248131,0.256813,0.010809,108,110,0,10433
SA_Energy_Dominance_PC90,207,0.492469,0.228746,0.221169,0.006699,130,133,13,10644
SA_Energy_Dominance_PC90,208,0.579864,0.144714,0.197580,0.012332,71,72,0,10752
SA_Energy_Dominance_PC90,209,0.607391,0.120639,0.196578,0.002721,164,169,0,11093
SA_Energy_Dominance_PC90,MEAN,0.582358,0.154435,0.196158,0.008229,121,125,42,10736
SA_Energy_Dominance_PC90,STDDEV,0.062919,0.054404,0.030875,0.004365,,,,
NSGA-II_PC90,200,0.628135,0.026694,0.227676,0.007995,56,56,0,15878
NSGA-II_PC90,201,0.676452,0.021082,0.131347,0.028505,53,53,4,16033
NSGA-II_PC90,202,0.663408,0.034327,0.187986,0.014772,47,47,0,15960
NSGA-II_PC90,203,0.652255,0.031620,0.214552,0.009842,39,39,0,15875
NSGA-II_PC90,204,0.597089,0.057340,0.230021,0.006853,54,54,0,16039
NSGA-II_PC90,205,0.661193,0.029441,0.197844,0.006339,45,45,0,15832
NSGA-II_PC90,206,0.635216,0.025601,0.230620,0.009453,44,44,1,15894
NSGA-II_PC90,207,0.654579,0.031462,0.166552,0.016092,49,49,0,15869
NSGA-II_PC90,208,0.632711,0.033947,0.193316,0.010301,42,42,0,16280
NSGA-II_PC90,209,0.666154,0.036104,0.185172,0.006092,69,69,0,16074
NSGA-II_PC90,MEAN,0.646719,0.032762,0.196509,0.011624,50,50,5,15973
NSGA-II_PC90,STDDEV,0.022314,0.009261,0.029900,0.006472,,,,
SPEA-II_PC90,200,0.620813,0.026947,0.259896,0.012021,41,41,0,17032
SPEA-II_PC90,201,0.644329,0.031438,0.196247,0.012623,40,40,0,17077
SPEA-II_PC90,202,0.666257,0.024994,0.186962,0.010517,41,41,1,17046
SPEA-II_PC90,203,0.615610,0.041085,0.226315,0.010253,39,39,0,16831
SPEA-II_PC90,204,0.635079,0.036729,0.194614,0.016150,52,52,0,17091
SPEA-II_PC90,205,0.654387,0.017328,0.223072,0.011712,42,42,2,17054
SPEA-II_PC90,206,0.621703,0.026808,0.255231,0.007658,42,42,0,17277
SPEA-II_PC90,207,0.616446,0.046414,0.200435,0.020349,42,42,0,17007
SPEA-II_PC90,208,0.605166,0.029032,0.251528,0.005855,39,39,1,17027
SPEA-II_PC90,209,0.643669,0.040821,0.166960,0.023986,45,45,0,17098
SPEA-II_PC90,MEAN,0.632346,0.032160,0.216126,0.013113,42,42,4,17054
SPEA-II_PC90,STDDEV,0.018528,0.008463,0.030368,0.005297,,,,
AMOSA_PC90,200,0.380798,0.193176,0.350972,0.021204,32,32,0,17927
AMOSA_PC90,201,0.353502,0.067386,0.350505,0.188959,12,12,0,17740
AMOSA_PC90,202,0.361874,0.166333,0.354818,0.017256,31,31,0,17885
AMOSA_PC90,203,0.350415,0.048064,0.349693,0.234849,10,10,0,17867
AMOSA_PC90,204,0.385853,0.135142,0.340761,0.018554,29,29,0,17913
AMOSA_PC90,205,0.364003,0.096494,0.349243,0.141299,15,15,0,17743
AMOSA_PC90,206,0.353648,0.053746,0.348514,0.184071,15,15,0,17853
AMOSA_PC90,207,0.357065,0.076029,0.349178,0.158653,15,15,0,17845
AMOSA_PC90,208,0.351988,0.072559,0.351997,0.200862,11,11,0,17995
AMOSA_PC90,209,0.351270,0.057898,0.353060,0.165759,16,16,0,17902
AMOSA_PC90,MEAN,0.361041,0.096683,0.349874,0.133147,19,19,0,17867
AMOSA_PC90,STDDEV,0.011971,0.048187,0.003557,0.078429,,,,
GA_WaitingTime_Dominance_PC75,200,0.138925,0.049231,0.608687,0.008200,12,12,0,12604
GA_WaitingTime_Dominance_PC75,201,0.138049,0.024052,0.644476,0.010298,8,8,0,12571
GA_WaitingTime_Dominance_PC75,202,0.161533,0.043925,0.591357,0.022197,13,13,0,12496
GA_WaitingTime_Dominance_PC75,203,0.138584,0.037668,0.604009,0.068891,10,10,0,12485
GA_WaitingTime_Dominance_PC75,204,0.133689,0.063754,0.606756,0.020842,8,8,0,12560
GA_WaitingTime_Dominance_PC75,205,0.163576,0.022820,0.632488,0.021231,13,13,0,12497
GA_WaitingTime_Dominance_PC75,206,0.122988,0.020038,0.658218,0.018578,11,11,0,12508
GA_WaitingTime_Dominance_PC75,207,0.135301,0.020027,0.656407,0.027137,8,8,0,12520
GA_WaitingTime_Dominance_PC75,208,0.207542,0.050563,0.535993,0.098053,13,13,0,12613
GA_WaitingTime_Dominance_PC75,209,0.136906,0.038624,0.618124,0.035071,9,9,0,12832
GA_WaitingTime_Dominance_PC75,MEAN,0.147709,0.037070,0.615651,0.033050,11,11,0,12568
GA_WaitingTime_Dominance_PC75,STDDEV,0.023141,0.014300,0.034340,0.027019,,,,
GA_Energy_Dominance_PC75,200,0.661256,0.140207,0.136432,0.018253,53,53,0,13196
GA_Energy_Dominance_PC75,201,0.722311,0.166737,0.129351,0.019961,52,52,0,12889
GA_Energy_Dominance_PC75,202,0.656627,0.115946,0.124139,0.022826,55,55,0,13009
GA_Energy_Dominance_PC75,203,0.633124,0.106245,0.138184,0.017520,38,38,0,13296
GA_Energy_Dominance_PC75,204,0.659363,0.080160,0.126974,0.024785,34,34,0,13136
GA_Energy_Dominance_PC75,205,0.547826,0.119860,0.260132,0.015314,32,32,0,12855
GA_Energy_Dominance_PC75,206,0.655754,0.073506,0.145907,0.021251,32,32,14,12755
GA_Energy_Dominance_PC75,207,0.698658,0.140028,0.126617,0.022757,39,39,0,12804
GA_Energy_Dominance_PC75,208,0.615333,0.116058,0.155345,0.031039,28,28,0,12700
GA_Energy_Dominance_PC75,209,0.650736,0.100760,0.116963,0.033607,33,33,0,13090
GA_Energy_Dominance_PC75,MEAN,0.650099,0.115951,0.146005,0.022732,40,40,14,12973
GA_Energy_Dominance_PC75,STDDEV,0.044513,0.026777,0.039499,0.005510,,,,
SA_WaitingTime_Dominance_PC75,200,0.079627,0.016230,0.702712,0.000296,4,4,0,10444
SA_WaitingTime_Dominance_PC75,201,0.077320,0.014737,0.705393,0.000372,3,3,0,10360
SA_WaitingTime_Dominance_PC75,202,0.075061,0.012801,0.708515,0.000000,1,1,0,10531
SA_WaitingTime_Dominance_PC75,203,0.076462,0.013418,0.707148,0.000000,2,2,0,10277
SA_WaitingTime_Dominance_PC75,204,0.078244,0.013862,0.705451,0.001225,4,4,0,10285
SA_WaitingTime_Dominance_PC75,205,0.075882,0.013144,0.707727,0.000000,2,2,0,10383
SA_WaitingTime_Dominance_PC75,206,0.079741,0.014523,0.704234,0.000522,3,3,0,10458
SA_WaitingTime_Dominance_PC75,207,0.079315,0.014599,0.704603,0.000633,3,3,0,10363
SA_WaitingTime_Dominance_PC75,208,0.082911,0.023761,0.694675,0.002077,5,5,0,10362
SA_WaitingTime_Dominance_PC75,209,0.077318,0.014094,0.705792,0.001466,3,3,0,10403
SA_WaitingTime_Dominance_PC75,MEAN,0.078188,0.015117,0.704625,0.000659,3,3,0,10386
SA_WaitingTime_Dominance_PC75,STDDEV,0.002183,0.003025,0.003695,0.000672,,,,
SA_Energy_Dominance_PC75,200,0.620214,0.141017,0.178916,0.010683,75,80,13,10674
SA_Energy_Dominance_PC75,201,0.645163,0.095487,0.184677,0.003420,186,195,0,10813
SA_Energy_Dominance_PC75,202,0.609450,0.120544,0.198219,0.005222,146,153,0,10887
SA_Energy_Dominance_PC75,203,0.651566,0.117037,0.129012,0.012720,90,93,16,10735
SA_Energy_Dominance_PC75,204,0.624875,0.103604,0.194542,0.002498,169,174,0,11094
SA_Energy_Dominance_PC75,205,0.530303,0.228848,0.205558,0.012874,65,67,0,10538
SA_Energy_Dominance_PC75,206,0.458140,0.248347,0.256813,0.010835,108,110,0,10363
SA_Energy_Dominance_PC75,207,0.487657,0.232235,0.223862,0.006662,126,129,13,10618
SA_Energy_Dominance_PC75,208,0.578378,0.144427,0.202840,0.013270,67,68,0,10831
SA_Energy_Dominance_PC75,209,0.607391,0.120639,0.196578,0.002721,164,169,0,10969
SA_Energy_Dominance_PC75,MEAN,0.581314,0.155219,0.197102,0.008090,120,124,42,10752
SA_Energy_Dominance_PC75,STDDEV,0.063599,0.055165,0.030847,0.004214,,,,
NSGA-II_PC75,200,0.642601,0.064766,0.143324,0.009768,47,47,0,16015
NSGA-II_PC75,201,0.658398,0.032600,0.232560,0.036050,27,27,0,15903
NSGA-II_PC75,202,0.674810,0.036549,0.149173,0.013285,39,39,1,16008
NSGA-II_PC75,203,0.651059,0.030411,0.211778,0.009237,33,33,0,15954
NSGA-II_PC75,204,0.643246,0.032350,0.230485,0.008559,39,39,0,15906
NSGA-II_PC75,205,0.656143,0.029197,0.247624,0.013430,36,36,1,15835
NSGA-II_PC75,206,0.630723,0.042379,0.212890,0.014108,32,32,0,16048
NSGA-II_PC75,207,0.671196,0.024451,0.212560,0.009630,33,33,2,15928
NSGA-II_PC75,208,0.634535,0.034712,0.202603,0.015310,38,38,0,15969
NSGA-II_PC75,209,0.658743,0.046245,0.193110,0.014760,49,49,0,15882
NSGA-II_PC75,MEAN,0.652145,0.037366,0.203611,0.014414,37,37,4,15944
NSGA-II_PC75,STDDEV,0.013841,0.010919,0.032310,0.007595,,,,
SPEA-II_PC75,200,0.652065,0.033216,0.160495,0.038163,35,35,0,17144
SPEA-II_PC75,201,0.641700,0.027619,0.227897,0.010841,40,40,0,17149
SPEA-II_PC75,202,0.620063,0.031017,0.226649,0.010918,41,41,0,17286
SPEA-II_PC75,203,0.618359,0.033776,0.230173,0.008621,41,41,0,17309
SPEA-II_PC75,204,0.622857,0.059776,0.190994,0.013966,53,53,0,17131
SPEA-II_PC75,205,0.642304,0.024823,0.237650,0.008293,41,41,0,17007
SPEA-II_PC75,206,0.654931,0.021184,0.248393,0.015458,36,36,1,17020
SPEA-II_PC75,207,0.597996,0.056263,0.175331,0.043550,31,31,0,16946
SPEA-II_PC75,208,0.626159,0.034769,0.237840,0.009016,37,37,0,17008
SPEA-II_PC75,209,0.613703,0.038497,0.230001,0.011598,44,44,0,17090
SPEA-II_PC75,MEAN,0.629014,0.036094,0.216542,0.017042,40,40,1,17109
SPEA-II_PC75,STDDEV,0.017254,0.011982,0.028291,0.012158,,,,
AMOSA_PC75,200,0.449839,0.168537,0.304718,0.012037,48,48,0,18017
AMOSA_PC75,201,0.440886,0.179791,0.312085,0.009349,49,49,0,17626
AMOSA_PC75,202,0.432398,0.171843,0.321596,0.010487,37,37,0,17809
AMOSA_PC75,203,0.512266,0.121491,0.281744,0.015506,51,51,0,18267
AMOSA_PC75,204,0.431717,0.176215,0.316078,0.012590,43,43,0,18064
AMOSA_PC75,205,0.415281,0.187553,0.331670,0.014928,35,35,0,17773
AMOSA_PC75,206,0.465845,0.138768,0.293444,0.006723,41,41,0,18305
AMOSA_PC75,207,0.470908,0.169704,0.293949,0.007871,62,62,0,17992
AMOSA_PC75,208,0.433726,0.179397,0.320442,0.012261,54,54,0,17896
AMOSA_PC75,209,0.430188,0.178002,0.320558,0.010326,45,45,0,17781
AMOSA_PC75,MEAN,0.448305,0.167130,0.309628,0.011208,47,47,0,17953
AMOSA_PC75,STDDEV,0.026696,0.019613,0.014908,0.002684,,,,
GA_WaitingTime_Dominance_PC50,200,0.124986,0.192469,0.637243,0.028989,3,3,0,12616
GA_WaitingTime_Dominance_PC50,201,0.053719,0.169993,0.689313,0.000000,2,2,0,12668
GA_WaitingTime_Dominance_PC50,202,0.114906,0.242286,0.620754,0.006786,4,4,0,12562
GA_WaitingTime_Dominance_PC50,203,0.103331,0.136515,0.645707,0.000000,2,2,0,12415
GA_WaitingTime_Dominance_PC50,204,0.081036,0.168463,0.681251,0.076712,4,4,0,12600
GA_WaitingTime_Dominance_PC50,205,0.092276,0.188383,0.651979,0.029987,5,5,0,12494
GA_WaitingTime_Dominance_PC50,206,0.034576,0.188782,0.700044,0.000000,2,2,0,12542
GA_WaitingTime_Dominance_PC50,207,0.073167,0.157915,0.672969,0.010479,4,4,0,12575
GA_WaitingTime_Dominance_PC50,208,0.078270,0.164209,0.672757,0.000000,2,2,0,12610
GA_WaitingTime_Dominance_PC50,209,0.106611,0.193372,0.660474,0.032415,3,3,0,12682
GA_WaitingTime_Dominance_PC50,MEAN,0.086288,0.180239,0.663249,0.018537,3,3,0,12576
GA_WaitingTime_Dominance_PC50,STDDEV,0.026561,0.026874,0.023381,0.023227,,,,
GA_Energy_Dominance_PC50,200,0.655600,0.144184,0.143756,0.017632,52,52,0,13427
GA_Energy_Dominance_PC50,201,0.713829,0.180411,0.138735,0.019842,46,46,0,13366
GA_Energy_Dominance_PC50,202,0.639384,0.120229,0.128753,0.021094,52,52,0,13408
GA_Energy_Dominance_PC50,203,0.655333,0.107571,0.136694,0.043653,38,38,0,13200
GA_Energy_Dominance_PC50,204,0.648518,0.093318,0.130819,0.020805,37,37,0,12857
GA_Energy_Dominance_PC50,205,0.529691,0.112109,0.268449,0.011472,22,22,0,12679
GA_Energy_Dominance_PC50,206,0.646289,0.077288,0.150497,0.019396,33,33,14,12772
GA_Energy_Dominance_PC50,207,0.685666,0.147724,0.132814,0.031979,38,38,0,12909
GA_Energy_Dominance_PC50,208,0.607921,0.109352,0.162251,0.026677,23,23,0,12785
GA_Energy_Dominance_PC50,209,0.638458,0.111279,0.125889,0.029675,34,34,0,12921
GA_Energy_Dominance_PC50,MEAN,0.642069,0.120346,0.151866,0.024223,38,38,14,13032
GA_Energy_Dominance_PC50,STDDEV,0.046134,0.028186,0.040230,0.008622,,,,
SA_WaitingTime_Dominance_PC50,200,0.026335,0.060274,0.737380,0.000000,1,1,0,10490
SA_WaitingTime_Dominance_PC50,201,0.017833,0.034370,0.751690,0.000000,1,1,0,10484
SA_WaitingTime_Dominance_PC50,202,0.027255,0.021484,0.746843,0.000000,1,1,0,10385
SA_WaitingTime_Dominance_PC50,203,0.000000,0.094055,0.779837,0.000000,1,1,0,10412
SA_WaitingTime_Dominance_PC50,204,0.063105,0.012939,0.717639,0.000000,1,1,0,10443
SA_WaitingTime_Dominance_PC50,205,0.000000,0.126453,0.790072,0.000000,1,1,0,10430
SA_WaitingTime_Dominance_PC50,206,0.000000,0.063735,0.769858,0.000000,1,1,0,10390
SA_WaitingTime_Dominance_PC50,207,0.006525,0.087978,0.750881,0.000000,1,1,0,10515
SA_WaitingTime_Dominance_PC50,208,0.000000,0.082218,0.760201,0.000000,1,1,0,10353
SA_WaitingTime_Dominance_PC50,209,0.000000,0.019231,0.772988,0.000000,1,2,0,10428
SA_WaitingTime_Dominance_PC50,MEAN,0.014105,0.060274,0.757739,0.000000,1,1,0,10433
SA_WaitingTime_Dominance_PC50,STDDEV,0.019467,0.035892,0.020357,0.000000,,,,
SA_Energy_Dominance_PC50,200,0.606208,0.145435,0.183960,0.010980,72,78,13,10700
SA_Energy_Dominance_PC50,201,0.635086,0.094040,0.189635,0.002558,166,176,0,10765
SA_Energy_Dominance_PC50,202,0.607203,0.113815,0.199623,0.005871,124,131,0,10942
SA_Energy_Dominance_PC50,203,0.626481,0.125773,0.147697,0.009670,96,98,16,11172
SA_Energy_Dominance_PC50,204,0.621293,0.102742,0.196162,0.004928,159,164,0,11237
SA_Energy_Dominance_PC50,205,0.478543,0.249989,0.247937,0.013598,57,59,0,10579
SA_Energy_Dominance_PC50,206,0.445433,0.274928,0.265518,0.013154,71,72,0,10349
SA_Energy_Dominance_PC50,207,0.442264,0.240318,0.260649,0.006296,101,104,13,10607
SA_Energy_Dominance_PC50,208,0.558543,0.141977,0.223108,0.012245,60,61,0,10927
SA_Energy_Dominance_PC50,209,0.605164,0.120729,0.197891,0.003643,162,167,0,10987
SA_Energy_Dominance_PC50,MEAN,0.562622,0.160975,0.211218,0.008294,107,111,42,10826
SA_Energy_Dominance_PC50,STDDEV,0.073330,0.063844,0.035587,0.003901,,,,
NSGA-II_PC50,200,0.654693,0.047585,0.170631,0.014731,37,37,0,16011
NSGA-II_PC50,201,0.649330,0.043486,0.186468,0.011161,42,42,0,15952
NSGA-II_PC50,202,0.653932,0.042848,0.176300,0.016287,29,29,0,16069
NSGA-II_PC50,203,0.651578,0.046130,0.199562,0.012475,32,32,0,15953
NSGA-II_PC50,204,0.592012,0.060130,0.238590,0.008656,44,44,0,16066
NSGA-II_PC50,205,0.630899,0.043331,0.216992,0.011614,37,37,0,15888
NSGA-II_PC50,206,0.621970,0.054549,0.221538,0.016833,44,44,0,15907
NSGA-II_PC50,207,0.633519,0.046347,0.168117,0.010182,31,31,0,15916
NSGA-II_PC50,208,0.627835,0.043916,0.187526,0.015014,29,29,0,16005
NSGA-II_PC50,209,0.641148,0.047401,0.199645,0.007641,30,30,0,15942
NSGA-II_PC50,MEAN,0.635692,0.047572,0.196537,0.012459,36,36,0,15970
NSGA-II_PC50,STDDEV,0.018296,0.005295,0.022140,0.003012,,,,
SPEA-II_PC50,200,0.649573,0.035541,0.204711,0.009713,37,37,0,17026
SPEA-II_PC50,201,0.634996,0.039221,0.231426,0.015460,34,34,0,16882
SPEA-II_PC50,202,0.651807,0.037563,0.192288,0.025494,30,30,0,17057
SPEA-II_PC50,203,0.637741,0.037410,0.244603,0.009796,32,32,0,17154
SPEA-II_PC50,204,0.642935,0.064958,0.148769,0.017192,47,47,0,17068
SPEA-II_PC50,205,0.605100,0.038599,0.239696,0.011752,34,34,0,16998
SPEA-II_PC50,206,0.635381,0.035633,0.202821,0.015645,39,39,0,17925
SPEA-II_PC50,207,0.628627,0.043441,0.217568,0.008266,39,39,0,17900
SPEA-II_PC50,208,0.635959,0.037265,0.170673,0.030622,40,40,0,17897
SPEA-II_PC50,209,0.640908,0.059696,0.164790,0.009327,53,53,0,17935
SPEA-II_PC50,MEAN,0.636303,0.042933,0.201735,0.015327,39,39,0,17384
SPEA-II_PC50,STDDEV,0.012324,0.009991,0.031057,0.007083,,,,
AMOSA_PC50,200,0.409652,0.238413,0.332265,0.010929,53,53,0,17850
AMOSA_PC50,201,0.449909,0.190495,0.298395,0.021918,38,38,0,17660
AMOSA_PC50,202,0.459429,0.152677,0.297737,0.013203,32,32,0,17565
AMOSA_PC50,203,0.476355,0.157789,0.292659,0.009316,53,53,0,18047
AMOSA_PC50,204,0.456583,0.178890,0.300876,0.011580,38,38,0,17858
AMOSA_PC50,205,0.463614,0.160537,0.297232,0.009300,45,45,0,17646
AMOSA_PC50,206,0.469505,0.170101,0.294872,0.012817,39,39,0,17770
AMOSA_PC50,207,0.491012,0.147737,0.282877,0.008471,49,49,0,18056
AMOSA_PC50,208,0.451747,0.177279,0.307188,0.009561,42,42,0,17700
AMOSA_PC50,209,0.447271,0.189286,0.304453,0.011020,43,43,0,17934
AMOSA_PC50,MEAN,0.457508,0.176320,0.300855,0.011812,43,43,0,17808
AMOSA_PC50,STDDEV,0.020370,0.024979,0.012226,0.003678,,,,
GA_WaitingTime_Dominance_PC25,200,0.000000,0.238020,0.757679,0.000000,1,1,0,13261
GA_WaitingTime_Dominance_PC25,201,0.000000,0.201811,0.768206,0.000000,1,1,0,12918
GA_WaitingTime_Dominance_PC25,202,0.079147,0.315081,0.658726,0.000000,1,1,0,12667
GA_WaitingTime_Dominance_PC25,203,0.000551,0.181589,0.747558,0.000000,1,1,0,12582
GA_WaitingTime_Dominance_PC25,204,0.015624,0.178642,0.731585,0.000000,1,1,0,12679
GA_WaitingTime_Dominance_PC25,205,0.000000,0.135461,0.775071,0.000000,1,1,0,12496
GA_WaitingTime_Dominance_PC25,206,0.000000,0.214919,0.775424,0.000000,1,1,0,12476
GA_WaitingTime_Dominance_PC25,207,0.000000,0.494019,0.817055,0.000000,1,1,0,12602
GA_WaitingTime_Dominance_PC25,208,0.000000,0.230140,0.780964,0.000000,1,1,0,12493
GA_WaitingTime_Dominance_PC25,209,0.000000,0.255345,0.786682,0.000000,1,1,0,12575
GA_WaitingTime_Dominance_PC25,MEAN,0.009532,0.244503,0.759895,0.000000,1,1,0,12674
GA_WaitingTime_Dominance_PC25,STDDEV,0.023664,0.095126,0.040203,0.000000,,,,
GA_Energy_Dominance_PC25,200,0.614365,0.144867,0.171562,0.046216,40,40,0,13065
GA_Energy_Dominance_PC25,201,0.683089,0.199521,0.173405,0.038567,35,35,0,12664
GA_Energy_Dominance_PC25,202,0.596301,0.115317,0.188390,0.014619,42,42,0,12882
GA_Energy_Dominance_PC25,203,0.518784,0.083982,0.228776,0.032114,23,23,0,12988
GA_Energy_Dominance_PC25,204,0.608706,0.047582,0.200885,0.010716,23,23,0,12999
GA_Energy_Dominance_PC25,205,0.502028,0.087534,0.328561,0.006250,15,15,0,12596
GA_Energy_Dominance_PC25,206,0.599389,0.003433,0.255842,0.013013,20,20,14,12585
GA_Energy_Dominance_PC25,207,0.637232,0.166460,0.177118,0.028757,27,27,0,12754
GA_Energy_Dominance_PC25,208,0.558592,0.085949,0.198506,0.028878,16,16,0,12599
GA_Energy_Dominance_PC25,209,0.599387,0.051964,0.219937,0.033467,19,19,0,12811
GA_Energy_Dominance_PC25,MEAN,0.591787,0.098661,0.214298,0.025260,26,26,14,12794
GA_Energy_Dominance_PC25,STDDEV,0.050815,0.056161,0.045831,0.012617,,,,
SA_WaitingTime_Dominance_PC25,200,0.026335,0.060274,0.737380,0.000000,1,1,0,10357
SA_WaitingTime_Dominance_PC25,201,0.017833,0.034370,0.751690,0.000000,1,1,0,10338
SA_WaitingTime_Dominance_PC25,202,0.027255,0.021484,0.746843,0.000000,1,1,0,10387
SA_WaitingTime_Dominance_PC25,203,0.000000,0.094055,0.779837,0.000000,1,1,0,10383
SA_WaitingTime_Dominance_PC25,204,0.063105,0.012939,0.717639,0.000000,1,1,0,10372
SA_WaitingTime_Dominance_PC25,205,0.000000,0.126453,0.790072,0.000000,1,1,0,10410
SA_WaitingTime_Dominance_PC25,206,0.000000,0.063735,0.769858,0.000000,1,1,0,10377
SA_WaitingTime_Dominance_PC25,207,0.006525,0.087978,0.750881,0.000000,1,1,0,10352
SA_WaitingTime_Dominance_PC25,208,0.000000,0.082218,0.760201,0.000000,1,1,0,10321
SA_WaitingTime_Dominance_PC25,209,0.000000,0.019231,0.772988,0.000000,1,2,0,10501
SA_WaitingTime_Dominance_PC25,MEAN,0.014105,0.060274,0.757739,0.000000,1,1,0,10379
SA_WaitingTime_Dominance_PC25,STDDEV,0.019467,0.035892,0.020357,0.000000,,,,
SA_Energy_Dominance_PC25,200,0.529460,0.075709,0.250531,0.012991,33,38,13,10540
SA_Energy_Dominance_PC25,201,0.593753,0.082600,0.243495,0.001270,130,138,0,10821
SA_Energy_Dominance_PC25,202,0.565027,0.089577,0.248449,0.001896,91,98,0,11257
SA_Energy_Dominance_PC25,203,0.496621,0.087430,0.260403,0.009863,53,55,16,10950
SA_Energy_Dominance_PC25,204,0.580000,0.089130,0.246083,0.001865,119,122,0,10991
SA_Energy_Dominance_PC25,205,0.422425,0.207795,0.297019,0.017898,32,34,0,10416
SA_Energy_Dominance_PC25,206,0.364744,0.261691,0.333903,0.017292,33,34,0,10465
SA_Energy_Dominance_PC25,207,0.335385,0.154459,0.332999,0.014538,31,34,13,10642
SA_Energy_Dominance_PC25,208,0.513673,0.135307,0.265070,0.006821,55,56,0,10764
SA_Energy_Dominance_PC25,209,0.571641,0.114759,0.233708,0.003668,129,134,0,11063
SA_Energy_Dominance_PC25,MEAN,0.497273,0.129846,0.271166,0.008810,71,74,42,10790
SA_Energy_Dominance_PC25,STDDEV,0.087723,0.058791,0.035100,0.006239,,,,
NSGA-II_PC25,200,0.655568,0.050922,0.194709,0.016399,25,25,0,16222
NSGA-II_PC25,201,0.643470,0.055411,0.203799,0.015684,34,34,0,16031
NSGA-II_PC25,202,0.675950,0.042990,0.191722,0.017741,29,29,2,16059
NSGA-II_PC25,203,0.649213,0.054662,0.169160,0.010682,39,39,0,16109
NSGA-II_PC25,204,0.619503,0.080702,0.163360,0.011955,30,30,0,15883
NSGA-II_PC25,205,0.627932,0.050714,0.209218,0.022711,28,28,0,16050
NSGA-II_PC25,206,0.633820,0.046717,0.220811,0.011992,35,35,0,16082
NSGA-II_PC25,207,0.669467,0.037832,0.162122,0.025355,36,36,3,16007
NSGA-II_PC25,208,0.637061,0.056564,0.220919,0.011087,31,31,0,16032
NSGA-II_PC25,209,0.619078,0.072651,0.183063,0.023650,34,34,0,16060
NSGA-II_PC25,MEAN,0.643106,0.054916,0.191888,0.016726,32,32,5,16053
NSGA-II_PC25,STDDEV,0.018584,0.012318,0.021033,0.005234,,,,
SPEA-II_PC25,200,0.645049,0.036080,0.200141,0.028408,25,25,0,16985
SPEA-II_PC25,201,0.635554,0.039642,0.211426,0.015223,25,25,0,16943
SPEA-II_PC25,202,0.614397,0.045486,0.228007,0.017694,34,34,0,16986
SPEA-II_PC25,203,0.639993,0.019219,0.264969,0.009993,24,24,0,16920
SPEA-II_PC25,204,0.655336,0.018358,0.250614,0.015474,24,24,0,17089
SPEA-II_PC25,205,0.631628,0.040543,0.221912,0.014995,31,31,0,16961
SPEA-II_PC25,206,0.632678,0.042441,0.183527,0.016355,29,29,0,17023
SPEA-II_PC25,207,0.646160,0.001553,0.292164,0.007111,25,25,20,17010
SPEA-II_PC25,208,0.621785,0.039031,0.236229,0.019590,25,25,0,16834
SPEA-II_PC25,209,0.634179,0.060770,0.157005,0.014310,35,35,0,16975
SPEA-II_PC25,MEAN,0.635676,0.034312,0.224599,0.015915,28,28,20,16972
SPEA-II_PC25,STDDEV,0.011297,0.015934,0.037488,0.005382,,,,
AMOSA_PC25,200,0.454432,0.173797,0.323894,0.011940,38,38,0,18291
AMOSA_PC25,201,0.386318,0.257578,0.344431,0.013439,33,33,0,17540
AMOSA_PC25,202,0.499069,0.109633,0.305851,0.008547,21,21,0,18252
AMOSA_PC25,203,0.475154,0.170571,0.306602,0.009974,26,26,0,17881
AMOSA_PC25,204,0.394639,0.249015,0.343808,0.010427,21,21,0,17552
AMOSA_PC25,205,0.455549,0.179997,0.304905,0.017122,25,25,0,17605
AMOSA_PC25,206,0.534432,0.117235,0.270715,0.012563,26,26,0,18179
AMOSA_PC25,207,0.412787,0.227649,0.328769,0.014434,19,19,0,17544
AMOSA_PC25,208,0.420387,0.222346,0.332978,0.006464,33,33,0,17834
AMOSA_PC25,209,0.436139,0.214049,0.323658,0.010652,24,24,0,17691
AMOSA_PC25,MEAN,0.446891,0.192187,0.318561,0.011556,27,27,0,17836
AMOSA_PC25,STDDEV,0.044381,0.048515,0.021103,0.002890,,,,
Universal_Pareto,ALL,0.820829,0.000000,0.000000,0.000000,129,129,129,0
