Scenario,ScenarioName,Algorithm,CapWatts,NumSeeds,MeanFeasibilityRate,StdFeasibilityRate,MinFeasibilityRate,MaxFeasibilityRate,TotalSolutionsAcrossSeeds,TotalFeasibleAcrossSeeds
1,Balanced,GA_WaitingTime_Dominance,17685.3,10,0.0325,0.0728,0.0000,0.2143,99,4
1,Balanced,GA_WaitingTime_Dominance,16702.8,10,0.0000,0.0000,0.0000,0.0000,99,0
1,Balanced,GA_WaitingTime_Dominance,15720.3,10,0.0000,0.0000,0.0000,0.0000,99,0
1,Balanced,GA_WaitingTime_Dominance,14737.8,10,0.0000,0.0000,0.0000,0.0000,99,0
1,Balanced,GA_Energy_Dominance,17685.3,10,0.9618,0.0350,0.9011,0.9904,894,861
1,Balanced,GA_Energy_Dominance,16702.8,10,0.8272,0.0577,0.7143,0.9333,894,740
1,Balanced,GA_Energy_Dominance,15720.3,10,0.6097,0.0719,0.4643,0.7143,894,547
1,Balanced,GA_Energy_Dominance,14737.8,10,0.4325,0.0916,0.3173,0.6044,894,386
1,Balanced,SA_WaitingTime_Dominance,17685.3,10,0.2021,0.1022,0.0588,0.3750,269,51
1,Balanced,SA_WaitingTime_Dominance,16702.8,10,0.1961,0.0995,0.0588,0.3750,269,49
1,Balanced,SA_WaitingTime_Dominance,15720.3,10,0.0990,0.0574,0.0263,0.2333,269,26
1,Balanced,SA_WaitingTime_Dominance,14737.8,10,0.0000,0.0000,0.0000,0.0000,269,0
1,Balanced,SA_Energy_Dominance,17685.3,10,0.6840,0.1458,0.4828,0.9583,1080,739
1,Balanced,SA_Energy_Dominance,16702.8,10,0.3926,0.0856,0.2414,0.5321,1080,426
1,Balanced,SA_Energy_Dominance,15720.3,10,0.1840,0.0932,0.0792,0.3958,1080,201
1,Balanced,SA_Energy_Dominance,14737.8,10,0.1102,0.0820,0.0495,0.3229,1080,117
1,Balanced,NSGA-II,17685.3,10,0.8086,0.0952,0.6829,0.9565,451,366
1,Balanced,NSGA-II,16702.8,10,0.5163,0.2388,0.1111,0.8043,451,236
1,Balanced,NSGA-II,15720.3,10,0.1414,0.1534,0.0000,0.3778,451,65
1,Balanced,NSGA-II,14737.8,10,0.0000,0.0000,0.0000,0.0000,451,0
1,Balanced,SPEA-II,17685.3,10,0.5972,0.2289,0.0690,0.8205,423,262
1,Balanced,SPEA-II,16702.8,10,0.2173,0.1967,0.0000,0.4727,423,100
1,Balanced,SPEA-II,15720.3,10,0.0455,0.0828,0.0000,0.2364,423,23
1,Balanced,SPEA-II,14737.8,10,0.0000,0.0000,0.0000,0.0000,423,0
1,Balanced,AMOSA,17685.3,10,0.2716,0.2063,0.0667,0.7727,208,60
1,Balanced,AMOSA,16702.8,10,0.0413,0.0688,0.0000,0.1818,208,10
1,Balanced,AMOSA,15720.3,10,0.0000,0.0000,0.0000,0.0000,208,0
1,Balanced,AMOSA,14737.8,10,0.0000,0.0000,0.0000,0.0000,208,0
1,Balanced,GA_WaitingTime_Dominance_PC90,17685.3,10,1.0000,0.0000,1.0000,1.0000,109,109
1,Balanced,GA_WaitingTime_Dominance_PC90,16702.8,10,0.0267,0.0843,0.0000,0.2667,109,4
1,Balanced,GA_WaitingTime_Dominance_PC90,15720.3,10,0.0067,0.0211,0.0000,0.0667,109,1
1,Balanced,GA_WaitingTime_Dominance_PC90,14737.8,10,0.0000,0.0000,0.0000,0.0000,109,0
1,Balanced,GA_Energy_Dominance_PC90,17685.3,10,1.0000,0.0000,1.0000,1.0000,905,905
1,Balanced,GA_Energy_Dominance_PC90,16702.8,10,0.8882,0.0444,0.8269,0.9394,905,803
1,Balanced,GA_Energy_Dominance_PC90,15720.3,10,0.7131,0.0654,0.6087,0.8161,905,644
1,Balanced,GA_Energy_Dominance_PC90,14737.8,10,0.5272,0.0887,0.3516,0.6667,905,478
1,Balanced,SA_WaitingTime_Dominance_PC90,17685.3,10,1.0000,0.0000,1.0000,1.0000,233,233
1,Balanced,SA_WaitingTime_Dominance_PC90,16702.8,10,0.1602,0.0902,0.0000,0.3125,233,35
1,Balanced,SA_WaitingTime_Dominance_PC90,15720.3,10,0.0746,0.0717,0.0000,0.2500,233,15
1,Balanced,SA_WaitingTime_Dominance_PC90,14737.8,10,0.0000,0.0000,0.0000,0.0000,233,0
1,Balanced,SA_Energy_Dominance_PC90,17685.3,10,1.0000,0.0000,1.0000,1.0000,1000,1000
1,Balanced,SA_Energy_Dominance_PC90,16702.8,10,0.4250,0.0939,0.2444,0.5467,1000,423
1,Balanced,SA_Energy_Dominance_PC90,15720.3,10,0.1994,0.0552,0.0889,0.3043,1000,201
1,Balanced,SA_Energy_Dominance_PC90,14737.8,10,0.1029,0.0604,0.0400,0.2000,1000,108
1,Balanced,NSGA-II_PC90,17685.3,10,1.0000,0.0000,1.0000,1.0000,423,423
1,Balanced,NSGA-II_PC90,16702.8,10,0.5851,0.1543,0.3077,0.8444,423,248
1,Balanced,NSGA-II_PC90,15720.3,10,0.0985,0.0640,0.0455,0.2326,423,41
1,Balanced,NSGA-II_PC90,14737.8,10,0.0023,0.0074,0.0000,0.0233,423,1
1,Balanced,SPEA-II_PC90,17685.3,10,1.0000,0.0000,1.0000,1.0000,382,382
1,Balanced,SPEA-II_PC90,16702.8,10,0.3072,0.1984,0.0222,0.5610,382,114
1,Balanced,SPEA-II_PC90,15720.3,10,0.0148,0.0331,0.0000,0.0976,382,6
1,Balanced,SPEA-II_PC90,14737.8,10,0.0000,0.0000,0.0000,0.0000,382,0
1,Balanced,AMOSA_PC90,17685.3,10,1.0000,0.0000,1.0000,1.0000,256,256
1,Balanced,AMOSA_PC90,16702.8,10,0.0251,0.0424,0.0000,0.1333,256,7
1,Balanced,AMOSA_PC90,15720.3,10,0.0000,0.0000,0.0000,0.0000,256,0
1,Balanced,AMOSA_PC90,14737.8,10,0.0000,0.0000,0.0000,0.0000,256,0
1,Balanced,GA_WaitingTime_Dominance_PC85,17685.3,10,1.0000,0.0000,1.0000,1.0000,91,91
1,Balanced,GA_WaitingTime_Dominance_PC85,16702.8,10,1.0000,0.0000,1.0000,1.0000,91,91
1,Balanced,GA_WaitingTime_Dominance_PC85,15720.3,10,0.0000,0.0000,0.0000,0.0000,91,0
1,Balanced,GA_WaitingTime_Dominance_PC85,14737.8,10,0.0000,0.0000,0.0000,0.0000,91,0
1,Balanced,GA_Energy_Dominance_PC85,17685.3,10,1.0000,0.0000,1.0000,1.0000,721,721
1,Balanced,GA_Energy_Dominance_PC85,16702.8,10,1.0000,0.0000,1.0000,1.0000,721,721
1,Balanced,GA_Energy_Dominance_PC85,15720.3,10,0.7451,0.1047,0.5870,0.8605,721,542
1,Balanced,GA_Energy_Dominance_PC85,14737.8,10,0.4064,0.2430,0.0556,0.6667,721,313
1,Balanced,SA_WaitingTime_Dominance_PC85,17685.3,10,1.0000,0.0000,1.0000,1.0000,213,213
1,Balanced,SA_WaitingTime_Dominance_PC85,16702.8,10,1.0000,0.0000,1.0000,1.0000,213,213
1,Balanced,SA_WaitingTime_Dominance_PC85,15720.3,10,0.1157,0.0763,0.0417,0.3043,213,25
1,Balanced,SA_WaitingTime_Dominance_PC85,14737.8,10,0.0000,0.0000,0.0000,0.0000,213,0
1,Balanced,SA_Energy_Dominance_PC85,17685.3,10,1.0000,0.0000,1.0000,1.0000,1011,1011
1,Balanced,SA_Energy_Dominance_PC85,16702.8,10,1.0000,0.0000,1.0000,1.0000,1011,1011
1,Balanced,SA_Energy_Dominance_PC85,15720.3,10,0.2631,0.0874,0.0759,0.3587,1011,269
1,Balanced,SA_Energy_Dominance_PC85,14737.8,10,0.1238,0.0938,0.0417,0.2824,1011,123
1,Balanced,NSGA-II_PC85,17685.3,10,1.0000,0.0000,1.0000,1.0000,370,370
1,Balanced,NSGA-II_PC85,16702.8,10,1.0000,0.0000,1.0000,1.0000,370,370
1,Balanced,NSGA-II_PC85,15720.3,10,0.0674,0.1496,0.0000,0.4878,370,27
1,Balanced,NSGA-II_PC85,14737.8,10,0.0049,0.0154,0.0000,0.0488,370,2
1,Balanced,SPEA-II_PC85,17685.3,10,1.0000,0.0000,1.0000,1.0000,297,297
1,Balanced,SPEA-II_PC85,16702.8,10,1.0000,0.0000,1.0000,1.0000,297,297
1,Balanced,SPEA-II_PC85,15720.3,10,0.0492,0.1073,0.0000,0.3333,297,16
1,Balanced,SPEA-II_PC85,14737.8,10,0.0000,0.0000,0.0000,0.0000,297,0
1,Balanced,AMOSA_PC85,17685.3,10,1.0000,0.0000,1.0000,1.0000,221,221
1,Balanced,AMOSA_PC85,16702.8,10,1.0000,0.0000,1.0000,1.0000,221,221
1,Balanced,AMOSA_PC85,15720.3,10,0.0000,0.0000,0.0000,0.0000,221,0
1,Balanced,AMOSA_PC85,14737.8,10,0.0000,0.0000,0.0000,0.0000,221,0
1,Balanced,GA_WaitingTime_Dominance_PC80,17685.3,10,1.0000,0.0000,1.0000,1.0000,91,91
1,Balanced,GA_WaitingTime_Dominance_PC80,16702.8,10,1.0000,0.0000,1.0000,1.0000,91,91
1,Balanced,GA_WaitingTime_Dominance_PC80,15720.3,10,1.0000,0.0000,1.0000,1.0000,91,91
1,Balanced,GA_WaitingTime_Dominance_PC80,14737.8,10,0.0000,0.0000,0.0000,0.0000,91,0
1,Balanced,GA_Energy_Dominance_PC80,17685.3,10,1.0000,0.0000,1.0000,1.0000,960,960
1,Balanced,GA_Energy_Dominance_PC80,16702.8,10,1.0000,0.0000,1.0000,1.0000,960,960
1,Balanced,GA_Energy_Dominance_PC80,15720.3,10,1.0000,0.0000,1.0000,1.0000,960,960
1,Balanced,GA_Energy_Dominance_PC80,14737.8,10,0.4207,0.1333,0.2381,0.5938,960,405
1,Balanced,SA_WaitingTime_Dominance_PC80,17685.3,10,1.0000,0.0000,1.0000,1.0000,192,192
1,Balanced,SA_WaitingTime_Dominance_PC80,16702.8,10,1.0000,0.0000,1.0000,1.0000,192,192
1,Balanced,SA_WaitingTime_Dominance_PC80,15720.3,10,1.0000,0.0000,1.0000,1.0000,192,192
1,Balanced,SA_WaitingTime_Dominance_PC80,14737.8,10,0.0000,0.0000,0.0000,0.0000,192,0
1,Balanced,SA_Energy_Dominance_PC80,17685.3,10,1.0000,0.0000,1.0000,1.0000,991,991
1,Balanced,SA_Energy_Dominance_PC80,16702.8,10,1.0000,0.0000,1.0000,1.0000,991,991
1,Balanced,SA_Energy_Dominance_PC80,15720.3,10,1.0000,0.0000,1.0000,1.0000,991,991
1,Balanced,SA_Energy_Dominance_PC80,14737.8,10,0.1470,0.1099,0.0446,0.3579,991,146
1,Balanced,NSGA-II_PC80,17685.3,10,1.0000,0.0000,1.0000,1.0000,254,254
1,Balanced,NSGA-II_PC80,16702.8,10,1.0000,0.0000,1.0000,1.0000,254,254
1,Balanced,NSGA-II_PC80,15720.3,10,1.0000,0.0000,1.0000,1.0000,254,254
1,Balanced,NSGA-II_PC80,14737.8,10,0.0000,0.0000,0.0000,0.0000,254,0
1,Balanced,SPEA-II_PC80,17685.3,10,1.0000,0.0000,1.0000,1.0000,268,268
1,Balanced,SPEA-II_PC80,16702.8,10,1.0000,0.0000,1.0000,1.0000,268,268
1,Balanced,SPEA-II_PC80,15720.3,10,1.0000,0.0000,1.0000,1.0000,268,268
1,Balanced,SPEA-II_PC80,14737.8,10,0.0000,0.0000,0.0000,0.0000,268,0
1,Balanced,AMOSA_PC80,17685.3,10,1.0000,0.0000,1.0000,1.0000,150,150
1,Balanced,AMOSA_PC80,16702.8,10,1.0000,0.0000,1.0000,1.0000,150,150
1,Balanced,AMOSA_PC80,15720.3,10,1.0000,0.0000,1.0000,1.0000,150,150
1,Balanced,AMOSA_PC80,14737.8,10,0.0000,0.0000,0.0000,0.0000,150,0
1,Balanced,GA_WaitingTime_Dominance_PC75,17685.3,10,1.0000,0.0000,1.0000,1.0000,125,125
1,Balanced,GA_WaitingTime_Dominance_PC75,16702.8,10,1.0000,0.0000,1.0000,1.0000,125,125
1,Balanced,GA_WaitingTime_Dominance_PC75,15720.3,10,1.0000,0.0000,1.0000,1.0000,125,125
1,Balanced,GA_WaitingTime_Dominance_PC75,14737.8,10,1.0000,0.0000,1.0000,1.0000,125,125
1,Balanced,GA_Energy_Dominance_PC75,17685.3,10,1.0000,0.0000,1.0000,1.0000,895,895
1,Balanced,GA_Energy_Dominance_PC75,16702.8,10,1.0000,0.0000,1.0000,1.0000,895,895
1,Balanced,GA_Energy_Dominance_PC75,15720.3,10,1.0000,0.0000,1.0000,1.0000,895,895
1,Balanced,GA_Energy_Dominance_PC75,14737.8,10,1.0000,0.0000,1.0000,1.0000,895,895
1,Balanced,SA_WaitingTime_Dominance_PC75,17685.3,10,1.0000,0.0000,1.0000,1.0000,169,169
1,Balanced,SA_WaitingTime_Dominance_PC75,16702.8,10,1.0000,0.0000,1.0000,1.0000,169,169
1,Balanced,SA_WaitingTime_Dominance_PC75,15720.3,10,1.0000,0.0000,1.0000,1.0000,169,169
1,Balanced,SA_WaitingTime_Dominance_PC75,14737.8,10,1.0000,0.0000,1.0000,1.0000,169,169
1,Balanced,SA_Energy_Dominance_PC75,17685.3,10,1.0000,0.0000,1.0000,1.0000,888,888
1,Balanced,SA_Energy_Dominance_PC75,16702.8,10,1.0000,0.0000,1.0000,1.0000,888,888
1,Balanced,SA_Energy_Dominance_PC75,15720.3,10,1.0000,0.0000,1.0000,1.0000,888,888
1,Balanced,SA_Energy_Dominance_PC75,14737.8,10,1.0000,0.0000,1.0000,1.0000,888,888
1,Balanced,NSGA-II_PC75,17685.3,10,1.0000,0.0000,1.0000,1.0000,348,348
1,Balanced,NSGA-II_PC75,16702.8,10,1.0000,0.0000,1.0000,1.0000,348,348
1,Balanced,NSGA-II_PC75,15720.3,10,1.0000,0.0000,1.0000,1.0000,348,348
1,Balanced,NSGA-II_PC75,14737.8,10,1.0000,0.0000,1.0000,1.0000,348,348
1,Balanced,SPEA-II_PC75,17685.3,10,1.0000,0.0000,1.0000,1.0000,312,312
1,Balanced,SPEA-II_PC75,16702.8,10,1.0000,0.0000,1.0000,1.0000,312,312
1,Balanced,SPEA-II_PC75,15720.3,10,1.0000,0.0000,1.0000,1.0000,312,312
1,Balanced,SPEA-II_PC75,14737.8,10,1.0000,0.0000,1.0000,1.0000,312,312
1,Balanced,AMOSA_PC75,17685.3,10,1.0000,0.0000,1.0000,1.0000,225,225
1,Balanced,AMOSA_PC75,16702.8,10,1.0000,0.0000,1.0000,1.0000,225,225
1,Balanced,AMOSA_PC75,15720.3,10,1.0000,0.0000,1.0000,1.0000,225,225
1,Balanced,AMOSA_PC75,14737.8,10,1.0000,0.0000,1.0000,1.0000,225,225
2,GPU_Stress,GA_WaitingTime_Dominance,15114.5,10,0.0000,0.0000,0.0000,0.0000,199,0
2,GPU_Stress,GA_WaitingTime_Dominance,14274.8,10,0.0000,0.0000,0.0000,0.0000,199,0
2,GPU_Stress,GA_WaitingTime_Dominance,13435.1,10,0.0000,0.0000,0.0000,0.0000,199,0
2,GPU_Stress,GA_WaitingTime_Dominance,12595.4,10,0.0000,0.0000,0.0000,0.0000,199,0
2,GPU_Stress,GA_Energy_Dominance,15114.5,10,0.9681,0.0691,0.7917,1.0000,558,542
2,GPU_Stress,GA_Energy_Dominance,14274.8,10,0.8757,0.1537,0.5000,0.9839,558,494
2,GPU_Stress,GA_Energy_Dominance,13435.1,10,0.5224,0.0764,0.3889,0.6452,558,295
2,GPU_Stress,GA_Energy_Dominance,12595.4,10,0.3288,0.0743,0.2037,0.4304,558,186
2,GPU_Stress,SA_WaitingTime_Dominance,15114.5,10,0.0235,0.0386,0.0000,0.0952,152,4
2,GPU_Stress,SA_WaitingTime_Dominance,14274.8,10,0.0000,0.0000,0.0000,0.0000,152,0
2,GPU_Stress,SA_WaitingTime_Dominance,13435.1,10,0.0000,0.0000,0.0000,0.0000,152,0
2,GPU_Stress,SA_WaitingTime_Dominance,12595.4,10,0.0000,0.0000,0.0000,0.0000,152,0
2,GPU_Stress,SA_Energy_Dominance,15114.5,10,0.6571,0.1762,0.4324,0.9216,493,323
2,GPU_Stress,SA_Energy_Dominance,14274.8,10,0.3353,0.0750,0.1961,0.4328,493,164
2,GPU_Stress,SA_Energy_Dominance,13435.1,10,0.0969,0.0318,0.0625,0.1642,493,48
2,GPU_Stress,SA_Energy_Dominance,12595.4,10,0.0889,0.0219,0.0625,0.1364,493,43
2,GPU_Stress,NSGA-II,15114.5,10,0.6419,0.1474,0.4808,0.8684,478,302
2,GPU_Stress,NSGA-II,14274.8,10,0.2475,0.2377,0.0000,0.6905,478,115
2,GPU_Stress,NSGA-II,13435.1,10,0.0083,0.0193,0.0000,0.0588,478,4
2,GPU_Stress,NSGA-II,12595.4,10,0.0000,0.0000,0.0000,0.0000,478,0
2,GPU_Stress,SPEA-II,15114.5,10,0.5349,0.2998,0.0213,0.8710,375,194
2,GPU_Stress,SPEA-II,14274.8,10,0.1651,0.2762,0.0000,0.8529,375,61
2,GPU_Stress,SPEA-II,13435.1,10,0.0294,0.0930,0.0000,0.2941,375,10
2,GPU_Stress,SPEA-II,12595.4,10,0.0000,0.0000,0.0000,0.0000,375,0
2,GPU_Stress,AMOSA,15114.5,10,0.1186,0.1958,0.0000,0.5000,153,16
2,GPU_Stress,AMOSA,14274.8,10,0.1043,0.1681,0.0000,0.3571,153,14
2,GPU_Stress,AMOSA,13435.1,10,0.0059,0.0186,0.0000,0.0588,153,1
2,GPU_Stress,AMOSA,12595.4,10,0.0000,0.0000,0.0000,0.0000,153,0
2,GPU_Stress,GA_WaitingTime_Dominance_PC90,15114.5,10,1.0000,0.0000,1.0000,1.0000,133,133
2,GPU_Stress,GA_WaitingTime_Dominance_PC90,14274.8,10,0.0896,0.0935,0.0000,0.2500,133,11
2,GPU_Stress,GA_WaitingTime_Dominance_PC90,13435.1,10,0.0000,0.0000,0.0000,0.0000,133,0
2,GPU_Stress,GA_WaitingTime_Dominance_PC90,12595.4,10,0.0000,0.0000,0.0000,0.0000,133,0
2,GPU_Stress,GA_Energy_Dominance_PC90,15114.5,10,1.0000,0.0000,1.0000,1.0000,547,547
2,GPU_Stress,GA_Energy_Dominance_PC90,14274.8,10,0.9251,0.0562,0.8197,1.0000,547,506
2,GPU_Stress,GA_Energy_Dominance_PC90,13435.1,10,0.6220,0.1086,0.4884,0.8784,547,348
2,GPU_Stress,GA_Energy_Dominance_PC90,12595.4,10,0.3225,0.1422,0.0000,0.5345,547,187
2,GPU_Stress,SA_WaitingTime_Dominance_PC90,15114.5,10,1.0000,0.0000,1.0000,1.0000,148,148
2,GPU_Stress,SA_WaitingTime_Dominance_PC90,14274.8,10,0.0105,0.0333,0.0000,0.1053,148,2
2,GPU_Stress,SA_WaitingTime_Dominance_PC90,13435.1,10,0.0000,0.0000,0.0000,0.0000,148,0
2,GPU_Stress,SA_WaitingTime_Dominance_PC90,12595.4,10,0.0000,0.0000,0.0000,0.0000,148,0
2,GPU_Stress,SA_Energy_Dominance_PC90,15114.5,10,1.0000,0.0000,1.0000,1.0000,482,482
2,GPU_Stress,SA_Energy_Dominance_PC90,14274.8,10,0.4329,0.1205,0.2647,0.6935,482,212
2,GPU_Stress,SA_Energy_Dominance_PC90,13435.1,10,0.1260,0.0477,0.0732,0.2000,482,63
2,GPU_Stress,SA_Energy_Dominance_PC90,12595.4,10,0.0874,0.0234,0.0635,0.1452,482,43
2,GPU_Stress,NSGA-II_PC90,15114.5,10,1.0000,0.0000,1.0000,1.0000,408,408
2,GPU_Stress,NSGA-II_PC90,14274.8,10,0.8978,0.0953,0.7600,1.0000,408,369
2,GPU_Stress,NSGA-II_PC90,13435.1,10,0.7050,0.2040,0.2400,0.9773,408,299
2,GPU_Stress,NSGA-II_PC90,12595.4,10,0.2467,0.1901,0.0000,0.5088,408,109
2,GPU_Stress,SPEA-II_PC90,15114.5,10,1.0000,0.0000,1.0000,1.0000,413,413
2,GPU_Stress,SPEA-II_PC90,14274.8,10,0.9422,0.0703,0.8000,1.0000,413,388
2,GPU_Stress,SPEA-II_PC90,13435.1,10,0.6071,0.1893,0.1667,0.9286,413,257
2,GPU_Stress,SPEA-II_PC90,12595.4,10,0.0946,0.1294,0.0000,0.3962,413,45
2,GPU_Stress,AMOSA_PC90,15114.5,10,1.0000,0.0000,1.0000,1.0000,149,149
2,GPU_Stress,AMOSA_PC90,14274.8,10,0.1439,0.2344,0.0000,0.6429,149,22
2,GPU_Stress,AMOSA_PC90,13435.1,10,0.0000,0.0000,0.0000,0.0000,149,0
2,GPU_Stress,AMOSA_PC90,12595.4,10,0.0000,0.0000,0.0000,0.0000,149,0
2,GPU_Stress,GA_WaitingTime_Dominance_PC85,15114.5,10,1.0000,0.0000,1.0000,1.0000,129,129
2,GPU_Stress,GA_WaitingTime_Dominance_PC85,14274.8,10,1.0000,0.0000,1.0000,1.0000,129,129
2,GPU_Stress,GA_WaitingTime_Dominance_PC85,13435.1,10,0.0520,0.0659,0.0000,0.2000,129,8
2,GPU_Stress,GA_WaitingTime_Dominance_PC85,12595.4,10,0.0000,0.0000,0.0000,0.0000,129,0
2,GPU_Stress,GA_Energy_Dominance_PC85,15114.5,10,1.0000,0.0000,1.0000,1.0000,636,636
2,GPU_Stress,GA_Energy_Dominance_PC85,14274.8,10,1.0000,0.0000,1.0000,1.0000,636,636
2,GPU_Stress,GA_Energy_Dominance_PC85,13435.1,10,0.7336,0.0636,0.5867,0.8000,636,465
2,GPU_Stress,GA_Energy_Dominance_PC85,12595.4,10,0.3018,0.1645,0.1064,0.5370,636,196
2,GPU_Stress,SA_WaitingTime_Dominance_PC85,15114.5,10,1.0000,0.0000,1.0000,1.0000,163,163
2,GPU_Stress,SA_WaitingTime_Dominance_PC85,14274.8,10,1.0000,0.0000,1.0000,1.0000,163,163
2,GPU_Stress,SA_WaitingTime_Dominance_PC85,13435.1,10,0.0000,0.0000,0.0000,0.0000,163,0
2,GPU_Stress,SA_WaitingTime_Dominance_PC85,12595.4,10,0.0000,0.0000,0.0000,0.0000,163,0
2,GPU_Stress,SA_Energy_Dominance_PC85,15114.5,10,1.0000,0.0000,1.0000,1.0000,445,445
2,GPU_Stress,SA_Energy_Dominance_PC85,14274.8,10,1.0000,0.0000,1.0000,1.0000,445,445
2,GPU_Stress,SA_Energy_Dominance_PC85,13435.1,10,0.1681,0.0759,0.0625,0.3030,445,74
2,GPU_Stress,SA_Energy_Dominance_PC85,12595.4,10,0.1019,0.0415,0.0625,0.1724,445,42
2,GPU_Stress,NSGA-II_PC85,15114.5,10,1.0000,0.0000,1.0000,1.0000,360,360
2,GPU_Stress,NSGA-II_PC85,14274.8,10,1.0000,0.0000,1.0000,1.0000,360,360
2,GPU_Stress,NSGA-II_PC85,13435.1,10,0.7711,0.1534,0.4516,1.0000,360,283
2,GPU_Stress,NSGA-II_PC85,12595.4,10,0.1497,0.2191,0.0000,0.7292,360,62
2,GPU_Stress,SPEA-II_PC85,15114.5,10,1.0000,0.0000,1.0000,1.0000,406,406
2,GPU_Stress,SPEA-II_PC85,14274.8,10,1.0000,0.0000,1.0000,1.0000,406,406
2,GPU_Stress,SPEA-II_PC85,13435.1,10,0.7148,0.1636,0.3636,0.8919,406,295
2,GPU_Stress,SPEA-II_PC85,12595.4,10,0.0228,0.0266,0.0000,0.0698,406,10
2,GPU_Stress,AMOSA_PC85,15114.5,10,1.0000,0.0000,1.0000,1.0000,190,190
2,GPU_Stress,AMOSA_PC85,14274.8,10,1.0000,0.0000,1.0000,1.0000,190,190
2,GPU_Stress,AMOSA_PC85,13435.1,10,0.0122,0.0264,0.0000,0.0741,190,3
2,GPU_Stress,AMOSA_PC85,12595.4,10,0.0000,0.0000,0.0000,0.0000,190,0
2,GPU_Stress,GA_WaitingTime_Dominance_PC80,15114.5,10,1.0000,0.0000,1.0000,1.0000,104,104
2,GPU_Stress,GA_WaitingTime_Dominance_PC80,14274.8,10,1.0000,0.0000,1.0000,1.0000,104,104
2,GPU_Stress,GA_WaitingTime_Dominance_PC80,13435.1,10,1.0000,0.0000,1.0000,1.0000,104,104
2,GPU_Stress,GA_WaitingTime_Dominance_PC80,12595.4,10,0.0000,0.0000,0.0000,0.0000,104,0
2,GPU_Stress,GA_Energy_Dominance_PC80,15114.5,10,1.0000,0.0000,1.0000,1.0000,588,588
2,GPU_Stress,GA_Energy_Dominance_PC80,14274.8,10,1.0000,0.0000,1.0000,1.0000,588,588
2,GPU_Stress,GA_Energy_Dominance_PC80,13435.1,10,1.0000,0.0000,1.0000,1.0000,588,588
2,GPU_Stress,GA_Energy_Dominance_PC80,12595.4,10,0.4882,0.1179,0.3061,0.6829,588,292
2,GPU_Stress,SA_WaitingTime_Dominance_PC80,15114.5,10,1.0000,0.0000,1.0000,1.0000,153,153
2,GPU_Stress,SA_WaitingTime_Dominance_PC80,14274.8,10,1.0000,0.0000,1.0000,1.0000,153,153
2,GPU_Stress,SA_WaitingTime_Dominance_PC80,13435.1,10,1.0000,0.0000,1.0000,1.0000,153,153
2,GPU_Stress,SA_WaitingTime_Dominance_PC80,12595.4,10,0.0000,0.0000,0.0000,0.0000,153,0
2,GPU_Stress,SA_Energy_Dominance_PC80,15114.5,10,1.0000,0.0000,1.0000,1.0000,444,444
2,GPU_Stress,SA_Energy_Dominance_PC80,14274.8,10,1.0000,0.0000,1.0000,1.0000,444,444
2,GPU_Stress,SA_Energy_Dominance_PC80,13435.1,10,1.0000,0.0000,1.0000,1.0000,444,444
2,GPU_Stress,SA_Energy_Dominance_PC80,12595.4,10,0.0901,0.0316,0.0392,0.1364,444,39
2,GPU_Stress,NSGA-II_PC80,15114.5,10,1.0000,0.0000,1.0000,1.0000,380,380
2,GPU_Stress,NSGA-II_PC80,14274.8,10,1.0000,0.0000,1.0000,1.0000,380,380
2,GPU_Stress,NSGA-II_PC80,13435.1,10,1.0000,0.0000,1.0000,1.0000,380,380
2,GPU_Stress,NSGA-II_PC80,12595.4,10,0.3636,0.2674,0.0000,0.8049,380,139
2,GPU_Stress,SPEA-II_PC80,15114.5,10,1.0000,0.0000,1.0000,1.0000,344,344
2,GPU_Stress,SPEA-II_PC80,14274.8,10,1.0000,0.0000,1.0000,1.0000,344,344
2,GPU_Stress,SPEA-II_PC80,13435.1,10,1.0000,0.0000,1.0000,1.0000,344,344
2,GPU_Stress,SPEA-II_PC80,12595.4,10,0.2053,0.2097,0.0000,0.6842,344,76
2,GPU_Stress,AMOSA_PC80,15114.5,10,1.0000,0.0000,1.0000,1.0000,265,265
2,GPU_Stress,AMOSA_PC80,14274.8,10,1.0000,0.0000,1.0000,1.0000,265,265
2,GPU_Stress,AMOSA_PC80,13435.1,10,1.0000,0.0000,1.0000,1.0000,265,265
2,GPU_Stress,AMOSA_PC80,12595.4,10,0.0038,0.0122,0.0000,0.0385,265,1
2,GPU_Stress,GA_WaitingTime_Dominance_PC75,15114.5,10,1.0000,0.0000,1.0000,1.0000,156,156
2,GPU_Stress,GA_WaitingTime_Dominance_PC75,14274.8,10,1.0000,0.0000,1.0000,1.0000,156,156
2,GPU_Stress,GA_WaitingTime_Dominance_PC75,13435.1,10,1.0000,0.0000,1.0000,1.0000,156,156
2,GPU_Stress,GA_WaitingTime_Dominance_PC75,12595.4,10,1.0000,0.0000,1.0000,1.0000,156,156
2,GPU_Stress,GA_Energy_Dominance_PC75,15114.5,10,1.0000,0.0000,1.0000,1.0000,575,575
2,GPU_Stress,GA_Energy_Dominance_PC75,14274.8,10,1.0000,0.0000,1.0000,1.0000,575,575
2,GPU_Stress,GA_Energy_Dominance_PC75,13435.1,10,1.0000,0.0000,1.0000,1.0000,575,575
2,GPU_Stress,GA_Energy_Dominance_PC75,12595.4,10,1.0000,0.0000,1.0000,1.0000,575,575
2,GPU_Stress,SA_WaitingTime_Dominance_PC75,15114.5,10,1.0000,0.0000,1.0000,1.0000,160,160
2,GPU_Stress,SA_WaitingTime_Dominance_PC75,14274.8,10,1.0000,0.0000,1.0000,1.0000,160,160
2,GPU_Stress,SA_WaitingTime_Dominance_PC75,13435.1,10,1.0000,0.0000,1.0000,1.0000,160,160
2,GPU_Stress,SA_WaitingTime_Dominance_PC75,12595.4,10,1.0000,0.0000,1.0000,1.0000,160,160
2,GPU_Stress,SA_Energy_Dominance_PC75,15114.5,10,1.0000,0.0000,1.0000,1.0000,369,369
2,GPU_Stress,SA_Energy_Dominance_PC75,14274.8,10,1.0000,0.0000,1.0000,1.0000,369,369
2,GPU_Stress,SA_Energy_Dominance_PC75,13435.1,10,1.0000,0.0000,1.0000,1.0000,369,369
2,GPU_Stress,SA_Energy_Dominance_PC75,12595.4,10,1.0000,0.0000,1.0000,1.0000,369,369
2,GPU_Stress,NSGA-II_PC75,15114.5,10,1.0000,0.0000,1.0000,1.0000,320,320
2,GPU_Stress,NSGA-II_PC75,14274.8,10,1.0000,0.0000,1.0000,1.0000,320,320
2,GPU_Stress,NSGA-II_PC75,13435.1,10,1.0000,0.0000,1.0000,1.0000,320,320
2,GPU_Stress,NSGA-II_PC75,12595.4,10,1.0000,0.0000,1.0000,1.0000,320,320
2,GPU_Stress,SPEA-II_PC75,15114.5,10,1.0000,0.0000,1.0000,1.0000,326,326
2,GPU_Stress,SPEA-II_PC75,14274.8,10,1.0000,0.0000,1.0000,1.0000,326,326
2,GPU_Stress,SPEA-II_PC75,13435.1,10,1.0000,0.0000,1.0000,1.0000,326,326
2,GPU_Stress,SPEA-II_PC75,12595.4,10,1.0000,0.0000,1.0000,1.0000,326,326
2,GPU_Stress,AMOSA_PC75,15114.5,10,1.0000,0.0000,1.0000,1.0000,219,219
2,GPU_Stress,AMOSA_PC75,14274.8,10,1.0000,0.0000,1.0000,1.0000,219,219
2,GPU_Stress,AMOSA_PC75,13435.1,10,1.0000,0.0000,1.0000,1.0000,219,219
2,GPU_Stress,AMOSA_PC75,12595.4,10,1.0000,0.0000,1.0000,1.0000,219,219
3,CPU_Stress,GA_WaitingTime_Dominance,15824.3,10,0.0826,0.1107,0.0000,0.3333,143,11
3,CPU_Stress,GA_WaitingTime_Dominance,14945.2,10,0.0373,0.0741,0.0000,0.2222,143,4
3,CPU_Stress,GA_WaitingTime_Dominance,14066.1,10,0.0000,0.0000,0.0000,0.0000,143,0
3,CPU_Stress,GA_WaitingTime_Dominance,13186.9,10,0.0000,0.0000,0.0000,0.0000,143,0
3,CPU_Stress,GA_Energy_Dominance,15824.3,10,0.9624,0.0249,0.9211,1.0000,899,866
3,CPU_Stress,GA_Energy_Dominance,14945.2,10,0.8737,0.0542,0.8000,0.9485,899,786
3,CPU_Stress,GA_Energy_Dominance,14066.1,10,0.7532,0.0563,0.6500,0.8427,899,677
3,CPU_Stress,GA_Energy_Dominance,13186.9,10,0.6268,0.0744,0.4900,0.7416,899,562
3,CPU_Stress,SA_WaitingTime_Dominance,15824.3,10,0.0000,0.0000,0.0000,0.0000,227,0
3,CPU_Stress,SA_WaitingTime_Dominance,14945.2,10,0.0000,0.0000,0.0000,0.0000,227,0
3,CPU_Stress,SA_WaitingTime_Dominance,14066.1,10,0.0000,0.0000,0.0000,0.0000,227,0
3,CPU_Stress,SA_WaitingTime_Dominance,13186.9,10,0.0000,0.0000,0.0000,0.0000,227,0
3,CPU_Stress,SA_Energy_Dominance,15824.3,10,0.7065,0.1851,0.4530,0.9725,1163,817
3,CPU_Stress,SA_Energy_Dominance,14945.2,10,0.4475,0.2267,0.2212,0.7982,1163,522
3,CPU_Stress,SA_Energy_Dominance,14066.1,10,0.1620,0.0713,0.0930,0.3071,1163,191
3,CPU_Stress,SA_Energy_Dominance,13186.9,10,0.0881,0.0518,0.0367,0.2047,1163,105
3,CPU_Stress,NSGA-II,15824.3,10,0.5872,0.0870,0.4643,0.7647,531,311
3,CPU_Stress,NSGA-II,14945.2,10,0.3696,0.1973,0.0714,0.5417,531,193
3,CPU_Stress,NSGA-II,14066.1,10,0.0649,0.1149,0.0000,0.3448,531,36
3,CPU_Stress,NSGA-II,13186.9,10,0.0000,0.0000,0.0000,0.0000,531,0
3,CPU_Stress,SPEA-II,15824.3,10,0.5876,0.1009,0.4167,0.7551,486,289
3,CPU_Stress,SPEA-II,14945.2,10,0.3050,0.1331,0.1064,0.4717,486,151
3,CPU_Stress,SPEA-II,14066.1,10,0.0337,0.0418,0.0000,0.1190,486,16
3,CPU_Stress,SPEA-II,13186.9,10,0.0000,0.0000,0.0000,0.0000,486,0
3,CPU_Stress,AMOSA,15824.3,10,0.4851,0.0923,0.3600,0.6250,249,121
3,CPU_Stress,AMOSA,14945.2,10,0.2190,0.1012,0.0500,0.3750,249,55
3,CPU_Stress,AMOSA,14066.1,10,0.1494,0.0859,0.0000,0.2308,249,38
3,CPU_Stress,AMOSA,13186.9,10,0.0000,0.0000,0.0000,0.0000,249,0
3,CPU_Stress,GA_WaitingTime_Dominance_PC90,15824.3,10,1.0000,0.0000,1.0000,1.0000,170,170
3,CPU_Stress,GA_WaitingTime_Dominance_PC90,14945.2,10,0.0741,0.0383,0.0000,0.1364,170,13
3,CPU_Stress,GA_WaitingTime_Dominance_PC90,14066.1,10,0.0000,0.0000,0.0000,0.0000,170,0
3,CPU_Stress,GA_WaitingTime_Dominance_PC90,13186.9,10,0.0000,0.0000,0.0000,0.0000,170,0
3,CPU_Stress,GA_Energy_Dominance_PC90,15824.3,10,1.0000,0.0000,1.0000,1.0000,960,960
3,CPU_Stress,GA_Energy_Dominance_PC90,14945.2,10,0.9400,0.0312,0.8947,0.9813,960,903
3,CPU_Stress,GA_Energy_Dominance_PC90,14066.1,10,0.8040,0.0560,0.7340,0.9100,960,771
3,CPU_Stress,GA_Energy_Dominance_PC90,13186.9,10,0.6624,0.0965,0.4854,0.7791,960,636
3,CPU_Stress,SA_WaitingTime_Dominance_PC90,15824.3,10,1.0000,0.0000,1.0000,1.0000,218,218
3,CPU_Stress,SA_WaitingTime_Dominance_PC90,14945.2,10,0.0000,0.0000,0.0000,0.0000,218,0
3,CPU_Stress,SA_WaitingTime_Dominance_PC90,14066.1,10,0.0000,0.0000,0.0000,0.0000,218,0
3,CPU_Stress,SA_WaitingTime_Dominance_PC90,13186.9,10,0.0000,0.0000,0.0000,0.0000,218,0
3,CPU_Stress,SA_Energy_Dominance_PC90,15824.3,10,1.0000,0.0000,1.0000,1.0000,1170,1170
3,CPU_Stress,SA_Energy_Dominance_PC90,14945.2,10,0.4797,0.2095,0.1778,0.8269,1170,561
3,CPU_Stress,SA_Energy_Dominance_PC90,14066.1,10,0.1971,0.1657,0.0593,0.5288,1170,231
3,CPU_Stress,SA_Energy_Dominance_PC90,13186.9,10,0.0942,0.0815,0.0367,0.2667,1170,112
3,CPU_Stress,NSGA-II_PC90,15824.3,10,1.0000,0.0000,1.0000,1.0000,519,519
3,CPU_Stress,NSGA-II_PC90,14945.2,10,0.8519,0.0849,0.7308,0.9796,519,443
3,CPU_Stress,NSGA-II_PC90,14066.1,10,0.6306,0.2003,0.2653,0.8958,519,330
3,CPU_Stress,NSGA-II_PC90,13186.9,10,0.2721,0.2128,0.0000,0.6327,519,145
3,CPU_Stress,SPEA-II_PC90,15824.3,10,1.0000,0.0000,1.0000,1.0000,507,507
3,CPU_Stress,SPEA-II_PC90,14945.2,10,0.7946,0.1150,0.6190,0.9672,507,407
3,CPU_Stress,SPEA-II_PC90,14066.1,10,0.6456,0.1564,0.2553,0.8163,507,331
3,CPU_Stress,SPEA-II_PC90,13186.9,10,0.3041,0.2302,0.0000,0.7143,507,155
3,CPU_Stress,AMOSA_PC90,15824.3,10,1.0000,0.0000,1.0000,1.0000,265,265
3,CPU_Stress,AMOSA_PC90,14945.2,10,0.1328,0.1036,0.0000,0.3043,265,33
3,CPU_Stress,AMOSA_PC90,14066.1,10,0.0602,0.1006,0.0000,0.3043,265,14
3,CPU_Stress,AMOSA_PC90,13186.9,10,0.0000,0.0000,0.0000,0.0000,265,0
3,CPU_Stress,GA_WaitingTime_Dominance_PC85,15824.3,10,1.0000,0.0000,1.0000,1.0000,153,153
3,CPU_Stress,GA_WaitingTime_Dominance_PC85,14945.2,10,1.0000,0.0000,1.0000,1.0000,153,153
3,CPU_Stress,GA_WaitingTime_Dominance_PC85,14066.1,10,0.0184,0.0315,0.0000,0.0833,153,4
3,CPU_Stress,GA_WaitingTime_Dominance_PC85,13186.9,10,0.0000,0.0000,0.0000,0.0000,153,0
3,CPU_Stress,GA_Energy_Dominance_PC85,15824.3,10,1.0000,0.0000,1.0000,1.0000,942,942
3,CPU_Stress,GA_Energy_Dominance_PC85,14945.2,10,1.0000,0.0000,1.0000,1.0000,942,942
3,CPU_Stress,GA_Energy_Dominance_PC85,14066.1,10,0.9138,0.0307,0.8690,0.9706,942,862
3,CPU_Stress,GA_Energy_Dominance_PC85,13186.9,10,0.7523,0.0720,0.5727,0.8431,942,707
3,CPU_Stress,SA_WaitingTime_Dominance_PC85,15824.3,10,1.0000,0.0000,1.0000,1.0000,178,178
3,CPU_Stress,SA_WaitingTime_Dominance_PC85,14945.2,10,1.0000,0.0000,1.0000,1.0000,178,178
3,CPU_Stress,SA_WaitingTime_Dominance_PC85,14066.1,10,0.0000,0.0000,0.0000,0.0000,178,0
3,CPU_Stress,SA_WaitingTime_Dominance_PC85,13186.9,10,0.0000,0.0000,0.0000,0.0000,178,0
3,CPU_Stress,SA_Energy_Dominance_PC85,15824.3,10,1.0000,0.0000,1.0000,1.0000,1136,1136
3,CPU_Stress,SA_Energy_Dominance_PC85,14945.2,10,1.0000,0.0000,1.0000,1.0000,1136,1136
3,CPU_Stress,SA_Energy_Dominance_PC85,14066.1,10,0.3034,0.1385,0.1453,0.6262,1136,342
3,CPU_Stress,SA_Energy_Dominance_PC85,13186.9,10,0.0925,0.0432,0.0427,0.1652,1136,105
3,CPU_Stress,NSGA-II_PC85,15824.3,10,1.0000,0.0000,1.0000,1.0000,486,486
3,CPU_Stress,NSGA-II_PC85,14945.2,10,1.0000,0.0000,1.0000,1.0000,486,486
3,CPU_Stress,NSGA-II_PC85,14066.1,10,0.8643,0.0992,0.6909,0.9783,486,416
3,CPU_Stress,NSGA-II_PC85,13186.9,10,0.4995,0.2340,0.1000,0.8298,486,235
3,CPU_Stress,SPEA-II_PC85,15824.3,10,1.0000,0.0000,1.0000,1.0000,486,486
3,CPU_Stress,SPEA-II_PC85,14945.2,10,1.0000,0.0000,1.0000,1.0000,486,486
3,CPU_Stress,SPEA-II_PC85,14066.1,10,0.8188,0.1766,0.3415,0.9655,486,403
3,CPU_Stress,SPEA-II_PC85,13186.9,10,0.5127,0.2403,0.0000,0.7547,486,258
3,CPU_Stress,AMOSA_PC85,15824.3,10,1.0000,0.0000,1.0000,1.0000,277,277
3,CPU_Stress,AMOSA_PC85,14945.2,10,1.0000,0.0000,1.0000,1.0000,277,277
3,CPU_Stress,AMOSA_PC85,14066.1,10,0.0117,0.0205,0.0000,0.0588,277,3
3,CPU_Stress,AMOSA_PC85,13186.9,10,0.0000,0.0000,0.0000,0.0000,277,0
3,CPU_Stress,GA_WaitingTime_Dominance_PC80,15824.3,10,1.0000,0.0000,1.0000,1.0000,121,121
3,CPU_Stress,GA_WaitingTime_Dominance_PC80,14945.2,10,1.0000,0.0000,1.0000,1.0000,121,121
3,CPU_Stress,GA_WaitingTime_Dominance_PC80,14066.1,10,1.0000,0.0000,1.0000,1.0000,121,121
3,CPU_Stress,GA_WaitingTime_Dominance_PC80,13186.9,10,0.0200,0.0450,0.0000,0.1333,121,3
3,CPU_Stress,GA_Energy_Dominance_PC80,15824.3,10,1.0000,0.0000,1.0000,1.0000,824,824
3,CPU_Stress,GA_Energy_Dominance_PC80,14945.2,10,1.0000,0.0000,1.0000,1.0000,824,824
3,CPU_Stress,GA_Energy_Dominance_PC80,14066.1,10,1.0000,0.0000,1.0000,1.0000,824,824
3,CPU_Stress,GA_Energy_Dominance_PC80,13186.9,10,0.7961,0.1229,0.4857,0.9070,824,667
3,CPU_Stress,SA_WaitingTime_Dominance_PC80,15824.3,10,1.0000,0.0000,1.0000,1.0000,159,159
3,CPU_Stress,SA_WaitingTime_Dominance_PC80,14945.2,10,1.0000,0.0000,1.0000,1.0000,159,159
3,CPU_Stress,SA_WaitingTime_Dominance_PC80,14066.1,10,1.0000,0.0000,1.0000,1.0000,159,159
3,CPU_Stress,SA_WaitingTime_Dominance_PC80,13186.9,10,0.0000,0.0000,0.0000,0.0000,159,0
3,CPU_Stress,SA_Energy_Dominance_PC80,15824.3,10,1.0000,0.0000,1.0000,1.0000,1083,1083
3,CPU_Stress,SA_Energy_Dominance_PC80,14945.2,10,1.0000,0.0000,1.0000,1.0000,1083,1083
3,CPU_Stress,SA_Energy_Dominance_PC80,14066.1,10,1.0000,0.0000,1.0000,1.0000,1083,1083
3,CPU_Stress,SA_Energy_Dominance_PC80,13186.9,10,0.2167,0.0650,0.1159,0.3068,1083,235
3,CPU_Stress,NSGA-II_PC80,15824.3,10,1.0000,0.0000,1.0000,1.0000,490,490
3,CPU_Stress,NSGA-II_PC80,14945.2,10,1.0000,0.0000,1.0000,1.0000,490,490
3,CPU_Stress,NSGA-II_PC80,14066.1,10,1.0000,0.0000,1.0000,1.0000,490,490
3,CPU_Stress,NSGA-II_PC80,13186.9,10,0.8056,0.0878,0.6875,0.9821,490,395
3,CPU_Stress,SPEA-II_PC80,15824.3,10,1.0000,0.0000,1.0000,1.0000,439,439
3,CPU_Stress,SPEA-II_PC80,14945.2,10,1.0000,0.0000,1.0000,1.0000,439,439
3,CPU_Stress,SPEA-II_PC80,14066.1,10,1.0000,0.0000,1.0000,1.0000,439,439
3,CPU_Stress,SPEA-II_PC80,13186.9,10,0.4421,0.2652,0.0000,0.7568,439,198
3,CPU_Stress,AMOSA_PC80,15824.3,10,1.0000,0.0000,1.0000,1.0000,276,276
3,CPU_Stress,AMOSA_PC80,14945.2,10,1.0000,0.0000,1.0000,1.0000,276,276
3,CPU_Stress,AMOSA_PC80,14066.1,10,1.0000,0.0000,1.0000,1.0000,276,276
3,CPU_Stress,AMOSA_PC80,13186.9,10,0.0000,0.0000,0.0000,0.0000,276,0
3,CPU_Stress,GA_WaitingTime_Dominance_PC75,15824.3,10,1.0000,0.0000,1.0000,1.0000,129,129
3,CPU_Stress,GA_WaitingTime_Dominance_PC75,14945.2,10,1.0000,0.0000,1.0000,1.0000,129,129
3,CPU_Stress,GA_WaitingTime_Dominance_PC75,14066.1,10,1.0000,0.0000,1.0000,1.0000,129,129
3,CPU_Stress,GA_WaitingTime_Dominance_PC75,13186.9,10,1.0000,0.0000,1.0000,1.0000,129,129
3,CPU_Stress,GA_Energy_Dominance_PC75,15824.3,10,1.0000,0.0000,1.0000,1.0000,947,947
3,CPU_Stress,GA_Energy_Dominance_PC75,14945.2,10,1.0000,0.0000,1.0000,1.0000,947,947
3,CPU_Stress,GA_Energy_Dominance_PC75,14066.1,10,1.0000,0.0000,1.0000,1.0000,947,947
3,CPU_Stress,GA_Energy_Dominance_PC75,13186.9,10,1.0000,0.0000,1.0000,1.0000,947,947
3,CPU_Stress,SA_WaitingTime_Dominance_PC75,15824.3,10,1.0000,0.0000,1.0000,1.0000,145,145
3,CPU_Stress,SA_WaitingTime_Dominance_PC75,14945.2,10,1.0000,0.0000,1.0000,1.0000,145,145
3,CPU_Stress,SA_WaitingTime_Dominance_PC75,14066.1,10,1.0000,0.0000,1.0000,1.0000,145,145
3,CPU_Stress,SA_WaitingTime_Dominance_PC75,13186.9,10,1.0000,0.0000,1.0000,1.0000,145,145
3,CPU_Stress,SA_Energy_Dominance_PC75,15824.3,10,1.0000,0.0000,1.0000,1.0000,1085,1085
3,CPU_Stress,SA_Energy_Dominance_PC75,14945.2,10,1.0000,0.0000,1.0000,1.0000,1085,1085
3,CPU_Stress,SA_Energy_Dominance_PC75,14066.1,10,1.0000,0.0000,1.0000,1.0000,1085,1085
3,CPU_Stress,SA_Energy_Dominance_PC75,13186.9,10,1.0000,0.0000,1.0000,1.0000,1085,1085
3,CPU_Stress,NSGA-II_PC75,15824.3,10,1.0000,0.0000,1.0000,1.0000,455,455
3,CPU_Stress,NSGA-II_PC75,14945.2,10,1.0000,0.0000,1.0000,1.0000,455,455
3,CPU_Stress,NSGA-II_PC75,14066.1,10,1.0000,0.0000,1.0000,1.0000,455,455
3,CPU_Stress,NSGA-II_PC75,13186.9,10,1.0000,0.0000,1.0000,1.0000,455,455
3,CPU_Stress,SPEA-II_PC75,15824.3,10,1.0000,0.0000,1.0000,1.0000,479,479
3,CPU_Stress,SPEA-II_PC75,14945.2,10,1.0000,0.0000,1.0000,1.0000,479,479
3,CPU_Stress,SPEA-II_PC75,14066.1,10,1.0000,0.0000,1.0000,1.0000,479,479
3,CPU_Stress,SPEA-II_PC75,13186.9,10,1.0000,0.0000,1.0000,1.0000,479,479
3,CPU_Stress,AMOSA_PC75,15824.3,10,1.0000,0.0000,1.0000,1.0000,253,253
3,CPU_Stress,AMOSA_PC75,14945.2,10,1.0000,0.0000,1.0000,1.0000,253,253
3,CPU_Stress,AMOSA_PC75,14066.1,10,1.0000,0.0000,1.0000,1.0000,253,253
3,CPU_Stress,AMOSA_PC75,13186.9,10,1.0000,0.0000,1.0000,1.0000,253,253
