Scenario,Algorithm,Seed,HV_fixed,EpsPlus,ParetoContribution_pct,nSolutions,ref_x_raw,ref_y_raw
1,AMOSA,200,0.3605767545726279,0.6871093469757852,0.0,12,37.0834,0.0697355366
1,AMOSA,201,0.3632188233055322,0.6834864731540893,0.0,26,37.0834,0.0697355366
1,AMOSA,202,0.37151182354046736,0.6752250252305558,0.0,15,37.0834,0.0697355366
1,AMOSA,203,0.36653506658989154,0.6795491721728484,0.0,19,37.0834,0.0697355366
1,AMOSA,204,0.3904881638119117,0.6513630784778089,0.0,23,37.0834,0.0697355366
1,AMOSA,205,0.3529313309076838,0.6968935718209839,0.0,22,37.0834,0.0697355366
1,AMOSA,206,0.3981341217141675,0.6424852972429224,0.0,26,37.0834,0.0697355366
1,AMOSA,207,0.36422766371309917,0.6824182716600382,0.0,26,37.0834,0.0697355366
1,AMOSA,208,0.3761354110862599,0.6684902217214248,0.0,22,37.0834,0.0697355366
1,AMOSA,209,0.3882195108688577,0.6557629315904349,0.0,17,37.0834,0.0697355366
1,AMOSA_PC75,200,0.3294862133787504,0.7024262619000333,0.0,19,37.0834,0.0697355366
1,AMOSA_PC75,201,0.3431937753534125,0.682888607120557,0.0,25,37.0834,0.0697355366
1,AMOSA_PC75,202,0.3382566926824204,0.6893448544652814,0.0,24,37.0834,0.0697355366
1,AMOSA_PC75,203,0.34731556475722597,0.6786807266786803,0.0,26,37.0834,0.0697355366
1,AMOSA_PC75,204,0.41127166889183225,0.5907643983370554,0.0,32,37.0834,0.0697355366
1,AMOSA_PC75,205,0.3506097598337723,0.6743945778525322,0.0,21,37.0834,0.0697355366
1,AMOSA_PC75,206,0.364343985019924,0.6618913122383521,0.0,16,37.0834,0.0697355366
1,AMOSA_PC75,207,0.3079685914612011,0.7248582515568108,0.0,15,37.0834,0.0697355366
1,AMOSA_PC75,208,0.34207263909753327,0.6794501160151135,0.0,25,37.0834,0.0697355366
1,AMOSA_PC75,209,0.3712046760140772,0.6534423392607173,0.0,22,37.0834,0.0697355366
1,AMOSA_PC80,200,0.35523749486969053,0.6912105329617705,0.0,21,37.0834,0.0697355366
1,AMOSA_PC80,201,0.3316173127896272,0.7187108718508214,0.0,10,37.0834,0.0697355366
1,AMOSA_PC80,202,0.2853781502885961,0.773197414813155,0.0,8,37.0834,0.0697355366
1,AMOSA_PC80,203,0.35068465368638274,0.6973680164925359,0.0,24,37.0834,0.0697355366
1,AMOSA_PC80,204,0.3260192877016538,0.7261852850023082,0.0,9,37.0834,0.0697355366
1,AMOSA_PC80,205,0.3508177903953499,0.6967589830737247,0.0,14,37.0834,0.0697355366
1,AMOSA_PC80,206,0.34958149832529367,0.697144620443296,0.0,17,37.0834,0.0697355366
1,AMOSA_PC80,207,0.33801092765779794,0.7124360099154781,0.0,14,37.0834,0.0697355366
1,AMOSA_PC80,208,0.35248480472489396,0.6900268384658506,0.0,19,37.0834,0.0697355366
1,AMOSA_PC80,209,0.3463633388871857,0.7022852434460984,0.0,14,37.0834,0.0697355366
1,AMOSA_PC85,200,0.35437605016349977,0.6923387289369094,0.0,29,37.0834,0.0697355366
1,AMOSA_PC85,201,0.36624757209452835,0.6796433939646617,0.0,12,37.0834,0.0697355366
1,AMOSA_PC85,202,0.3936280355838705,0.6469163320157431,0.0,27,37.0834,0.0697355366
1,AMOSA_PC85,203,0.3740456955749412,0.6717452486401413,0.0,21,37.0834,0.0697355366
1,AMOSA_PC85,204,0.3671205395702407,0.6788398256611624,0.0,20,37.0834,0.0697355366
1,AMOSA_PC85,205,0.3946511570092163,0.6472383974734442,0.0,17,37.0834,0.0697355366
1,AMOSA_PC85,206,0.36591981118381345,0.6804535853494734,0.0,14,37.0834,0.0697355366
1,AMOSA_PC85,207,0.3467429318783117,0.7005483524577627,0.0,30,37.0834,0.0697355366
1,AMOSA_PC85,208,0.3638691455210101,0.6821156886970011,0.0,27,37.0834,0.0697355366
1,AMOSA_PC85,209,0.3539839215150343,0.6930968058570859,0.0,24,37.0834,0.0697355366
1,AMOSA_PC90,200,0.358697070921651,0.6881557454795296,0.0,21,37.0834,0.0697355366
1,AMOSA_PC90,201,0.4037005687392564,0.6352999308298926,0.0,30,37.0834,0.0697355366
1,AMOSA_PC90,202,0.3899041086423699,0.6524190490260783,0.0,29,37.0834,0.0697355366
1,AMOSA_PC90,203,0.3754922244893825,0.669057244500377,0.0,29,37.0834,0.0697355366
1,AMOSA_PC90,204,0.4450904739086952,0.5846216596223511,0.0,29,37.0834,0.0697355366
1,AMOSA_PC90,205,0.35748518287132625,0.6907550390046311,0.0,24,37.0834,0.0697355366
1,AMOSA_PC90,206,0.39629776438734204,0.6468676982945712,0.0,28,37.0834,0.0697355366
1,AMOSA_PC90,207,0.3947451562084316,0.6476434206503615,0.0,18,37.0834,0.0697355366
1,AMOSA_PC90,208,0.3763331712427044,0.6677740104101304,0.0,20,37.0834,0.0697355366
1,AMOSA_PC90,209,0.3876783052079731,0.6556178039254663,0.0,28,37.0834,0.0697355366
1,GA_Energy_Dominance,200,0.7572438925617687,0.12347912896986335,3.5398230088495577,81,37.0834,0.0697355366
1,GA_Energy_Dominance,201,0.7540627542579303,0.13096649404130528,1.7699115044247788,84,37.0834,0.0697355366
1,GA_Energy_Dominance,202,0.7445942705626045,0.12809633743058585,1.3274336283185841,91,37.0834,0.0697355366
1,GA_Energy_Dominance,203,0.7356957130582377,0.1430086728645411,6.1946902654867255,90,37.0834,0.0697355366
1,GA_Energy_Dominance,204,0.7410930309026226,0.11730205278592375,0.0,86,37.0834,0.0697355366
1,GA_Energy_Dominance,205,0.6543832382272848,0.2812295687610235,4.424778761061947,90,37.0834,0.0697355366
1,GA_Energy_Dominance,206,0.7238981054901535,0.12226783392754137,0.0,88,37.0834,0.0697355366
1,GA_Energy_Dominance,207,0.7289439741980798,0.13912497783443212,0.8849557522123894,75,37.0834,0.0697355366
1,GA_Energy_Dominance,208,0.7345110782142821,0.14408344192930658,2.2123893805309733,104,37.0834,0.0697355366
1,GA_Energy_Dominance,209,0.7280874364607871,0.15045068859741328,0.0,105,37.0834,0.0697355366
1,GA_Energy_Dominance_PC75,200,0.5941410038154235,0.20941037365974458,0.0,80,37.0834,0.0697355366
1,GA_Energy_Dominance_PC75,201,0.6110638778137455,0.21835288705432201,0.0,95,37.0834,0.0697355366
1,GA_Energy_Dominance_PC75,202,0.6008858099617097,0.270999325315892,0.0,84,37.0834,0.0697355366
1,GA_Energy_Dominance_PC75,203,0.6053373077603867,0.21889336916436447,0.0,104,37.0834,0.0697355366
1,GA_Energy_Dominance_PC75,204,0.5852366577861521,0.23486954656935022,0.0,90,37.0834,0.0697355366
1,GA_Energy_Dominance_PC75,205,0.5523611251896846,0.27547154888636505,0.0,97,37.0834,0.0697355366
1,GA_Energy_Dominance_PC75,206,0.6014748632611453,0.23535365997274563,0.0,79,37.0834,0.0697355366
1,GA_Energy_Dominance_PC75,207,0.5710490885963329,0.2501124473513378,0.0,89,37.0834,0.0697355366
1,GA_Energy_Dominance_PC75,208,0.6297411099701723,0.27316676493321135,0.0,98,37.0834,0.0697355366
1,GA_Energy_Dominance_PC75,209,0.5250764849383796,0.28027703250764335,0.0,79,37.0834,0.0697355366
1,GA_Energy_Dominance_PC80,200,0.6781961407598394,0.1510575903163412,0.0,111,37.0834,0.0697355366
1,GA_Energy_Dominance_PC80,201,0.625285795351593,0.21066373136859526,0.0,91,37.0834,0.0697355366
1,GA_Energy_Dominance_PC80,202,0.6160834257193925,0.2327284542463039,0.0,89,37.0834,0.0697355366
1,GA_Energy_Dominance_PC80,203,0.5841502422853695,0.22443376801647222,0.0,84,37.0834,0.0697355366
1,GA_Energy_Dominance_PC80,204,0.5992052460327685,0.29888597838574343,0.0,91,37.0834,0.0697355366
1,GA_Energy_Dominance_PC80,205,0.6181739874256683,0.22475861527516539,0.0,96,37.0834,0.0697355366
1,GA_Energy_Dominance_PC80,206,0.6262801245527935,0.22237396759698558,0.0,105,37.0834,0.0697355366
1,GA_Energy_Dominance_PC80,207,0.6046046991728719,0.21448573272260474,0.0,103,37.0834,0.0697355366
1,GA_Energy_Dominance_PC80,208,0.6493100387132779,0.19380020609868792,0.0,98,37.0834,0.0697355366
1,GA_Energy_Dominance_PC80,209,0.6324985143326508,0.17603594177025572,0.0,92,37.0834,0.0697355366
1,GA_Energy_Dominance_PC85,200,0.5521125010388006,0.43585768129500657,0.0,54,37.0834,0.0697355366
1,GA_Energy_Dominance_PC85,201,0.6801398488289557,0.15835777126099704,0.0,92,37.0834,0.0697355366
1,GA_Energy_Dominance_PC85,202,0.5557385067276135,0.424931869281066,0.0,65,37.0834,0.0697355366
1,GA_Energy_Dominance_PC85,203,0.7319797250382466,0.15411493105384666,7.964601769911504,71,37.0834,0.0697355366
1,GA_Energy_Dominance_PC85,204,0.6733401820621538,0.172147001934236,0.0,88,37.0834,0.0697355366
1,GA_Energy_Dominance_PC85,205,0.5487855734145461,0.4363754418852171,0.0,48,37.0834,0.0697355366
1,GA_Energy_Dominance_PC85,206,0.574893844157779,0.4013167169086201,0.0,85,37.0834,0.0697355366
1,GA_Energy_Dominance_PC85,207,0.5646456034955801,0.41304271316991514,0.0,57,37.0834,0.0697355366
1,GA_Energy_Dominance_PC85,208,0.5567764014974491,0.41849215546779345,0.0,75,37.0834,0.0697355366
1,GA_Energy_Dominance_PC85,209,0.658541025323431,0.20247083047357578,0.0,86,37.0834,0.0697355366
1,GA_Energy_Dominance_PC90,200,0.7335798314868676,0.1330068943859284,0.0,87,37.0834,0.0697355366
1,GA_Energy_Dominance_PC90,201,0.7346553170184992,0.135847229395884,0.0,86,37.0834,0.0697355366
1,GA_Energy_Dominance_PC90,202,0.7350161688555407,0.1203593935234292,0.0,99,37.0834,0.0697355366
1,GA_Energy_Dominance_PC90,203,0.7318178517288354,0.12684844325201222,0.0,83,37.0834,0.0697355366
1,GA_Energy_Dominance_PC90,204,0.7200875551954655,0.1393897797466775,0.0,83,37.0834,0.0697355366
1,GA_Energy_Dominance_PC90,205,0.7596961155676607,0.11336733117282288,11.061946902654867,99,37.0834,0.0697355366
1,GA_Energy_Dominance_PC90,206,0.7263465122265709,0.1254347303555057,0.0,92,37.0834,0.0697355366
1,GA_Energy_Dominance_PC90,207,0.698640384873178,0.19235482737542847,3.982300884955752,81,37.0834,0.0697355366
1,GA_Energy_Dominance_PC90,208,0.6868364875745767,0.2291629643480981,0.0,104,37.0834,0.0697355366
1,GA_Energy_Dominance_PC90,209,0.7320861804909905,0.13078806545886157,0.0,91,37.0834,0.0697355366
1,GA_WaitingTime_Dominance,200,0.29490470017164794,0.7736083359164962,2.2123893805309733,11,37.0834,0.0697355366
1,GA_WaitingTime_Dominance,201,0.2858153963775244,0.7833815867510532,0.0,8,37.0834,0.0697355366
1,GA_WaitingTime_Dominance,202,0.29459305792244267,0.7737533185504872,0.0,12,37.0834,0.0697355366
1,GA_WaitingTime_Dominance,203,0.2904762180497671,0.7778172315752163,0.0,15,37.0834,0.0697355366
1,GA_WaitingTime_Dominance,204,0.30484729149903567,0.762385162054714,1.7699115044247788,7,37.0834,0.0697355366
1,GA_WaitingTime_Dominance,205,0.30354126404252074,0.7639465655600933,0.8849557522123894,8,37.0834,0.0697355366
1,GA_WaitingTime_Dominance,206,0.2802436247675349,0.7895948588645544,0.0,9,37.0834,0.0697355366
1,GA_WaitingTime_Dominance,207,0.28808518536828814,0.7808465419490503,0.0,14,37.0834,0.0697355366
1,GA_WaitingTime_Dominance,208,0.2948625249195631,0.7731400308896649,0.0,6,37.0834,0.0697355366
1,GA_WaitingTime_Dominance,209,0.29594382260289687,0.7720478992843014,0.0,9,37.0834,0.0697355366
1,GA_WaitingTime_Dominance_PC75,200,0.24352545621014624,0.8211258986844532,0.0,16,37.0834,0.0697355366
1,GA_WaitingTime_Dominance_PC75,201,0.23236508756738203,0.8369024651205332,0.0,5,37.0834,0.0697355366
1,GA_WaitingTime_Dominance_PC75,202,0.23584336120979638,0.834132808540352,0.0,10,37.0834,0.0697355366
1,GA_WaitingTime_Dominance_PC75,203,0.2288736405160881,0.8415335459551927,0.0,11,37.0834,0.0697355366
1,GA_WaitingTime_Dominance_PC75,204,0.23608062684423414,0.8334500026975765,0.0,17,37.0834,0.0697355366
1,GA_WaitingTime_Dominance_PC75,205,0.22776743016540585,0.8426839316699118,0.0,12,37.0834,0.0697355366
1,GA_WaitingTime_Dominance_PC75,206,0.24150795781248066,0.8274963843777274,0.0,10,37.0834,0.0697355366
1,GA_WaitingTime_Dominance_PC75,207,0.25266070068248064,0.8144525883098457,0.0,20,37.0834,0.0697355366
1,GA_WaitingTime_Dominance_PC75,208,0.24313124889080573,0.8261760707008614,0.0,9,37.0834,0.0697355366
1,GA_WaitingTime_Dominance_PC75,209,0.19870203809696452,0.8756640726748298,0.0,15,37.0834,0.0697355366
1,GA_WaitingTime_Dominance_PC80,200,0.3152517583567796,0.7482647043524182,0.0,5,37.0834,0.0697355366
1,GA_WaitingTime_Dominance_PC80,201,0.33595404361851955,0.7248626508297995,0.0,9,37.0834,0.0697355366
1,GA_WaitingTime_Dominance_PC80,202,0.3009804636677206,0.7633497630870639,0.0,10,37.0834,0.0697355366
1,GA_WaitingTime_Dominance_PC80,203,0.31829435358772024,0.7439998750799846,0.0,11,37.0834,0.0697355366
1,GA_WaitingTime_Dominance_PC80,204,0.34547521571355927,0.7135372784724333,0.8849557522123894,14,37.0834,0.0697355366
1,GA_WaitingTime_Dominance_PC80,205,0.30180511470001864,0.7623872408320599,0.0,9,37.0834,0.0697355366
1,GA_WaitingTime_Dominance_PC80,206,0.30922127614516354,0.7550937779970215,0.0,10,37.0834,0.0697355366
1,GA_WaitingTime_Dominance_PC80,207,0.3108408808140285,0.7529521538937239,0.0,10,37.0834,0.0697355366
1,GA_WaitingTime_Dominance_PC80,208,0.3103063318141152,0.7535613806871722,0.0,9,37.0834,0.0697355366
1,GA_WaitingTime_Dominance_PC80,209,0.32009793648540424,0.74181362977923,0.0,4,37.0834,0.0697355366
1,GA_WaitingTime_Dominance_PC85,200,0.31118928489503267,0.7534929260657213,0.0,14,37.0834,0.0697355366
1,GA_WaitingTime_Dominance_PC85,201,0.2845968138302456,0.7827483331589741,0.0,6,37.0834,0.0697355366
1,GA_WaitingTime_Dominance_PC85,202,0.30422216434420535,0.7619614782253389,0.0,5,37.0834,0.0697355366
1,GA_WaitingTime_Dominance_PC85,203,0.2889700256292662,0.7785095611188578,0.0,3,37.0834,0.0697355366
1,GA_WaitingTime_Dominance_PC85,204,0.29789623554431865,0.768073422029123,0.0,11,37.0834,0.0697355366
1,GA_WaitingTime_Dominance_PC85,205,0.3038263365227183,0.7616074092652366,0.0,8,37.0834,0.0697355366
1,GA_WaitingTime_Dominance_PC85,206,0.3398062424230828,0.7215486446468389,0.0,19,37.0834,0.0697355366
1,GA_WaitingTime_Dominance_PC85,207,0.31935032319639667,0.744501537231676,0.0,9,37.0834,0.0697355366
1,GA_WaitingTime_Dominance_PC85,208,0.2918595232336943,0.7754909830373703,0.0,11,37.0834,0.0697355366
1,GA_WaitingTime_Dominance_PC85,209,0.29269881447506946,0.7744943785026189,0.0,5,37.0834,0.0697355366
1,GA_WaitingTime_Dominance_PC90,200,0.31166311722206036,0.7538379547615507,0.0,9,37.0834,0.0697355366
1,GA_WaitingTime_Dominance_PC90,201,0.2929683225658718,0.7746381525451295,0.0,7,37.0834,0.0697355366
1,GA_WaitingTime_Dominance_PC90,202,0.30820541615846614,0.7569864805990126,0.0,24,37.0834,0.0697355366
1,GA_WaitingTime_Dominance_PC90,203,0.3410009470018127,0.7212267242201152,3.5398230088495577,8,37.0834,0.0697355366
1,GA_WaitingTime_Dominance_PC90,204,0.3029825893615,0.763454185390972,0.0,13,37.0834,0.0697355366
1,GA_WaitingTime_Dominance_PC90,205,0.26973329370185883,0.8004704901602286,0.0,15,37.0834,0.0697355366
1,GA_WaitingTime_Dominance_PC90,206,0.2752350758873904,0.7943280898511386,0.0,9,37.0834,0.0697355366
1,GA_WaitingTime_Dominance_PC90,207,0.2929593877408064,0.7749191258924963,0.0,11,37.0834,0.0697355366
1,GA_WaitingTime_Dominance_PC90,208,0.3085116323601848,0.7578733933710013,0.0,7,37.0834,0.0697355366
1,GA_WaitingTime_Dominance_PC90,209,0.29711203586913515,0.7703994771923315,0.0,6,37.0834,0.0697355366
1,NSGA-II,200,0.6485486847411461,0.35392044838163794,0.4424778761061947,51,37.0834,0.0697355366
1,NSGA-II,201,0.653401794882643,0.34599875969507904,6.1946902654867255,46,37.0834,0.0697355366
1,NSGA-II,202,0.6197600823606059,0.3904360095287284,0.0,45,37.0834,0.0697355366
1,NSGA-II,203,0.6270511368616954,0.3825842741170561,0.0,45,37.0834,0.0697355366
1,NSGA-II,204,0.6127097679383013,0.3982866813798982,0.0,43,37.0834,0.0697355366
1,NSGA-II,205,0.6260720262885,0.3841992907405067,0.8849557522123894,49,37.0834,0.0697355366
1,NSGA-II,206,0.6337182150785962,0.37469623261731205,0.0,45,37.0834,0.0697355366
1,NSGA-II,207,0.6125780929557672,0.39800010016806175,0.0,41,37.0834,0.0697355366
1,NSGA-II,208,0.6081196757841322,0.40323948926664394,0.0,43,37.0834,0.0697355366
1,NSGA-II,209,0.6041201341497505,0.4111925046443752,9.29203539823009,43,37.0834,0.0697355366
1,NSGA-II_PC75,200,0.46087543751543497,0.563325794300824,0.0,29,37.0834,0.0697355366
1,NSGA-II_PC75,201,0.44372108208417066,0.5809132658675009,0.0,30,37.0834,0.0697355366
1,NSGA-II_PC75,202,0.42680751087491736,0.6011217856059269,0.0,41,37.0834,0.0697355366
1,NSGA-II_PC75,203,0.4587828364380875,0.550826782928655,0.0,31,37.0834,0.0697355366
1,NSGA-II_PC75,204,0.4527653959325976,0.5725316356071547,0.0,43,37.0834,0.0697355366
1,NSGA-II_PC75,205,0.47280785644179846,0.5417781552020968,0.0,28,37.0834,0.0697355366
1,NSGA-II_PC75,206,0.5269606002674072,0.4807182765524164,0.0,46,37.0834,0.0697355366
1,NSGA-II_PC75,207,0.44714164979935467,0.5722256202443134,0.0,41,37.0834,0.0697355366
1,NSGA-II_PC75,208,0.43042150428669823,0.5919642396151537,0.0,34,37.0834,0.0697355366
1,NSGA-II_PC75,209,0.38795485184600426,0.6440377571713467,0.0,25,37.0834,0.0697355366
1,NSGA-II_PC80,200,0.42418477918116176,0.6189151044735481,0.0,14,37.0834,0.0697355366
1,NSGA-II_PC80,201,0.49068062965899234,0.5424115054814942,0.0,30,37.0834,0.0697355366
1,NSGA-II_PC80,202,0.39889870496132723,0.6474864487888848,0.0,21,37.0834,0.0697355366
1,NSGA-II_PC80,203,0.4516623115598446,0.5797564504461058,0.0,37,37.0834,0.0697355366
1,NSGA-II_PC80,204,0.4288249279557338,0.6132501944865408,0.0,24,37.0834,0.0697355366
1,NSGA-II_PC80,205,0.5176308825880025,0.49602808495876005,0.0,31,37.0834,0.0697355366
1,NSGA-II_PC80,206,0.4057376371581825,0.6404648223496218,0.0,19,37.0834,0.0697355366
1,NSGA-II_PC80,207,0.38453969061740073,0.6637503676535284,0.0,21,37.0834,0.0697355366
1,NSGA-II_PC80,208,0.3989320311522495,0.6474268894007301,0.0,25,37.0834,0.0697355366
1,NSGA-II_PC80,209,0.41277745244809533,0.6323960722517258,0.0,32,37.0834,0.0697355366
1,NSGA-II_PC85,200,0.5508547778783794,0.46753554080794624,0.0,41,37.0834,0.0697355366
1,NSGA-II_PC85,201,0.5220852531921388,0.49968363909408636,0.0,49,37.0834,0.0697355366
1,NSGA-II_PC85,202,0.42602289093803375,0.6135412233150253,0.0,34,37.0834,0.0697355366
1,NSGA-II_PC85,203,0.44225332027703235,0.5971547532742677,0.0,34,37.0834,0.0697355366
1,NSGA-II_PC85,204,0.43367715415104896,0.6076147257879969,0.0,38,37.0834,0.0697355366
1,NSGA-II_PC85,205,0.5328578636078696,0.48917957716315164,0.0,35,37.0834,0.0697355366
1,NSGA-II_PC85,206,0.43420872847233954,0.6061386971847941,0.0,37,37.0834,0.0697355366
1,NSGA-II_PC85,207,0.4733721361373744,0.5585027407954155,0.0,28,37.0834,0.0697355366
1,NSGA-II_PC85,208,0.42225639522290914,0.6185887847738357,0.0,35,37.0834,0.0697355366
1,NSGA-II_PC85,209,0.4429037047071441,0.597723178019337,0.0,39,37.0834,0.0697355366
1,NSGA-II_PC90,200,0.6243639763799811,0.3835716933565564,0.0,45,37.0834,0.0697355366
1,NSGA-II_PC90,201,0.5967797808183511,0.415067974085478,0.0,39,37.0834,0.0697355366
1,NSGA-II_PC90,202,0.5660628845047959,0.45545958479758225,0.0,40,37.0834,0.0697355366
1,NSGA-II_PC90,203,0.6395384402761597,0.3643475472070997,0.0,41,37.0834,0.0697355366
1,NSGA-II_PC90,204,0.6298467133243129,0.3768696185047153,0.8849557522123894,44,37.0834,0.0697355366
1,NSGA-II_PC90,205,0.6300795714392304,0.37497183981850635,0.0,48,37.0834,0.0697355366
1,NSGA-II_PC90,206,0.6277989524097751,0.3787172648163164,0.0,45,37.0834,0.0697355366
1,NSGA-II_PC90,207,0.5812099447822657,0.4310183843201015,0.0,43,37.0834,0.0697355366
1,NSGA-II_PC90,208,0.594973946280849,0.41859188843675754,0.0,44,37.0834,0.0697355366
1,NSGA-II_PC90,209,0.6273105884554312,0.3819849577737474,2.6548672566371683,34,37.0834,0.0697355366
1,SA_Energy_Dominance,200,0.6545850436347376,0.18688865817146094,0.0,111,37.0834,0.0697355366
1,SA_Energy_Dominance,201,0.6711003752149467,0.20855203199035288,0.0,139,37.0834,0.0697355366
1,SA_Energy_Dominance,202,0.6019153647318197,0.35748501975031843,0.0,87,37.0834,0.0697355366
1,SA_Energy_Dominance,203,0.6214258293198514,0.2769612587451263,0.0,109,37.0834,0.0697355366
1,SA_Energy_Dominance,204,0.6247937670390845,0.31677443757470286,1.7699115044247788,101,37.0834,0.0697355366
1,SA_Energy_Dominance,205,0.600744132062144,0.354653241568044,0.0,110,37.0834,0.0697355366
1,SA_Energy_Dominance,206,0.6047726336448367,0.3306414778153848,0.0,91,37.0834,0.0697355366
1,SA_Energy_Dominance,207,0.6395891762608026,0.2627154942781412,0.0,122,37.0834,0.0697355366
1,SA_Energy_Dominance,208,0.6396908747685968,0.24260119633152824,0.0,96,37.0834,0.0697355366
1,SA_Energy_Dominance,209,0.6684904050943155,0.23679676654402207,0.0,114,37.0834,0.0697355366
1,SA_Energy_Dominance_PC75,200,0.5944162091547136,0.286256584164667,0.0,72,37.0834,0.0697355366
1,SA_Energy_Dominance_PC75,201,0.5820418384720797,0.24030419570750872,0.0,120,37.0834,0.0697355366
1,SA_Energy_Dominance_PC75,202,0.5695470978303244,0.25244899232545076,0.0,86,37.0834,0.0697355366
1,SA_Energy_Dominance_PC75,203,0.5680659291907051,0.254563496399074,0.0,93,37.0834,0.0697355366
1,SA_Energy_Dominance_PC75,204,0.5654780824178709,0.2809895424930127,0.0,72,37.0834,0.0697355366
1,SA_Energy_Dominance_PC75,205,0.5821576871113178,0.26861168033084065,0.0,75,37.0834,0.0697355366
1,SA_Energy_Dominance_PC75,206,0.6006236710100823,0.2208273572513264,0.0,115,37.0834,0.0697355366
1,SA_Energy_Dominance_PC75,207,0.571396514832226,0.2958226824194802,0.0,83,37.0834,0.0697355366
1,SA_Energy_Dominance_PC75,208,0.5592297608270134,0.23934610345042742,0.0,89,37.0834,0.0697355366
1,SA_Energy_Dominance_PC75,209,0.5748461699785214,0.259576057048612,0.0,83,37.0834,0.0697355366
1,SA_Energy_Dominance_PC80,200,0.6044589635583815,0.2610563398938256,0.0,118,37.0834,0.0697355366
1,SA_Energy_Dominance_PC80,201,0.5898291233642096,0.2602445048246003,0.0,90,37.0834,0.0697355366
1,SA_Energy_Dominance_PC80,202,0.6220125729950081,0.24482689005820388,0.0,88,37.0834,0.0697355366
1,SA_Energy_Dominance_PC80,203,0.5600120249764087,0.2770371582900964,0.0,95,37.0834,0.0697355366
1,SA_Energy_Dominance_PC80,204,0.6269053763497849,0.200661383914644,0.0,116,37.0834,0.0697355366
1,SA_Energy_Dominance_PC80,205,0.6354874756858618,0.196227782946252,0.0,112,37.0834,0.0697355366
1,SA_Energy_Dominance_PC80,206,0.6262781067611152,0.27761728220069615,0.0,70,37.0834,0.0697355366
1,SA_Energy_Dominance_PC80,207,0.6414419704983217,0.18032070880389345,0.0,110,37.0834,0.0697355366
1,SA_Energy_Dominance_PC80,208,0.6135483663309327,0.21707163505410323,0.0,107,37.0834,0.0697355366
1,SA_Energy_Dominance_PC80,209,0.6397950179583444,0.2625686745851001,0.8849557522123894,85,37.0834,0.0697355366
1,SA_Energy_Dominance_PC85,200,0.5871131587119565,0.34116279843265984,0.0,69,37.0834,0.0697355366
1,SA_Energy_Dominance_PC85,201,0.6450648417314081,0.2571649653888404,0.0,112,37.0834,0.0697355366
1,SA_Energy_Dominance_PC85,202,0.628182348101364,0.29911445051920116,0.0,123,37.0834,0.0697355366
1,SA_Energy_Dominance_PC85,203,0.6126831837594328,0.3150491974082383,0.0,120,37.0834,0.0697355366
1,SA_Energy_Dominance_PC85,204,0.6165575180349321,0.23304094765948022,0.0,85,37.0834,0.0697355366
1,SA_Energy_Dominance_PC85,205,0.5949659883339046,0.23557691099100841,0.0,111,37.0834,0.0697355366
1,SA_Energy_Dominance_PC85,206,0.6130256964399808,0.28586272837302895,0.0,92,37.0834,0.0697355366
1,SA_Energy_Dominance_PC85,207,0.604244162625463,0.23626247242235943,0.0,79,37.0834,0.0697355366
1,SA_Energy_Dominance_PC85,208,0.6023561480284124,0.2972225214157577,0.0,92,37.0834,0.0697355366
1,SA_Energy_Dominance_PC85,209,0.6250213948614072,0.30235294390646555,0.0,128,37.0834,0.0697355366
1,SA_Energy_Dominance_PC90,200,0.6411436639102832,0.22004017744830173,0.0,112,37.0834,0.0697355366
1,SA_Energy_Dominance_PC90,201,0.6289126937615357,0.2492042633692938,0.0,94,37.0834,0.0697355366
1,SA_Energy_Dominance_PC90,202,0.6131741151278444,0.3266035253356548,0.0,103,37.0834,0.0697355366
1,SA_Energy_Dominance_PC90,203,0.6375061630332081,0.2676109182413968,0.0,114,37.0834,0.0697355366
1,SA_Energy_Dominance_PC90,204,0.6076436574743426,0.3382977598128444,0.0,90,37.0834,0.0697355366
1,SA_Energy_Dominance_PC90,205,0.591086544285739,0.3167836228699542,0.0,102,37.0834,0.0697355366
1,SA_Energy_Dominance_PC90,206,0.6057035555426035,0.33376737882033347,0.0,75,37.0834,0.0697355366
1,SA_Energy_Dominance_PC90,207,0.6297238048279334,0.2692370055628083,0.0,87,37.0834,0.0697355366
1,SA_Energy_Dominance_PC90,208,0.6103981245591721,0.25576280589692074,0.0,115,37.0834,0.0697355366
1,SA_Energy_Dominance_PC90,209,0.643412698349458,0.2604858847150691,0.0,108,37.0834,0.0697355366
1,SA_WaitingTime_Dominance,200,0.26737954704641304,0.8021687062211909,0.0,16,37.0834,0.0697355366
1,SA_WaitingTime_Dominance,201,0.27354524175609896,0.7957715831716883,0.0,28,37.0834,0.0697355366
1,SA_WaitingTime_Dominance,202,0.2669948052565362,0.8035173976260169,2.6548672566371683,20,37.0834,0.0697355366
1,SA_WaitingTime_Dominance,203,0.26874233793762,0.8021687062211909,3.5398230088495577,19,37.0834,0.0697355366
1,SA_WaitingTime_Dominance,204,0.26856849947215133,0.8017109884557277,0.0,30,37.0834,0.0697355366
1,SA_WaitingTime_Dominance,205,0.26895750706338895,0.8018073373685461,0.0,34,37.0834,0.0697355366
1,SA_WaitingTime_Dominance,206,0.2677699051498378,0.8028974385402229,1.7699115044247788,28,37.0834,0.0697355366
1,SA_WaitingTime_Dominance,207,0.26987057170962814,0.8008141652335994,1.3274336283185841,22,37.0834,0.0697355366
1,SA_WaitingTime_Dominance,208,0.26628387372792295,0.8035509964691723,0.0,34,37.0834,0.0697355366
1,SA_WaitingTime_Dominance,209,0.27172150316443483,0.7964800111538491,0.0,38,37.0834,0.0697355366
1,SA_WaitingTime_Dominance_PC75,200,0.2543363570275286,0.8128252440532953,0.0,26,37.0834,0.0697355366
1,SA_WaitingTime_Dominance_PC75,201,0.2498278491413261,0.8191664818327433,0.0,13,37.0834,0.0697355366
1,SA_WaitingTime_Dominance_PC75,202,0.269031291392067,0.7983172635787185,0.0,9,37.0834,0.0697355366
1,SA_WaitingTime_Dominance_PC75,203,0.2655317551978788,0.8020836697246286,0.0,16,37.0834,0.0697355366
1,SA_WaitingTime_Dominance_PC75,204,0.2520706254555345,0.8172077417922621,0.0,13,37.0834,0.0697355366
1,SA_WaitingTime_Dominance_PC75,205,0.26953718965365897,0.7964327310551353,0.0,33,37.0834,0.0697355366
1,SA_WaitingTime_Dominance_PC75,206,0.2508263900894576,0.8183952554372594,0.0,13,37.0834,0.0697355366
1,SA_WaitingTime_Dominance_PC75,207,0.2598384349759399,0.8072322694312024,0.0,28,37.0834,0.0697355366
1,SA_WaitingTime_Dominance_PC75,208,0.2515411264063227,0.8174008747108322,0.0,13,37.0834,0.0697355366
1,SA_WaitingTime_Dominance_PC75,209,0.2384834226253688,0.8328833183242387,0.0,5,37.0834,0.0697355366
1,SA_WaitingTime_Dominance_PC80,200,0.2665139324081655,0.8021687062211909,0.0,14,37.0834,0.0697355366
1,SA_WaitingTime_Dominance_PC80,201,0.26693257824998584,0.8007463874233778,0.0,21,37.0834,0.0697355366
1,SA_WaitingTime_Dominance_PC80,202,0.2649384062104062,0.8039152175977107,0.0,13,37.0834,0.0697355366
1,SA_WaitingTime_Dominance_PC80,203,0.26652551747658054,0.8021687062211909,0.0,16,37.0834,0.0697355366
1,SA_WaitingTime_Dominance_PC80,204,0.2670764695271042,0.8017109884557277,0.0,24,37.0834,0.0697355366
1,SA_WaitingTime_Dominance_PC80,205,0.266095331804695,0.8018073373685461,0.0,16,37.0834,0.0697355366
1,SA_WaitingTime_Dominance_PC80,206,0.2641654237739998,0.8033453425428649,0.0,23,37.0834,0.0697355366
1,SA_WaitingTime_Dominance_PC80,207,0.2669675828751648,0.8008141652335994,0.0,20,37.0834,0.0697355366
1,SA_WaitingTime_Dominance_PC80,208,0.2646636002180248,0.8035509964691723,0.0,29,37.0834,0.0697355366
1,SA_WaitingTime_Dominance_PC80,209,0.26520661907568366,0.8028974385402229,0.0,16,37.0834,0.0697355366
1,SA_WaitingTime_Dominance_PC85,200,0.26726875573431685,0.8021687062211909,0.0,26,37.0834,0.0697355366
1,SA_WaitingTime_Dominance_PC85,201,0.26952921377515726,0.8007463874233778,0.0,25,37.0834,0.0697355366
1,SA_WaitingTime_Dominance_PC85,202,0.2655982969722458,0.8035173976260169,0.0,23,37.0834,0.0697355366
1,SA_WaitingTime_Dominance_PC85,203,0.26698022323010384,0.8021687062211909,0.0,20,37.0834,0.0697355366
1,SA_WaitingTime_Dominance_PC85,204,0.266904644642087,0.8017109884557277,0.0,23,37.0834,0.0697355366
1,SA_WaitingTime_Dominance_PC85,205,0.26835234476161796,0.8018073373685461,0.0,10,37.0834,0.0697355366
1,SA_WaitingTime_Dominance_PC85,206,0.2665652139001954,0.8028974385402229,0.0,23,37.0834,0.0697355366
1,SA_WaitingTime_Dominance_PC85,207,0.2686908324732562,0.8008141652335994,0.0,24,37.0834,0.0697355366
1,SA_WaitingTime_Dominance_PC85,208,0.275649209646955,0.7923882521814112,0.0,22,37.0834,0.0697355366
1,SA_WaitingTime_Dominance_PC85,209,0.27287894289791337,0.7964800111538491,0.0,17,37.0834,0.0697355366
1,SA_WaitingTime_Dominance_PC90,200,0.2679881174474388,0.8021687062211909,0.0,31,37.0834,0.0697355366
1,SA_WaitingTime_Dominance_PC90,201,0.2847818620306645,0.7821992458775913,0.0,23,37.0834,0.0697355366
1,SA_WaitingTime_Dominance_PC90,202,0.265884407678922,0.8035173976260169,0.0,23,37.0834,0.0697355366
1,SA_WaitingTime_Dominance_PC90,203,0.285169924890256,0.780896964385613,0.0,35,37.0834,0.0697355366
1,SA_WaitingTime_Dominance_PC90,204,0.2690302373058657,0.8017109884557277,0.0,20,37.0834,0.0697355366
1,SA_WaitingTime_Dominance_PC90,205,0.2750672239585246,0.7945610096012439,0.0,23,37.0834,0.0697355366
1,SA_WaitingTime_Dominance_PC90,206,0.266451423016543,0.8028974385402229,0.0,19,37.0834,0.0697355366
1,SA_WaitingTime_Dominance_PC90,207,0.2691763887170525,0.8008141652335994,0.0,25,37.0834,0.0697355366
1,SA_WaitingTime_Dominance_PC90,208,0.2658318885654143,0.8035509964691723,0.0,16,37.0834,0.0697355366
1,SA_WaitingTime_Dominance_PC90,209,0.27188407752567106,0.7964800111538491,0.0,18,37.0834,0.0697355366
1,SPEA-II,200,0.5466376602827273,0.47984780062456134,0.0,41,37.0834,0.0697355366
1,SPEA-II,201,0.5245924006096784,0.5043519445463422,0.0,47,37.0834,0.0697355366
1,SPEA-II,202,0.6047087597811305,0.40970811258812795,0.0,48,37.0834,0.0697355366
1,SPEA-II,203,0.43775870973919245,0.6056864905964814,0.0,29,37.0834,0.0697355366
1,SPEA-II,204,0.5919776975677421,0.42978117339342903,9.734513274336283,39,37.0834,0.0697355366
1,SPEA-II,205,0.6265723395608668,0.3818062312656236,0.0,55,37.0834,0.0697355366
1,SPEA-II,206,0.5691695645776234,0.4550396234299672,3.0973451327433628,38,37.0834,0.0697355366
1,SPEA-II,207,0.5692665496170962,0.4512065513779972,0.0,41,37.0834,0.0697355366
1,SPEA-II,208,0.4921403535258082,0.5421315956946299,0.0,39,37.0834,0.0697355366
1,SPEA-II,209,0.5622607274957088,0.4631120959896226,1.3274336283185841,46,37.0834,0.0697355366
1,SPEA-II_PC75,200,0.437083795245939,0.5953252358348726,0.0,25,37.0834,0.0697355366
1,SPEA-II_PC75,201,0.4342205481225499,0.5927351276050221,0.0,34,37.0834,0.0697355366
1,SPEA-II_PC75,202,0.4221347178231354,0.6099531085843062,0.0,31,37.0834,0.0697355366
1,SPEA-II_PC75,203,0.47742416901807205,0.5405896746839146,0.0,39,37.0834,0.0697355366
1,SPEA-II_PC75,204,0.4309092407634216,0.5952579414612432,0.0,28,37.0834,0.0697355366
1,SPEA-II_PC75,205,0.45925699693397964,0.5674856211454391,0.0,21,37.0834,0.0697355366
1,SPEA-II_PC75,206,0.4255673463640001,0.5910668846127741,0.0,30,37.0834,0.0697355366
1,SPEA-II_PC75,207,0.44581634446728546,0.5794877563881795,0.0,43,37.0834,0.0697355366
1,SPEA-II_PC75,208,0.40073902596130545,0.6298265584207015,0.0,29,37.0834,0.0697355366
1,SPEA-II_PC75,209,0.4751221299167953,0.5512802947957665,0.0,32,37.0834,0.0697355366
1,SPEA-II_PC80,200,0.46619764162145916,0.5601800240519372,0.0,38,37.0834,0.0697355366
1,SPEA-II_PC80,201,0.4107539259886274,0.6356468932720903,0.0,14,37.0834,0.0697355366
1,SPEA-II_PC80,202,0.43367805092087053,0.6101635001892171,0.0,28,37.0834,0.0697355366
1,SPEA-II_PC80,203,0.47470502542060433,0.5621653047613282,0.0,20,37.0834,0.0697355366
1,SPEA-II_PC80,204,0.46679048279792595,0.5595836083281813,0.0,34,37.0834,0.0697355366
1,SPEA-II_PC80,205,0.3987158018721037,0.6487493301986016,0.0,22,37.0834,0.0697355366
1,SPEA-II_PC80,206,0.38825001314200225,0.6608391608391608,0.0,22,37.0834,0.0697355366
1,SPEA-II_PC80,207,0.47728486724093994,0.5497109145866163,0.0,36,37.0834,0.0697355366
1,SPEA-II_PC80,208,0.4222132169077082,0.6230351444866281,0.0,23,37.0834,0.0697355366
1,SPEA-II_PC80,209,0.469133247733464,0.5594306489904199,0.0,31,37.0834,0.0697355366
1,SPEA-II_PC85,200,0.4237124547525013,0.6203622235685394,0.0,26,37.0834,0.0697355366
1,SPEA-II_PC85,201,0.5496982824028992,0.4690037860820152,0.0,40,37.0834,0.0697355366
1,SPEA-II_PC85,202,0.45743873222324294,0.5801111962174373,0.0,30,37.0834,0.0697355366
1,SPEA-II_PC85,203,0.4361526594495784,0.6059044238122301,0.0,30,37.0834,0.0697355366
1,SPEA-II_PC85,204,0.4542759337377572,0.5842056624347918,0.0,24,37.0834,0.0697355366
1,SPEA-II_PC85,205,0.43588007614915747,0.6050040715029794,0.0,37,37.0834,0.0697355366
1,SPEA-II_PC85,206,0.4331824170600527,0.6078465819776,0.0,33,37.0834,0.0697355366
1,SPEA-II_PC85,207,0.4529814767311416,0.5847666906000009,0.0,25,37.0834,0.0697355366
1,SPEA-II_PC85,208,0.4362587683496912,0.6069788616383202,0.0,26,37.0834,0.0697355366
1,SPEA-II_PC85,209,0.4549947596084,0.583180148391829,0.0,26,37.0834,0.0697355366
1,SPEA-II_PC90,200,0.5647077553217626,0.45721881055647606,0.4424778761061947,33,37.0834,0.0697355366
1,SPEA-II_PC90,201,0.5226353414746244,0.503862561684092,0.0,45,37.0834,0.0697355366
1,SPEA-II_PC90,202,0.5494306867627619,0.47549527595430874,0.0,39,37.0834,0.0697355366
1,SPEA-II_PC90,203,0.4695107243503538,0.5685140841516142,0.0,29,37.0834,0.0697355366
1,SPEA-II_PC90,204,0.502344911062733,0.5287591594313935,0.0,37,37.0834,0.0697355366
1,SPEA-II_PC90,205,0.5518650841493189,0.473720483537147,0.0,50,37.0834,0.0697355366
1,SPEA-II_PC90,206,0.580733919498885,0.4360774032261463,0.0,40,37.0834,0.0697355366
1,SPEA-II_PC90,207,0.5678842520462952,0.45116671620280285,0.0,41,37.0834,0.0697355366
1,SPEA-II_PC90,208,0.5596439753689533,0.4647315602297212,0.4424778761061947,35,37.0834,0.0697355366
1,SPEA-II_PC90,209,0.4514954307034244,0.5887781990981396,0.0,33,37.0834,0.0697355366
2,AMOSA,200,0.414771430567119,0.6066809200362313,0.0,15,37.8238,0.0889073759
2,AMOSA,201,0.40917086275996256,0.6124364281865333,0.0,14,37.8238,0.0889073759
2,AMOSA,202,0.3974464984296507,0.6268500213819618,0.0,9,37.8238,0.0889073759
2,AMOSA,203,0.4245005550875597,0.5941260576703014,0.0,23,37.8238,0.0889073759
2,AMOSA,204,0.4100363133355878,0.6126655802490282,0.0,8,37.8238,0.0889073759
2,AMOSA,205,0.42413003068566923,0.5953937144805359,0.0,13,37.8238,0.0889073759
2,AMOSA,206,0.4258147248957687,0.5915538317300874,0.0,18,37.8238,0.0889073759
2,AMOSA,207,0.41819636191118165,0.6018467414791318,0.0,17,37.8238,0.0889073759
2,AMOSA,208,0.4149108567864213,0.6057103263263672,0.0,17,37.8238,0.0889073759
2,AMOSA,209,0.4252609343528374,0.5930526435969117,0.0,19,37.8238,0.0889073759
2,AMOSA_PC75,200,0.34953578450816436,0.6262993410769401,0.0,28,37.8238,0.0889073759
2,AMOSA_PC75,201,0.3399345868196393,0.6587521852307895,0.0,24,37.8238,0.0889073759
2,AMOSA_PC75,202,0.35770769840009115,0.6341950007270387,0.0,16,37.8238,0.0889073759
2,AMOSA_PC75,203,0.40713540501821444,0.5821864483237773,0.0,20,37.8238,0.0889073759
2,AMOSA_PC75,204,0.35683719748429976,0.6183549419038715,0.0,25,37.8238,0.0889073759
2,AMOSA_PC75,205,0.34911145167146695,0.6303551179765907,0.0,23,37.8238,0.0889073759
2,AMOSA_PC75,206,0.334731009831536,0.6598516382274091,0.0,18,37.8238,0.0889073759
2,AMOSA_PC75,207,0.3328237601705524,0.635236939178941,0.0,19,37.8238,0.0889073759
2,AMOSA_PC75,208,0.3619225060703317,0.6052491130909063,0.0,20,37.8238,0.0889073759
2,AMOSA_PC75,209,0.35029888658340635,0.637570856512227,0.0,26,37.8238,0.0889073759
2,AMOSA_PC80,200,0.4144666448090608,0.5767373505796213,0.0,28,37.8238,0.0889073759
2,AMOSA_PC80,201,0.4267326138027478,0.5674142714950713,0.0,36,37.8238,0.0889073759
2,AMOSA_PC80,202,0.4050160842455865,0.593552199862184,0.0,21,37.8238,0.0889073759
2,AMOSA_PC80,203,0.42693852558749057,0.57473092278081,0.0,29,37.8238,0.0889073759
2,AMOSA_PC80,204,0.3954392470366655,0.5999794740795632,0.0,26,37.8238,0.0889073759
2,AMOSA_PC80,205,0.3980918469294107,0.6015412371893623,0.0,26,37.8238,0.0889073759
2,AMOSA_PC80,206,0.40694014570671266,0.5867738293942151,0.0,33,37.8238,0.0889073759
2,AMOSA_PC80,207,0.41124862065878354,0.5841419905345171,0.0,24,37.8238,0.0889073759
2,AMOSA_PC80,208,0.38533216533694564,0.619600708850072,0.0,24,37.8238,0.0889073759
2,AMOSA_PC80,209,0.4139866839141431,0.5873910854077153,0.0,18,37.8238,0.0889073759
2,AMOSA_PC85,200,0.3925143948834987,0.6178437491967155,0.0,17,37.8238,0.0889073759
2,AMOSA_PC85,201,0.39250293981698187,0.6169769773474242,0.0,21,37.8238,0.0889073759
2,AMOSA_PC85,202,0.39190505623719385,0.6139328078462427,0.0,13,37.8238,0.0889073759
2,AMOSA_PC85,203,0.4207880368985371,0.5847937266606478,0.0,18,37.8238,0.0889073759
2,AMOSA_PC85,204,0.38871180141452844,0.6244872037053101,0.0,16,37.8238,0.0889073759
2,AMOSA_PC85,205,0.4163028969535312,0.5919842846990943,0.0,27,37.8238,0.0889073759
2,AMOSA_PC85,206,0.3914924267759687,0.6122124266802819,0.0,20,37.8238,0.0889073759
2,AMOSA_PC85,207,0.41395916165017593,0.5871282162779605,0.0,15,37.8238,0.0889073759
2,AMOSA_PC85,208,0.40713459642302496,0.6007481945988878,0.0,21,37.8238,0.0889073759
2,AMOSA_PC85,209,0.3883547169611464,0.623393092026276,0.0,22,37.8238,0.0889073759
2,AMOSA_PC90,200,0.388885456257497,0.6311848821254662,0.0,14,37.8238,0.0889073759
2,AMOSA_PC90,201,0.4180615525579491,0.5951734805107959,0.0,13,37.8238,0.0889073759
2,AMOSA_PC90,202,0.4302434302843533,0.5767545191004321,0.0,18,37.8238,0.0889073759
2,AMOSA_PC90,203,0.3948531575094177,0.6239627053945257,0.0,16,37.8238,0.0889073759
2,AMOSA_PC90,204,0.42350072302426434,0.5887597503487235,0.0,17,37.8238,0.0889073759
2,AMOSA_PC90,205,0.4054788248776684,0.6134937229264945,0.0,15,37.8238,0.0889073759
2,AMOSA_PC90,206,0.4275867596729687,0.5875285766452127,0.0,10,37.8238,0.0889073759
2,AMOSA_PC90,207,0.4090496191664943,0.6053376740440909,0.0,15,37.8238,0.0889073759
2,AMOSA_PC90,208,0.41213518235669716,0.6058895942978378,0.0,12,37.8238,0.0889073759
2,AMOSA_PC90,209,0.4279455505940712,0.586989866614423,0.0,19,37.8238,0.0889073759
2,GA_Energy_Dominance,200,0.6670112945276752,0.17169450128721372,0.0,46,37.8238,0.0889073759
2,GA_Energy_Dominance,201,0.6393128606158066,0.19763680771007988,0.0,62,37.8238,0.0889073759
2,GA_Energy_Dominance,202,0.6732729626634184,0.2046339692388937,4.891304347826087,47,37.8238,0.0889073759
2,GA_Energy_Dominance,203,0.5971233101790412,0.21056108204411622,0.0,51,37.8238,0.0889073759
2,GA_Energy_Dominance,204,0.6558055675327292,0.17770149844874256,0.0,54,37.8238,0.0889073759
2,GA_Energy_Dominance,205,0.5959193980472255,0.3301737373232525,0.0,62,37.8238,0.0889073759
2,GA_Energy_Dominance,206,0.6477045095554244,0.22235380515703257,4.891304347826087,79,37.8238,0.0889073759
2,GA_Energy_Dominance,207,0.6774495110493013,0.16601755891477987,0.0,62,37.8238,0.0889073759
2,GA_Energy_Dominance,208,0.6429960856170174,0.19806182660948102,0.0,47,37.8238,0.0889073759
2,GA_Energy_Dominance,209,0.6372712504000945,0.1811340682553304,0.0,48,37.8238,0.0889073759
2,GA_Energy_Dominance_PC75,200,0.3418067307391502,0.49574229322067465,0.0,45,37.8238,0.0889073759
2,GA_Energy_Dominance_PC75,201,0.4422727379411281,0.390850881246287,0.0,53,37.8238,0.0889073759
2,GA_Energy_Dominance_PC75,202,0.6055638741255498,0.2423473106871318,0.0,59,37.8238,0.0889073759
2,GA_Energy_Dominance_PC75,203,0.48881546792781005,0.34866987919994724,0.0,51,37.8238,0.0889073759
2,GA_Energy_Dominance_PC75,204,0.6286686980398034,0.2378736233767343,0.0,95,37.8238,0.0889073759
2,GA_Energy_Dominance_PC75,205,0.47461139590338125,0.3467555614231963,0.0,77,37.8238,0.0889073759
2,GA_Energy_Dominance_PC75,206,0.4746629038443107,0.31876691530794116,0.0,49,37.8238,0.0889073759
2,GA_Energy_Dominance_PC75,207,0.4593176669039295,0.3844478183378441,0.0,48,37.8238,0.0889073759
2,GA_Energy_Dominance_PC75,208,0.5942003786255371,0.2716412423923779,0.0,45,37.8238,0.0889073759
2,GA_Energy_Dominance_PC75,209,0.6052092205087213,0.25685361389494127,0.0,53,37.8238,0.0889073759
2,GA_Energy_Dominance_PC80,200,0.4883347138513497,0.31665456465773323,0.0,42,37.8238,0.0889073759
2,GA_Energy_Dominance_PC80,201,0.5197030201828167,0.3290646247277048,0.0,63,37.8238,0.0889073759
2,GA_Energy_Dominance_PC80,202,0.6050896581093168,0.2582609080077743,0.0,60,37.8238,0.0889073759
2,GA_Energy_Dominance_PC80,203,0.3712184989157916,0.42101788896956904,0.0,49,37.8238,0.0889073759
2,GA_Energy_Dominance_PC80,204,0.6074996555403269,0.20602019935309263,0.0,82,37.8238,0.0889073759
2,GA_Energy_Dominance_PC80,205,0.4796408635467756,0.33322331507030173,0.0,70,37.8238,0.0889073759
2,GA_Energy_Dominance_PC80,206,0.5264792387265529,0.2785662419961714,0.0,67,37.8238,0.0889073759
2,GA_Energy_Dominance_PC80,207,0.4756939968125431,0.35091425176579316,0.0,35,37.8238,0.0889073759
2,GA_Energy_Dominance_PC80,208,0.6534157858754076,0.16354980914566117,0.0,50,37.8238,0.0889073759
2,GA_Energy_Dominance_PC80,209,0.6446943390341815,0.18304838603208134,0.0,70,37.8238,0.0889073759
2,GA_Energy_Dominance_PC85,200,0.6174381467449205,0.29943488383039596,0.5434782608695652,73,37.8238,0.0889073759
2,GA_Energy_Dominance_PC85,201,0.6000608001664188,0.32595547945025816,0.0,65,37.8238,0.0889073759
2,GA_Energy_Dominance_PC85,202,0.6231255216150791,0.28319074479380074,0.0,75,37.8238,0.0889073759
2,GA_Energy_Dominance_PC85,203,0.6366810259397837,0.26385460284943046,5.978260869565218,70,37.8238,0.0889073759
2,GA_Energy_Dominance_PC85,204,0.6704939906833639,0.15879942250818796,0.5434782608695652,68,37.8238,0.0889073759
2,GA_Energy_Dominance_PC85,205,0.5994153682853423,0.3317221471390876,0.0,64,37.8238,0.0889073759
2,GA_Energy_Dominance_PC85,206,0.5836147230687068,0.35096820203953405,0.0,47,37.8238,0.0889073759
2,GA_Energy_Dominance_PC85,207,0.5569072487962787,0.38633473493639914,0.0,44,37.8238,0.0889073759
2,GA_Energy_Dominance_PC85,208,0.5858513066314469,0.3447790456677405,0.0,76,37.8238,0.0889073759
2,GA_Energy_Dominance_PC85,209,0.6670531431682233,0.17258636469400504,0.0,54,37.8238,0.0889073759
2,GA_Energy_Dominance_PC90,200,0.6512042130533677,0.2327023695277067,5.434782608695652,58,37.8238,0.0889073759
2,GA_Energy_Dominance_PC90,201,0.6459109223220346,0.20282733108333528,0.0,48,37.8238,0.0889073759
2,GA_Energy_Dominance_PC90,202,0.6774653684914278,0.15961449600633706,3.8043478260869565,64,37.8238,0.0889073759
2,GA_Energy_Dominance_PC90,203,0.6602980746313464,0.18488417615112152,0.0,61,37.8238,0.0889073759
2,GA_Energy_Dominance_PC90,204,0.6457227988855466,0.19235593108456003,0.0,43,37.8238,0.0889073759
2,GA_Energy_Dominance_PC90,205,0.5528877263892055,0.3965108987439268,0.0,28,37.8238,0.0889073759
2,GA_Energy_Dominance_PC90,206,0.6579314662453134,0.17710739982837156,0.0,54,37.8238,0.0889073759
2,GA_Energy_Dominance_PC90,207,0.6006565252613917,0.32389420776552175,0.0,74,37.8238,0.0889073759
2,GA_Energy_Dominance_PC90,208,0.6619385496990796,0.16436728496930492,0.0,64,37.8238,0.0889073759
2,GA_Energy_Dominance_PC90,209,0.6753029993444611,0.1547956960855502,0.0,53,37.8238,0.0889073759
2,GA_WaitingTime_Dominance,200,0.41777294872863957,0.6304358577147391,2.1739130434782608,25,37.8238,0.0889073759
2,GA_WaitingTime_Dominance,201,0.4104742478909819,0.6389706155520373,0.0,25,37.8238,0.0889073759
2,GA_WaitingTime_Dominance,202,0.41294204208199514,0.6355147353837346,0.0,22,37.8238,0.0889073759
2,GA_WaitingTime_Dominance,203,0.40850821928342945,0.6415599146323917,0.0,11,37.8238,0.0889073759
2,GA_WaitingTime_Dominance,204,0.4143136778791229,0.635795202247321,0.0,9,37.8238,0.0889073759
2,GA_WaitingTime_Dominance,205,0.41498160218921964,0.6327970062296455,0.0,34,37.8238,0.0889073759
2,GA_WaitingTime_Dominance,206,0.4119014620138766,0.6374284054798293,0.0,25,37.8238,0.0889073759
2,GA_WaitingTime_Dominance,207,0.4288178618414837,0.6197623790877111,3.8043478260869565,7,37.8238,0.0889073759
2,GA_WaitingTime_Dominance,208,0.4175215984229111,0.631663645404423,2.717391304347826,22,37.8238,0.0889073759
2,GA_WaitingTime_Dominance,209,0.4058762069898648,0.6440819226492319,0.0,19,37.8238,0.0889073759
2,GA_WaitingTime_Dominance_PC75,200,0.22787074044520597,0.8391347752251946,0.0,20,37.8238,0.0889073759
2,GA_WaitingTime_Dominance_PC75,201,0.2666676496191295,0.7961180448354964,0.0,18,37.8238,0.0889073759
2,GA_WaitingTime_Dominance_PC75,202,0.2700950639047099,0.7881281013919426,0.0,18,37.8238,0.0889073759
2,GA_WaitingTime_Dominance_PC75,203,0.2882697744568547,0.7498959993006687,0.0,16,37.8238,0.0889073759
2,GA_WaitingTime_Dominance_PC75,204,0.2799420312238585,0.7815364385877952,0.0,13,37.8238,0.0889073759
2,GA_WaitingTime_Dominance_PC75,205,0.2912228257429064,0.7660118513345352,0.0,24,37.8238,0.0889073759
2,GA_WaitingTime_Dominance_PC75,206,0.2550449486668375,0.8095582782815968,0.0,12,37.8238,0.0889073759
2,GA_WaitingTime_Dominance_PC75,207,0.26431008925295385,0.7998091337389142,0.0,14,37.8238,0.0889073759
2,GA_WaitingTime_Dominance_PC75,208,0.2534221618988847,0.810261043066805,0.0,12,37.8238,0.0889073759
2,GA_WaitingTime_Dominance_PC75,209,0.2484528279485818,0.8167304755408427,0.0,9,37.8238,0.0889073759
2,GA_WaitingTime_Dominance_PC80,200,0.23404003069296433,0.8328454214583328,0.0,11,37.8238,0.0889073759
2,GA_WaitingTime_Dominance_PC80,201,0.29088347848244306,0.7727883618794167,0.0,13,37.8238,0.0889073759
2,GA_WaitingTime_Dominance_PC80,202,0.2537118387804533,0.8102423007649193,0.0,8,37.8238,0.0889073759
2,GA_WaitingTime_Dominance_PC80,203,0.26635477745803754,0.8019717950771079,0.0,9,37.8238,0.0889073759
2,GA_WaitingTime_Dominance_PC80,204,0.29506862492436764,0.7672876631921549,0.0,8,37.8238,0.0889073759
2,GA_WaitingTime_Dominance_PC80,205,0.27121096820580864,0.7888371613014482,0.0,14,37.8238,0.0889073759
2,GA_WaitingTime_Dominance_PC80,206,0.24652864974112343,0.8212661602875035,0.0,6,37.8238,0.0889073759
2,GA_WaitingTime_Dominance_PC80,207,0.24112981324482805,0.8252865509581488,0.0,18,37.8238,0.0889073759
2,GA_WaitingTime_Dominance_PC80,208,0.2570896155580869,0.8092388484138359,0.0,12,37.8238,0.0889073759
2,GA_WaitingTime_Dominance_PC80,209,0.29328961564792116,0.7707240857035386,0.0,5,37.8238,0.0889073759
2,GA_WaitingTime_Dominance_PC85,200,0.27364590057007965,0.7920657016400082,0.0,15,37.8238,0.0889073759
2,GA_WaitingTime_Dominance_PC85,201,0.2932677656730079,0.7483907015482046,0.0,14,37.8238,0.0889073759
2,GA_WaitingTime_Dominance_PC85,202,0.23115526972197784,0.8313293456900265,0.0,11,37.8238,0.0889073759
2,GA_WaitingTime_Dominance_PC85,203,0.31395401065393175,0.7393870523314156,0.0,20,37.8238,0.0889073759
2,GA_WaitingTime_Dominance_PC85,204,0.2776555336964345,0.7848264994592629,0.0,13,37.8238,0.0889073759
2,GA_WaitingTime_Dominance_PC85,205,0.27378628103188196,0.7871573169207361,0.0,10,37.8238,0.0889073759
2,GA_WaitingTime_Dominance_PC85,206,0.24238367882793577,0.8232176488197186,0.0,14,37.8238,0.0889073759
2,GA_WaitingTime_Dominance_PC85,207,0.2790640135811456,0.784178340108302,0.0,9,37.8238,0.0889073759
2,GA_WaitingTime_Dominance_PC85,208,0.22910629824737924,0.8411506934007873,0.0,10,37.8238,0.0889073759
2,GA_WaitingTime_Dominance_PC85,209,0.28938164848986164,0.7671291405166643,0.0,13,37.8238,0.0889073759
2,GA_WaitingTime_Dominance_PC90,200,0.26177298345719446,0.8046148888560037,0.0,7,37.8238,0.0889073759
2,GA_WaitingTime_Dominance_PC90,201,0.2621933236550386,0.8062309235677005,0.0,10,37.8238,0.0889073759
2,GA_WaitingTime_Dominance_PC90,202,0.2844213693954427,0.771609504474045,0.0,14,37.8238,0.0889073759
2,GA_WaitingTime_Dominance_PC90,203,0.2938883184132115,0.7702214772567889,0.0,10,37.8238,0.0889073759
2,GA_WaitingTime_Dominance_PC90,204,0.25330893387160003,0.8110103536195461,0.0,17,37.8238,0.0889073759
2,GA_WaitingTime_Dominance_PC90,205,0.2754981467359415,0.7872156422011586,0.0,14,37.8238,0.0889073759
2,GA_WaitingTime_Dominance_PC90,206,0.2969080898584174,0.7632966974585672,0.0,18,37.8238,0.0889073759
2,GA_WaitingTime_Dominance_PC90,207,0.3031759778626336,0.7468326105942459,0.0,19,37.8238,0.0889073759
2,GA_WaitingTime_Dominance_PC90,208,0.26411795235368246,0.8001152580030461,0.0,16,37.8238,0.0889073759
2,GA_WaitingTime_Dominance_PC90,209,0.29734451202369283,0.763024004119682,0.0,8,37.8238,0.0889073759
2,NSGA-II,200,0.599228122610587,0.39544196756208266,0.0,46,37.8238,0.0889073759
2,NSGA-II,201,0.6443236897329394,0.3338533805461295,0.0,48,37.8238,0.0889073759
2,NSGA-II,202,0.6171692284784633,0.3641017866278107,0.0,48,37.8238,0.0889073759
2,NSGA-II,203,0.6090558923150738,0.38315646021154715,0.0,44,37.8238,0.0889073759
2,NSGA-II,204,0.6448721565700761,0.33359189443610665,1.6304347826086956,52,37.8238,0.0889073759
2,NSGA-II,205,0.6635766676597041,0.3134598961714625,16.304347826086957,50,37.8238,0.0889073759
2,NSGA-II,206,0.6347194711490711,0.3526400344438678,0.0,59,37.8238,0.0889073759
2,NSGA-II,207,0.628835897445459,0.35375026545633037,0.0,51,37.8238,0.0889073759
2,NSGA-II,208,0.5778272509804525,0.42496500363948797,0.0,38,37.8238,0.0889073759
2,NSGA-II,209,0.6293899763006573,0.3537090610063831,0.0,42,37.8238,0.0889073759
2,NSGA-II_PC75,200,0.6026148168109539,0.35413841709767147,0.0,36,37.8238,0.0889073759
2,NSGA-II_PC75,201,0.37332624625886046,0.6332924611260575,0.0,22,37.8238,0.0889073759
2,NSGA-II_PC75,202,0.5301677584037944,0.4428293264469758,0.0,33,37.8238,0.0889073759
2,NSGA-II_PC75,203,0.4390149792624738,0.5545058329811002,0.0,32,37.8238,0.0889073759
2,NSGA-II_PC75,204,0.5419684373878454,0.43451346725002066,0.0,41,37.8238,0.0889073759
2,NSGA-II_PC75,205,0.6039657052168037,0.34180035499731976,0.0,39,37.8238,0.0889073759
2,NSGA-II_PC75,206,0.45136601637335494,0.545821184419052,0.0,25,37.8238,0.0889073759
2,NSGA-II_PC75,207,0.503585721562467,0.48789383215643917,0.0,29,37.8238,0.0889073759
2,NSGA-II_PC75,208,0.47141404765996286,0.5262706267258835,0.0,29,37.8238,0.0889073759
2,NSGA-II_PC75,209,0.5691211735977789,0.4133759182595277,0.0,34,37.8238,0.0889073759
2,NSGA-II_PC80,200,0.6220792381571716,0.33067419970490114,0.0,48,37.8238,0.0889073759
2,NSGA-II_PC80,201,0.5590269523203337,0.4335640003588216,0.0,36,37.8238,0.0889073759
2,NSGA-II_PC80,202,0.4523910561348011,0.5329350649821358,0.0,34,37.8238,0.0889073759
2,NSGA-II_PC80,203,0.4532701354425518,0.5420453974796322,0.0,42,37.8238,0.0889073759
2,NSGA-II_PC80,204,0.5410359005321128,0.43510516124364734,0.0,45,37.8238,0.0889073759
2,NSGA-II_PC80,205,0.6289571473860913,0.3165031595562677,0.0,37,37.8238,0.0889073759
2,NSGA-II_PC80,206,0.5720568362010633,0.40881657910641556,0.0,36,37.8238,0.0889073759
2,NSGA-II_PC80,207,0.5396840877791197,0.45464584703734995,0.0,18,37.8238,0.0889073759
2,NSGA-II_PC80,208,0.5497850211046714,0.4200276231961784,0.0,43,37.8238,0.0889073759
2,NSGA-II_PC80,209,0.6299607629862075,0.32130633939523556,0.0,41,37.8238,0.0889073759
2,NSGA-II_PC85,200,0.5527968488914118,0.4484206844621881,0.0,34,37.8238,0.0889073759
2,NSGA-II_PC85,201,0.5311091991702116,0.4742241128154945,0.0,32,37.8238,0.0889073759
2,NSGA-II_PC85,202,0.5350214603085593,0.4669542457489664,0.0,38,37.8238,0.0889073759
2,NSGA-II_PC85,203,0.544369640470625,0.4632114128314376,0.0,37,37.8238,0.0889073759
2,NSGA-II_PC85,204,0.5386926919103574,0.46493246166209695,0.0,35,37.8238,0.0889073759
2,NSGA-II_PC85,205,0.5391988745623986,0.4666929504002864,0.0,33,37.8238,0.0889073759
2,NSGA-II_PC85,206,0.5587293586753503,0.4377854534843012,0.0,31,37.8238,0.0889073759
2,NSGA-II_PC85,207,0.5882343916121626,0.3843615473014923,0.0,48,37.8238,0.0889073759
2,NSGA-II_PC85,208,0.5659745287712762,0.42638984779581696,0.0,39,37.8238,0.0889073759
2,NSGA-II_PC85,209,0.5571337051562901,0.4363143973927884,0.0,33,37.8238,0.0889073759
2,NSGA-II_PC90,200,0.6283850745872082,0.34441574069123965,0.0,57,37.8238,0.0889073759
2,NSGA-II_PC90,201,0.614987449434197,0.3542948890887324,0.0,49,37.8238,0.0889073759
2,NSGA-II_PC90,202,0.5703918297694426,0.4244083143521822,0.0,37,37.8238,0.0889073759
2,NSGA-II_PC90,203,0.5384529457233307,0.47024506966580376,0.0,25,37.8238,0.0889073759
2,NSGA-II_PC90,204,0.636892398885067,0.32272312388485064,0.0,50,37.8238,0.0889073759
2,NSGA-II_PC90,205,0.6167595120722064,0.36406568504377185,0.0,34,37.8238,0.0889073759
2,NSGA-II_PC90,206,0.6452081502224469,0.3140824935025491,0.0,44,37.8238,0.0889073759
2,NSGA-II_PC90,207,0.5281887650180818,0.4819944899540068,0.0,36,37.8238,0.0889073759
2,NSGA-II_PC90,208,0.5878972188756165,0.39379946471413524,0.0,39,37.8238,0.0889073759
2,NSGA-II_PC90,209,0.5519485253794443,0.4498662739144971,0.0,37,37.8238,0.0889073759
2,SA_Energy_Dominance,200,0.630441770830038,0.23229256056505385,0.0,54,37.8238,0.0889073759
2,SA_Energy_Dominance,201,0.6173988590692198,0.2587756297997639,0.0,35,37.8238,0.0889073759
2,SA_Energy_Dominance,202,0.6311720137866704,0.20238959667304776,0.0,80,37.8238,0.0889073759
2,SA_Energy_Dominance,203,0.6170954787728092,0.26549607234800987,0.0,37,37.8238,0.0889073759
2,SA_Energy_Dominance,204,0.6065445448096795,0.23084031949303588,0.0,44,37.8238,0.0889073759
2,SA_Energy_Dominance,205,0.6050325991495409,0.2581402037684045,0.0,37,37.8238,0.0889073759
2,SA_Energy_Dominance,206,0.6076932549380369,0.23638797404253165,0.0,43,37.8238,0.0889073759
2,SA_Energy_Dominance,207,0.6035615567962698,0.22881980392690776,0.0,51,37.8238,0.0889073759
2,SA_Energy_Dominance,208,0.6248207194983418,0.2111690540629745,0.0,67,37.8238,0.0889073759
2,SA_Energy_Dominance,209,0.6425244419822514,0.20945276915968059,1.0869565217391304,45,37.8238,0.0889073759
2,SA_Energy_Dominance_PC75,200,0.5445191519826296,0.3185688824344841,0.0,31,37.8238,0.0889073759
2,SA_Energy_Dominance_PC75,201,0.5733908776840314,0.2712183721867293,0.0,30,37.8238,0.0889073759
2,SA_Energy_Dominance_PC75,202,0.5469484416272072,0.28734569938609816,0.0,48,37.8238,0.0889073759
2,SA_Energy_Dominance_PC75,203,0.50996599893483,0.3346755561423197,0.0,23,37.8238,0.0889073759
2,SA_Energy_Dominance_PC75,204,0.5852335859558786,0.2994719869114828,2.1739130434782608,49,37.8238,0.0889073759
2,SA_Energy_Dominance_PC75,205,0.5325309163882754,0.33462372253686457,0.0,27,37.8238,0.0889073759
2,SA_Energy_Dominance_PC75,206,0.44994021697918407,0.37025546240675955,0.0,26,37.8238,0.0889073759
2,SA_Energy_Dominance_PC75,207,0.5394353616923664,0.2995711351191681,0.0,39,37.8238,0.0889073759
2,SA_Energy_Dominance_PC75,208,0.5905571755145603,0.259489075186481,0.0,60,37.8238,0.0889073759
2,SA_Energy_Dominance_PC75,209,0.5227182618900102,0.3402204765991156,0.0,36,37.8238,0.0889073759
2,SA_Energy_Dominance_PC80,200,0.5800051723148588,0.24391048914119745,0.0,44,37.8238,0.0889073759
2,SA_Energy_Dominance_PC80,201,0.5816336511033323,0.292428543138161,0.0,51,37.8238,0.0889073759
2,SA_Energy_Dominance_PC80,202,0.5803724718915997,0.2482672123572514,0.0,49,37.8238,0.0889073759
2,SA_Energy_Dominance_PC80,203,0.5730235031709064,0.29196646643342805,0.0,26,37.8238,0.0889073759
2,SA_Energy_Dominance_PC80,204,0.5961944684952128,0.26021519572248997,0.0,35,37.8238,0.0889073759
2,SA_Energy_Dominance_PC80,205,0.5650593605884605,0.2994257046669748,0.0,35,37.8238,0.0889073759
2,SA_Energy_Dominance_PC80,206,0.5483753940365498,0.28067859264637934,0.0,47,37.8238,0.0889073759
2,SA_Energy_Dominance_PC80,207,0.5489597460616857,0.2899201267410391,0.0,54,37.8238,0.0889073759
2,SA_Energy_Dominance_PC80,208,0.5839881958088311,0.2685985873655028,0.0,46,37.8238,0.0889073759
2,SA_Energy_Dominance_PC80,209,0.5823846270660565,0.2335467687636148,0.0,57,37.8238,0.0889073759
2,SA_Energy_Dominance_PC85,200,0.605764061893523,0.24087398508152355,0.0,44,37.8238,0.0889073759
2,SA_Energy_Dominance_PC85,201,0.6193795405997591,0.22813387022245699,0.0,33,37.8238,0.0889073759
2,SA_Energy_Dominance_PC85,202,0.6222207501751351,0.21603035280022623,1.0869565217391304,47,37.8238,0.0889073759
2,SA_Energy_Dominance_PC85,203,0.5978167034013105,0.2854342889411502,0.0,27,37.8238,0.0889073759
2,SA_Energy_Dominance_PC85,204,0.6366684853694228,0.19228724232494374,0.0,59,37.8238,0.0889073759
2,SA_Energy_Dominance_PC85,205,0.6124314819798331,0.22782832185005697,0.0,52,37.8238,0.0889073759
2,SA_Energy_Dominance_PC85,206,0.6101738970843886,0.259291042313024,0.0,29,37.8238,0.0889073759
2,SA_Energy_Dominance_PC85,207,0.5892595738707536,0.25507381057083944,0.0,38,37.8238,0.0889073759
2,SA_Energy_Dominance_PC85,208,0.6241619217796146,0.22514168679476998,0.0,48,37.8238,0.0889073759
2,SA_Energy_Dominance_PC85,209,0.6141959699284373,0.21535758523610216,0.0,68,37.8238,0.0889073759
2,SA_Energy_Dominance_PC90,200,0.6186049266392337,0.2204398489189245,0.0,57,37.8238,0.0889073759
2,SA_Energy_Dominance_PC90,201,0.6294943967262748,0.21341625474536718,0.0,40,37.8238,0.0889073759
2,SA_Energy_Dominance_PC90,202,0.6376665104469124,0.20794102269730863,1.0869565217391304,41,37.8238,0.0889073759
2,SA_Energy_Dominance_PC90,203,0.6014718819566894,0.2468809822430524,0.0,45,37.8238,0.0889073759
2,SA_Energy_Dominance_PC90,204,0.6502976337570818,0.2088610169611153,2.717391304347826,61,37.8238,0.0889073759
2,SA_Energy_Dominance_PC90,205,0.619833033820362,0.23819333938650852,0.0,63,37.8238,0.0889073759
2,SA_Energy_Dominance_PC90,206,0.6035435969291718,0.26797137568829704,0.0,42,37.8238,0.0889073759
2,SA_Energy_Dominance_PC90,207,0.601697658020534,0.281018879220839,0.0,34,37.8238,0.0889073759
2,SA_Energy_Dominance_PC90,208,0.6014884030910471,0.258831236731058,0.0,62,37.8238,0.0889073759
2,SA_Energy_Dominance_PC90,209,0.6257858218508204,0.2535557794987737,0.0,37,37.8238,0.0889073759
2,SA_WaitingTime_Dominance,200,0.39761503686404115,0.6429591013881746,0.0,16,37.8238,0.0889073759
2,SA_WaitingTime_Dominance,201,0.40129165680597656,0.6415140365295567,0.0,21,37.8238,0.0889073759
2,SA_WaitingTime_Dominance,202,0.40093236839434504,0.6419550767530643,0.0,14,37.8238,0.0889073759
2,SA_WaitingTime_Dominance,203,0.3981934869848063,0.6429591013881746,0.0,10,37.8238,0.0889073759
2,SA_WaitingTime_Dominance,204,0.4039536543183316,0.6419265102420476,4.3478260869565215,12,37.8238,0.0889073759
2,SA_WaitingTime_Dominance,205,0.3956931753675191,0.6423082236880853,0.0,29,37.8238,0.0889073759
2,SA_WaitingTime_Dominance,206,0.4013073222409511,0.6417144313196932,0.0,8,37.8238,0.0889073759
2,SA_WaitingTime_Dominance,207,0.40055249849367996,0.6388959324865086,0.0,15,37.8238,0.0889073759
2,SA_WaitingTime_Dominance,208,0.39974130912497696,0.6425837784471061,0.0,13,37.8238,0.0889073759
2,SA_WaitingTime_Dominance,209,0.40501281178288945,0.6372156112024407,0.0,14,37.8238,0.0889073759
2,SA_WaitingTime_Dominance_PC75,200,0.30168960257847927,0.7554925555624599,0.0,21,37.8238,0.0889073759
2,SA_WaitingTime_Dominance_PC75,201,0.2783909035104244,0.7874209014055243,0.0,15,37.8238,0.0889073759
2,SA_WaitingTime_Dominance_PC75,202,0.2549580238456935,0.8170087963393274,0.0,5,37.8238,0.0889073759
2,SA_WaitingTime_Dominance_PC75,203,0.2688045572722157,0.7946861425095003,0.0,14,37.8238,0.0889073759
2,SA_WaitingTime_Dominance_PC75,204,0.2633523910534482,0.807194840630582,0.0,16,37.8238,0.0889073759
2,SA_WaitingTime_Dominance_PC75,205,0.26962258177809617,0.7986521661975766,0.0,14,37.8238,0.0889073759
2,SA_WaitingTime_Dominance_PC75,206,0.3080281854748651,0.7577940911578823,3.260869565217391,17,37.8238,0.0889073759
2,SA_WaitingTime_Dominance_PC75,207,0.28857786433017013,0.778464704072645,0.0,22,37.8238,0.0889073759
2,SA_WaitingTime_Dominance_PC75,208,0.30189344571407717,0.763572442978931,0.0,16,37.8238,0.0889073759
2,SA_WaitingTime_Dominance_PC75,209,0.24550936896958633,0.8256804731300963,0.0,20,37.8238,0.0889073759
2,SA_WaitingTime_Dominance_PC80,200,0.3220147336925948,0.7304172155625583,0.0,14,37.8238,0.0889073759
2,SA_WaitingTime_Dominance_PC80,201,0.2955628795830095,0.7631649290613411,0.0,21,37.8238,0.0889073759
2,SA_WaitingTime_Dominance_PC80,202,0.2632521913927735,0.8079096233803585,0.0,22,37.8238,0.0889073759
2,SA_WaitingTime_Dominance_PC80,203,0.25423567721490103,0.8168156981705366,0.0,10,37.8238,0.0889073759
2,SA_WaitingTime_Dominance_PC80,204,0.28338974333288364,0.7845454126213135,0.0,11,37.8238,0.0889073759
2,SA_WaitingTime_Dominance_PC80,205,0.2815196016644665,0.7881215201256316,0.0,13,37.8238,0.0889073759
2,SA_WaitingTime_Dominance_PC80,206,0.25964392658236607,0.8054113651506399,0.0,17,37.8238,0.0889073759
2,SA_WaitingTime_Dominance_PC80,207,0.28118751411816534,0.7821869824555362,0.0,15,37.8238,0.0889073759
2,SA_WaitingTime_Dominance_PC80,208,0.2576392831918175,0.8142497673546201,0.0,14,37.8238,0.0889073759
2,SA_WaitingTime_Dominance_PC80,209,0.29680442034258875,0.7714229398812288,5.434782608695652,16,37.8238,0.0889073759
2,SA_WaitingTime_Dominance_PC85,200,0.33248369180121495,0.7208055622573719,0.0,26,37.8238,0.0889073759
2,SA_WaitingTime_Dominance_PC85,201,0.2925591139663354,0.7692539834187375,0.0,15,37.8238,0.0889073759
2,SA_WaitingTime_Dominance_PC85,202,0.2775525794735884,0.7859739289334834,0.0,11,37.8238,0.0889073759
2,SA_WaitingTime_Dominance_PC85,203,0.2938276344996923,0.7622549020776722,0.0,16,37.8238,0.0889073759
2,SA_WaitingTime_Dominance_PC85,204,0.2953304747886342,0.7650486973170226,0.0,13,37.8238,0.0889073759
2,SA_WaitingTime_Dominance_PC85,205,0.27524070135936285,0.7832128969546811,0.0,20,37.8238,0.0889073759
2,SA_WaitingTime_Dominance_PC85,206,0.3284016923913986,0.7123940362472302,0.0,19,37.8238,0.0889073759
2,SA_WaitingTime_Dominance_PC85,207,0.34922912767241776,0.7066167336135646,2.1739130434782608,10,37.8238,0.0889073759
2,SA_WaitingTime_Dominance_PC85,208,0.26504080090424653,0.8075404524925802,0.0,22,37.8238,0.0889073759
2,SA_WaitingTime_Dominance_PC85,209,0.2642327527665554,0.8028059467368577,0.0,11,37.8238,0.0889073759
2,SA_WaitingTime_Dominance_PC90,200,0.3988354975835945,0.6431356510105175,0.0,24,37.8238,0.0889073759
2,SA_WaitingTime_Dominance_PC90,201,0.3975747174928086,0.64496710296806,0.0,19,37.8238,0.0889073759
2,SA_WaitingTime_Dominance_PC90,202,0.337454017057382,0.7148985419109107,0.0,11,37.8238,0.0889073759
2,SA_WaitingTime_Dominance_PC90,203,0.39817832054962005,0.643994887786786,0.0,18,37.8238,0.0889073759
2,SA_WaitingTime_Dominance_PC90,204,0.3993687050673525,0.6425837784471061,0.0,14,37.8238,0.0889073759
2,SA_WaitingTime_Dominance_PC90,205,0.3974840210660844,0.64496710296806,0.0,11,37.8238,0.0889073759
2,SA_WaitingTime_Dominance_PC90,206,0.39972309722819954,0.6418324649002701,0.0,6,37.8238,0.0889073759
2,SA_WaitingTime_Dominance_PC90,207,0.39934912078098805,0.6433504005916654,0.0,17,37.8238,0.0889073759
2,SA_WaitingTime_Dominance_PC90,208,0.3992131601016226,0.6425837784471061,0.0,14,37.8238,0.0889073759
2,SA_WaitingTime_Dominance_PC90,209,0.3996665858296307,0.6419873154199213,0.0,14,37.8238,0.0889073759
2,SPEA-II,200,0.6005249211337493,0.39651395092540476,0.0,40,37.8238,0.0889073759
2,SPEA-II,201,0.5649525319074234,0.4413029018758466,0.0,37,37.8238,0.0889073759
2,SPEA-II,202,0.5514951694416125,0.4678065197362396,16.847826086956523,31,37.8238,0.0889073759
2,SPEA-II,203,0.5612509442486983,0.43994506264101696,0.0,34,37.8238,0.0889073759
2,SPEA-II,204,0.5566231195005836,0.44971056496880646,0.0,30,37.8238,0.0889073759
2,SPEA-II,205,0.6093345028280504,0.3890558024139795,0.0,47,37.8238,0.0889073759
2,SPEA-II,206,0.6313913681905906,0.35893053277878373,0.0,41,37.8238,0.0889073759
2,SPEA-II,207,0.5357935758212975,0.4807491045304907,0.0,34,37.8238,0.0889073759
2,SPEA-II,208,0.6052403811242647,0.3872699901075935,0.0,45,37.8238,0.0889073759
2,SPEA-II,209,0.5908037034417846,0.41060115146407633,7.065217391304348,36,37.8238,0.0889073759
2,SPEA-II_PC75,200,0.4902459181134772,0.4837271275362136,0.0,31,37.8238,0.0889073759
2,SPEA-II_PC75,201,0.47347302320173484,0.5184670571138024,0.0,25,37.8238,0.0889073759
2,SPEA-II_PC75,202,0.4715246040123259,0.5309725122920645,0.0,33,37.8238,0.0889073759
2,SPEA-II_PC75,203,0.42544067464678453,0.5732859056125278,0.0,29,37.8238,0.0889073759
2,SPEA-II_PC75,204,0.5772999929204938,0.41026798677966636,0.0,31,37.8238,0.0889073759
2,SPEA-II_PC75,205,0.5579693029366597,0.4310066538033108,0.0,34,37.8238,0.0889073759
2,SPEA-II_PC75,206,0.5016982040408989,0.4710108333843222,0.0,36,37.8238,0.0889073759
2,SPEA-II_PC75,207,0.47272306796229635,0.5081772949269069,0.0,44,37.8238,0.0889073759
2,SPEA-II_PC75,208,0.5638248967366255,0.4226870747601806,0.0,44,37.8238,0.0889073759
2,SPEA-II_PC75,209,0.4118348863856343,0.5898974033041485,0.0,19,37.8238,0.0889073759
2,SPEA-II_PC80,200,0.577938258239756,0.41302281901484234,0.0,38,37.8238,0.0889073759
2,SPEA-II_PC80,201,0.46908120901169176,0.5241270415219245,0.0,30,37.8238,0.0889073759
2,SPEA-II_PC80,202,0.5324567875434275,0.4607446302232063,0.0,30,37.8238,0.0889073759
2,SPEA-II_PC80,203,0.46273131508121107,0.5329311066842822,0.0,32,37.8238,0.0889073759
2,SPEA-II_PC80,204,0.5808569569477366,0.3895319427244791,0.0,40,37.8238,0.0889073759
2,SPEA-II_PC80,205,0.5456845647860252,0.4517094576945943,0.0,37,37.8238,0.0889073759
2,SPEA-II_PC80,206,0.5087840494827426,0.4786691859245404,0.0,39,37.8238,0.0889073759
2,SPEA-II_PC80,207,0.4659068688777688,0.5290266035291129,0.0,31,37.8238,0.0889073759
2,SPEA-II_PC80,208,0.5746161035699426,0.4200225680206062,0.0,34,37.8238,0.0889073759
2,SPEA-II_PC80,209,0.46242061491047903,0.5350868529238155,0.0,33,37.8238,0.0889073759
2,SPEA-II_PC85,200,0.5001736011920728,0.5173209152786432,0.0,40,37.8238,0.0889073759
2,SPEA-II_PC85,201,0.5382368018860781,0.4630531762979602,0.0,40,37.8238,0.0889073759
2,SPEA-II_PC85,202,0.5687082072220222,0.42674886064211465,0.0,37,37.8238,0.0889073759
2,SPEA-II_PC85,203,0.5641378388406147,0.4362070464473819,0.0,43,37.8238,0.0889073759
2,SPEA-II_PC85,204,0.5870982368025531,0.39581848276154075,0.0,49,37.8238,0.0889073759
2,SPEA-II_PC85,205,0.5602342531382315,0.4330091233042685,0.0,37,37.8238,0.0889073759
2,SPEA-II_PC85,206,0.5088660376246698,0.5074746732127053,0.0,33,37.8238,0.0889073759
2,SPEA-II_PC85,207,0.5599547442870157,0.43716519297965784,0.0,44,37.8238,0.0889073759
2,SPEA-II_PC85,208,0.5798804590049079,0.4049352534543419,0.0,45,37.8238,0.0889073759
2,SPEA-II_PC85,209,0.5394527079915065,0.4699158155889119,0.0,38,37.8238,0.0889073759
2,SPEA-II_PC90,200,0.5688790135670923,0.4327411513086059,0.0,32,37.8238,0.0889073759
2,SPEA-II_PC90,201,0.5674302984248505,0.4225744778778597,0.0,47,37.8238,0.0889073759
2,SPEA-II_PC90,202,0.5433876720741622,0.4634669376495119,0.0,37,37.8238,0.0889073759
2,SPEA-II_PC90,203,0.5598398088910341,0.44069923760798796,0.0,45,37.8238,0.0889073759
2,SPEA-II_PC90,204,0.5625125724993342,0.4360855791626425,0.0,42,37.8238,0.0889073759
2,SPEA-II_PC90,205,0.6090794335277412,0.3684339290221874,0.0,45,37.8238,0.0889073759
2,SPEA-II_PC90,206,0.5137466027957187,0.5025920412746498,0.0,39,37.8238,0.0889073759
2,SPEA-II_PC90,207,0.5253725546762467,0.4890347280546838,0.0,30,37.8238,0.0889073759
2,SPEA-II_PC90,208,0.5934759256302443,0.3954514579388647,0.0,53,37.8238,0.0889073759
2,SPEA-II_PC90,209,0.5942915406297969,0.3979309738666977,0.0,43,37.8238,0.0889073759
3,AMOSA,200,0.30023729833088475,0.7588064158897745,0.0,25,32.8498,0.0495011067
3,AMOSA,201,0.30013285468288203,0.7588064158897745,0.0,26,32.8498,0.0495011067
3,AMOSA,202,0.3011930824283578,0.7570500819833258,0.0,25,32.8498,0.0495011067
3,AMOSA,203,0.30043533054393273,0.7588064158897745,0.0,23,32.8498,0.0495011067
3,AMOSA,204,0.3002209118129529,0.7588064158897745,0.0,26,32.8498,0.0495011067
3,AMOSA,205,0.29920065676682356,0.7588064158897745,0.0,28,32.8498,0.0495011067
3,AMOSA,206,0.30826281813708856,0.7504913599820315,0.0,20,32.8498,0.0495011067
3,AMOSA,207,0.3059887930026259,0.752683196207644,0.0,24,32.8498,0.0495011067
3,AMOSA,208,0.3004691760691767,0.7588064158897745,0.0,26,32.8498,0.0495011067
3,AMOSA,209,0.3007684578365756,0.7588064158897745,0.0,26,32.8498,0.0495011067
3,AMOSA_PC75,200,0.35348707306164695,0.690744727990668,0.0,17,32.8498,0.0495011067
3,AMOSA_PC75,201,0.3422811048090725,0.7044326951393678,0.0,27,32.8498,0.0495011067
3,AMOSA_PC75,202,0.39232278520362823,0.6433251673617563,0.0,21,32.8498,0.0495011067
3,AMOSA_PC75,203,0.3817434746245841,0.6543880901446714,0.0,26,32.8498,0.0495011067
3,AMOSA_PC75,204,0.37381091981070946,0.6629467207145395,0.0,25,32.8498,0.0495011067
3,AMOSA_PC75,205,0.3974577861936196,0.6414785211408875,0.0,23,32.8498,0.0495011067
3,AMOSA_PC75,206,0.37252792388842915,0.6710480822426237,0.0,28,32.8498,0.0495011067
3,AMOSA_PC75,207,0.4113212088675233,0.6227762061408234,0.0,33,32.8498,0.0495011067
3,AMOSA_PC75,208,0.40395679107218335,0.6308349854686145,0.0,31,32.8498,0.0495011067
3,AMOSA_PC75,209,0.37961298779452946,0.6605370493959678,0.0,22,32.8498,0.0495011067
3,AMOSA_PC80,200,0.40193641388408413,0.6388878335043804,0.0,26,32.8498,0.0495011067
3,AMOSA_PC80,201,0.3470234966744789,0.7003749639715976,0.0,23,32.8498,0.0495011067
3,AMOSA_PC80,202,0.38144355959440795,0.6595751728873702,0.0,30,32.8498,0.0495011067
3,AMOSA_PC80,203,0.4052164783554634,0.6316706261771309,0.0,23,32.8498,0.0495011067
3,AMOSA_PC80,204,0.42107890611922494,0.6127038091260985,0.0,41,32.8498,0.0495011067
3,AMOSA_PC80,205,0.4032814843470895,0.6343828493445669,0.0,28,32.8498,0.0495011067
3,AMOSA_PC80,206,0.3829296294193927,0.6564815004960182,0.0,23,32.8498,0.0495011067
3,AMOSA_PC80,207,0.4044852988624287,0.6316049343201733,0.0,32,32.8498,0.0495011067
3,AMOSA_PC80,208,0.3912900346499702,0.6454043649944771,0.0,27,32.8498,0.0495011067
3,AMOSA_PC80,209,0.4038314316908699,0.6336477048669665,0.0,23,32.8498,0.0495011067
3,AMOSA_PC85,200,0.3549701130016057,0.6954994978825568,0.0,31,32.8498,0.0495011067
3,AMOSA_PC85,201,0.4192978119003349,0.6147055642289821,0.0,33,32.8498,0.0495011067
3,AMOSA_PC85,202,0.4155708375930035,0.6235760352748485,0.0,29,32.8498,0.0495011067
3,AMOSA_PC85,203,0.35633665293013267,0.6946640809963809,0.0,36,32.8498,0.0495011067
3,AMOSA_PC85,204,0.41283968256013626,0.6247133884984526,0.0,28,32.8498,0.0495011067
3,AMOSA_PC85,205,0.3255711385947764,0.7302451184767191,0.0,23,32.8498,0.0495011067
3,AMOSA_PC85,206,0.34274941187322777,0.7115828117200316,0.0,22,32.8498,0.0495011067
3,AMOSA_PC85,207,0.3548206829206549,0.696617602384872,0.0,28,32.8498,0.0495011067
3,AMOSA_PC85,208,0.33366008860441665,0.7214367021747753,0.0,17,32.8498,0.0495011067
3,AMOSA_PC85,209,0.38184073003110963,0.6600345122858042,0.0,30,32.8498,0.0495011067
3,AMOSA_PC90,200,0.3987281335239635,0.6443196659764918,0.0,39,32.8498,0.0495011067
3,AMOSA_PC90,201,0.31999721302439416,0.7370880948505362,0.0,30,32.8498,0.0495011067
3,AMOSA_PC90,202,0.3291853473218422,0.7255269435375131,0.0,35,32.8498,0.0495011067
3,AMOSA_PC90,203,0.33371000545970614,0.7221052595060566,0.0,25,32.8498,0.0495011067
3,AMOSA_PC90,204,0.3085939544554947,0.7494295467983698,0.0,19,32.8498,0.0495011067
3,AMOSA_PC90,205,0.3364540874642141,0.7185839745330465,0.0,27,32.8498,0.0495011067
3,AMOSA_PC90,206,0.30149076726672536,0.7573907395856723,0.0,26,32.8498,0.0495011067
3,AMOSA_PC90,207,0.3013484952545389,0.7571389394525317,0.0,22,32.8498,0.0495011067
3,AMOSA_PC90,208,0.3049564975122008,0.7544395860696782,0.0,19,32.8498,0.0495011067
3,AMOSA_PC90,209,0.29993976570354036,0.7581774191571893,0.0,23,32.8498,0.0495011067
3,GA_Energy_Dominance,200,0.7574507756388242,0.1174297860478082,0.4132231404958678,100,32.8498,0.0495011067
3,GA_Energy_Dominance,201,0.7453775283802672,0.1321736389097683,2.0661157024793386,88,32.8498,0.0495011067
3,GA_Energy_Dominance,202,0.7469262369536505,0.10982721642730653,3.71900826446281,88,32.8498,0.0495011067
3,GA_Energy_Dominance,203,0.7494128427020552,0.13631611959021533,0.0,89,32.8498,0.0495011067
3,GA_Energy_Dominance,204,0.7660808555844835,0.12986278515455812,5.785123966942149,93,32.8498,0.0495011067
3,GA_Energy_Dominance,205,0.7381984342554095,0.12923177402090763,0.0,85,32.8498,0.0495011067
3,GA_Energy_Dominance,206,0.7143716458471471,0.14753641368736498,0.0,91,32.8498,0.0495011067
3,GA_Energy_Dominance,207,0.7747858004521851,0.11422012155007943,3.71900826446281,97,32.8498,0.0495011067
3,GA_Energy_Dominance,208,0.7522778704835332,0.11882361140149139,0.0,92,32.8498,0.0495011067
3,GA_Energy_Dominance,209,0.7496499596738975,0.1196599066137013,8.677685950413224,76,32.8498,0.0495011067
3,GA_Energy_Dominance_PC75,200,0.69881817358933,0.16997006991706323,0.0,98,32.8498,0.0495011067
3,GA_Energy_Dominance_PC75,201,0.6546445274103817,0.28308943319622143,4.545454545454546,93,32.8498,0.0495011067
3,GA_Energy_Dominance_PC75,202,0.6936726572634663,0.19557635287874983,0.0,104,32.8498,0.0495011067
3,GA_Energy_Dominance_PC75,203,0.5740505458871646,0.33658521081574466,0.0,89,32.8498,0.0495011067
3,GA_Energy_Dominance_PC75,204,0.7285797000060483,0.12760471112969543,0.0,108,32.8498,0.0495011067
3,GA_Energy_Dominance_PC75,205,0.5026572067434124,0.49428567575629695,0.0,35,32.8498,0.0495011067
3,GA_Energy_Dominance_PC75,206,0.6897640831092188,0.14607289706599763,0.0,93,32.8498,0.0495011067
3,GA_Energy_Dominance_PC75,207,0.656721524109304,0.2188760347096971,0.0,125,32.8498,0.0495011067
3,GA_Energy_Dominance_PC75,208,0.7005179023151729,0.16996564942583697,0.0,105,32.8498,0.0495011067
3,GA_Energy_Dominance_PC75,209,0.6814045500873058,0.18884735803186758,0.0,97,32.8498,0.0495011067
3,GA_Energy_Dominance_PC80,200,0.6901190139993447,0.21951152229015897,1.6528925619834711,74,32.8498,0.0495011067
3,GA_Energy_Dominance_PC80,201,0.529871620459776,0.45832380456348015,0.0,70,32.8498,0.0495011067
3,GA_Energy_Dominance_PC80,202,0.7187353680426061,0.16614041371433333,1.6528925619834711,110,32.8498,0.0495011067
3,GA_Energy_Dominance_PC80,203,0.6920944416867566,0.21660345457472432,0.0,94,32.8498,0.0495011067
3,GA_Energy_Dominance_PC80,204,0.7002062847794608,0.15539526269944193,0.0,78,32.8498,0.0495011067
3,GA_Energy_Dominance_PC80,205,0.5036749886345959,0.49499530448707263,0.0,56,32.8498,0.0495011067
3,GA_Energy_Dominance_PC80,206,0.6782343690179728,0.22878806301740376,0.0,86,32.8498,0.0495011067
3,GA_Energy_Dominance_PC80,207,0.5274042545194274,0.46279750955119886,0.0,61,32.8498,0.0495011067
3,GA_Energy_Dominance_PC80,208,0.7270894412903003,0.15822622361855015,0.0,95,32.8498,0.0495011067
3,GA_Energy_Dominance_PC80,209,0.7113519986707608,0.1643234799091751,0.0,100,32.8498,0.0495011067
3,GA_Energy_Dominance_PC85,200,0.7341827200052545,0.1157571956233884,0.0,96,32.8498,0.0495011067
3,GA_Energy_Dominance_PC85,201,0.7483512865541152,0.13015078855128576,0.0,84,32.8498,0.0495011067
3,GA_Energy_Dominance_PC85,202,0.7079589215642828,0.1583085902398799,0.0,85,32.8498,0.0495011067
3,GA_Energy_Dominance_PC85,203,0.7344019809399229,0.12037657884978491,2.479338842975207,91,32.8498,0.0495011067
3,GA_Energy_Dominance_PC85,204,0.7324086138006245,0.10694427276960045,0.0,84,32.8498,0.0495011067
3,GA_Energy_Dominance_PC85,205,0.7142486137919126,0.16193954815976894,0.0,110,32.8498,0.0495011067
3,GA_Energy_Dominance_PC85,206,0.7295688239733377,0.12468096223686256,0.0,105,32.8498,0.0495011067
3,GA_Energy_Dominance_PC85,207,0.7523648019705278,0.12122268325272284,0.0,102,32.8498,0.0495011067
3,GA_Energy_Dominance_PC85,208,0.7363543316287278,0.12987285715988348,0.4132231404958678,97,32.8498,0.0495011067
3,GA_Energy_Dominance_PC85,209,0.7225754860575644,0.11906262979947152,0.0,88,32.8498,0.0495011067
3,GA_Energy_Dominance_PC90,200,0.7383132643760011,0.1314741381399035,0.0,104,32.8498,0.0495011067
3,GA_Energy_Dominance_PC90,201,0.7438119492335272,0.12273863196540025,0.0,100,32.8498,0.0495011067
3,GA_Energy_Dominance_PC90,202,0.7225137665471957,0.14275237801444612,0.4132231404958678,83,32.8498,0.0495011067
3,GA_Energy_Dominance_PC90,203,0.7265263999936581,0.1333402009488166,0.0,86,32.8498,0.0495011067
3,GA_Energy_Dominance_PC90,204,0.7208709771045272,0.13306909613880152,0.0,83,32.8498,0.0495011067
3,GA_Energy_Dominance_PC90,205,0.7525288574227295,0.10223708969266151,5.371900826446281,105,32.8498,0.0495011067
3,GA_Energy_Dominance_PC90,206,0.7075772617209328,0.1623699025650992,0.0,95,32.8498,0.0495011067
3,GA_Energy_Dominance_PC90,207,0.744339378675944,0.12920761028643113,0.0,107,32.8498,0.0495011067
3,GA_Energy_Dominance_PC90,208,0.7364150521181525,0.11770855111854485,0.0,103,32.8498,0.0495011067
3,GA_Energy_Dominance_PC90,209,0.7347953520010663,0.1285803888772737,0.0,94,32.8498,0.0495011067
3,GA_WaitingTime_Dominance,200,0.24527793684634283,0.8246334615406354,0.0,22,32.8498,0.0495011067
3,GA_WaitingTime_Dominance,201,0.2311508855284786,0.8430382606944973,0.0,13,32.8498,0.0495011067
3,GA_WaitingTime_Dominance,202,0.2624183152873105,0.8069423199196794,0.8264462809917356,9,32.8498,0.0495011067
3,GA_WaitingTime_Dominance,203,0.24138641698827046,0.8324053565834011,1.2396694214876034,6,32.8498,0.0495011067
3,GA_WaitingTime_Dominance,204,0.2297353277427202,0.8438092727021741,0.0,18,32.8498,0.0495011067
3,GA_WaitingTime_Dominance,205,0.23585302683660908,0.8380827781187028,0.0,11,32.8498,0.0495011067
3,GA_WaitingTime_Dominance,206,0.2507403078289082,0.8187634968368588,0.0,21,32.8498,0.0495011067
3,GA_WaitingTime_Dominance,207,0.25368740788814526,0.8146774521430067,0.0,9,32.8498,0.0495011067
3,GA_WaitingTime_Dominance,208,0.23787592115668338,0.8338374838295354,0.0,25,32.8498,0.0495011067
3,GA_WaitingTime_Dominance,209,0.24042146411702925,0.830718127824603,0.0,9,32.8498,0.0495011067
3,GA_WaitingTime_Dominance_PC75,200,0.2713792873870935,0.7941235668305812,0.0,12,32.8498,0.0495011067
3,GA_WaitingTime_Dominance_PC75,201,0.2742913783424853,0.7863400330261054,0.0,14,32.8498,0.0495011067
3,GA_WaitingTime_Dominance_PC75,202,0.2827179245082773,0.7802348869979757,0.0,8,32.8498,0.0495011067
3,GA_WaitingTime_Dominance_PC75,203,0.213845651517969,0.8605139173570702,0.0,9,32.8498,0.0495011067
3,GA_WaitingTime_Dominance_PC75,204,0.2756374171213115,0.7879552469468255,0.0,18,32.8498,0.0495011067
3,GA_WaitingTime_Dominance_PC75,205,0.23543974426376763,0.8362282421603289,0.0,4,32.8498,0.0495011067
3,GA_WaitingTime_Dominance_PC75,206,0.31304336171249647,0.7431370055155979,0.0,20,32.8498,0.0495011067
3,GA_WaitingTime_Dominance_PC75,207,0.2509893355128905,0.818097457506909,0.0,11,32.8498,0.0495011067
3,GA_WaitingTime_Dominance_PC75,208,0.2847250672848381,0.7780527310885932,0.0,16,32.8498,0.0495011067
3,GA_WaitingTime_Dominance_PC75,209,0.26955167675392294,0.7956373892310231,0.0,17,32.8498,0.0495011067
3,GA_WaitingTime_Dominance_PC80,200,0.2720451799768586,0.7957193641632566,0.0,13,32.8498,0.0495011067
3,GA_WaitingTime_Dominance_PC80,201,0.2640423122158963,0.8002839969768316,0.0,12,32.8498,0.0495011067
3,GA_WaitingTime_Dominance_PC80,202,0.29869630405197445,0.7586490687843542,0.0,15,32.8498,0.0495011067
3,GA_WaitingTime_Dominance_PC80,203,0.23023919940549317,0.8417122811933782,0.0,8,32.8498,0.0495011067
3,GA_WaitingTime_Dominance_PC80,204,0.27841159363718493,0.7841026489541872,0.0,14,32.8498,0.0495011067
3,GA_WaitingTime_Dominance_PC80,205,0.23903072580255721,0.831913227212074,0.0,13,32.8498,0.0495011067
3,GA_WaitingTime_Dominance_PC80,206,0.2566441288042384,0.8080198006671807,0.0,15,32.8498,0.0495011067
3,GA_WaitingTime_Dominance_PC80,207,0.21930122265948865,0.8559675260642513,0.0,9,32.8498,0.0495011067
3,GA_WaitingTime_Dominance_PC80,208,0.24530853498630328,0.8231645714750625,0.0,8,32.8498,0.0495011067
3,GA_WaitingTime_Dominance_PC80,209,0.2895089576560792,0.7742008605185617,0.0,14,32.8498,0.0495011067
3,GA_WaitingTime_Dominance_PC85,200,0.25402008957557415,0.8129238600602293,0.0,21,32.8498,0.0495011067
3,GA_WaitingTime_Dominance_PC85,201,0.22126517006241297,0.8492827361296316,0.0,16,32.8498,0.0495011067
3,GA_WaitingTime_Dominance_PC85,202,0.25690580944160324,0.8087340737115235,0.0,9,32.8498,0.0495011067
3,GA_WaitingTime_Dominance_PC85,203,0.26033393043198655,0.8061450647425705,0.0,13,32.8498,0.0495011067
3,GA_WaitingTime_Dominance_PC85,204,0.21894993393852244,0.8516665559678676,0.0,15,32.8498,0.0495011067
3,GA_WaitingTime_Dominance_PC85,205,0.2518246434566959,0.8143830698095726,0.0,26,32.8498,0.0495011067
3,GA_WaitingTime_Dominance_PC85,206,0.23174144590203363,0.8411292239961946,0.0,6,32.8498,0.0495011067
3,GA_WaitingTime_Dominance_PC85,207,0.2648075055132266,0.7987692792870275,0.0,24,32.8498,0.0495011067
3,GA_WaitingTime_Dominance_PC85,208,0.22574313622207642,0.8463812711732438,0.0,17,32.8498,0.0495011067
3,GA_WaitingTime_Dominance_PC85,209,0.28373553180109884,0.7760612158577905,0.0,6,32.8498,0.0495011067
3,GA_WaitingTime_Dominance_PC90,200,0.237294721868215,0.8305885346894131,0.0,20,32.8498,0.0495011067
3,GA_WaitingTime_Dominance_PC90,201,0.2440528433017631,0.8242679596584852,0.0,16,32.8498,0.0495011067
3,GA_WaitingTime_Dominance_PC90,202,0.2604809107875916,0.8069423199196794,0.0,16,32.8498,0.0495011067
3,GA_WaitingTime_Dominance_PC90,203,0.27993042415623276,0.7844209243224773,0.0,14,32.8498,0.0495011067
3,GA_WaitingTime_Dominance_PC90,204,0.21833076367434742,0.8569005294909156,0.0,11,32.8498,0.0495011067
3,GA_WaitingTime_Dominance_PC90,205,0.2503312953645451,0.8181491045119954,0.0,17,32.8498,0.0495011067
3,GA_WaitingTime_Dominance_PC90,206,0.25163597280442307,0.8187634968368588,0.0,13,32.8498,0.0495011067
3,GA_WaitingTime_Dominance_PC90,207,0.25133045145569405,0.8146774521430067,0.0,22,32.8498,0.0495011067
3,GA_WaitingTime_Dominance_PC90,208,0.23041891537128692,0.8403188752121625,0.0,29,32.8498,0.0495011067
3,GA_WaitingTime_Dominance_PC90,209,0.23952647258967,0.830718127824603,0.0,12,32.8498,0.0495011067
3,NSGA-II,200,0.609504887240481,0.41297538396302874,1.6528925619834711,45,32.8498,0.0495011067
3,NSGA-II,201,0.6188618654741963,0.40044927858422535,0.8264462809917356,51,32.8498,0.0495011067
3,NSGA-II,202,0.6231444982268566,0.3931366669843077,0.0,59,32.8498,0.0495011067
3,NSGA-II,203,0.6072837137247175,0.4125575076531852,0.0,56,32.8498,0.0495011067
3,NSGA-II,204,0.609017900097186,0.41057074864711995,0.0,58,32.8498,0.0495011067
3,NSGA-II,205,0.5664269607039002,0.4623427585107465,0.0,55,32.8498,0.0495011067
3,NSGA-II,206,0.5918324783346458,0.4328738615066814,0.0,48,32.8498,0.0495011067
3,NSGA-II,207,0.5938206124298249,0.4281025847171757,0.0,55,32.8498,0.0495011067
3,NSGA-II,208,0.6052008901256433,0.41688315416261706,0.0,54,32.8498,0.0495011067
3,NSGA-II,209,0.58223716453819,0.44353882816806406,0.0,50,32.8498,0.0495011067
3,NSGA-II_PC75,200,0.6220273546603562,0.380208352859501,0.0,53,32.8498,0.0495011067
3,NSGA-II_PC75,201,0.5854546496026858,0.42435965967141664,0.0,42,32.8498,0.0495011067
3,NSGA-II_PC75,202,0.6087360974181867,0.39271755965159133,0.0,40,32.8498,0.0495011067
3,NSGA-II_PC75,203,0.6005392815658029,0.4081917969447916,0.0,41,32.8498,0.0495011067
3,NSGA-II_PC75,204,0.6238531678120958,0.3754494982098969,0.0,57,32.8498,0.0495011067
3,NSGA-II_PC75,205,0.5679563345712737,0.4444030621805879,0.0,35,32.8498,0.0495011067
3,NSGA-II_PC75,206,0.602957543813222,0.4049404976700933,0.0,46,32.8498,0.0495011067
3,NSGA-II_PC75,207,0.6435441869005794,0.3518166568250118,0.0,51,32.8498,0.0495011067
3,NSGA-II_PC75,208,0.6095941582377586,0.396005230056632,0.0,38,32.8498,0.0495011067
3,NSGA-II_PC75,209,0.6016026644413245,0.4063700509593109,0.0,52,32.8498,0.0495011067
3,NSGA-II_PC80,200,0.6234485917293765,0.382698768087433,0.0,41,32.8498,0.0495011067
3,NSGA-II_PC80,201,0.6039048996294674,0.40948448287275074,0.0,45,32.8498,0.0495011067
3,NSGA-II_PC80,202,0.6222281907634557,0.38537999186070054,0.0,43,32.8498,0.0495011067
3,NSGA-II_PC80,203,0.5950214135203838,0.41976704906527046,0.0,46,32.8498,0.0495011067
3,NSGA-II_PC80,204,0.6354073136277855,0.37138365348228114,0.0,51,32.8498,0.0495011067
3,NSGA-II_PC80,205,0.5728772063493545,0.44391994165846854,0.0,48,32.8498,0.0495011067
3,NSGA-II_PC80,206,0.6170927484539601,0.3895332392123086,0.0,51,32.8498,0.0495011067
3,NSGA-II_PC80,207,0.6397367405008604,0.3640328801732967,0.0,56,32.8498,0.0495011067
3,NSGA-II_PC80,208,0.6373551819256041,0.3632282948145343,0.0,60,32.8498,0.0495011067
3,NSGA-II_PC80,209,0.6167497387469248,0.3917581451887403,0.0,49,32.8498,0.0495011067
3,NSGA-II_PC85,200,0.6288829564724806,0.38108416967814945,0.0,46,32.8498,0.0495011067
3,NSGA-II_PC85,201,0.6317309486385533,0.3755241429604768,0.0,45,32.8498,0.0495011067
3,NSGA-II_PC85,202,0.6067787431924696,0.40380806853798185,0.0,56,32.8498,0.0495011067
3,NSGA-II_PC85,203,0.6229324533443698,0.38575467045881395,0.0,60,32.8498,0.0495011067
3,NSGA-II_PC85,204,0.6158387485451607,0.3942491759281089,0.0,43,32.8498,0.0495011067
3,NSGA-II_PC85,205,0.6058363446743299,0.40372245649271404,0.0,52,32.8498,0.0495011067
3,NSGA-II_PC85,206,0.5941472556832559,0.4237311105835123,0.0,37,32.8498,0.0495011067
3,NSGA-II_PC85,207,0.612824765527652,0.39361726950509585,0.0,47,32.8498,0.0495011067
3,NSGA-II_PC85,208,0.6433828575133805,0.3583623971305529,0.0,55,32.8498,0.0495011067
3,NSGA-II_PC85,209,0.6251315245978555,0.3815389207186018,0.0,45,32.8498,0.0495011067
3,NSGA-II_PC90,200,0.6343788302388794,0.3678244306225445,0.0,49,32.8498,0.0495011067
3,NSGA-II_PC90,201,0.642163904730325,0.36295030746754686,0.0,47,32.8498,0.0495011067
3,NSGA-II_PC90,202,0.6339840915515845,0.37582093138407185,0.0,62,32.8498,0.0495011067
3,NSGA-II_PC90,203,0.6667466075830909,0.3316149559654726,4.132231404958677,48,32.8498,0.0495011067
3,NSGA-II_PC90,204,0.6538584701263511,0.347138546084768,0.0,63,32.8498,0.0495011067
3,NSGA-II_PC90,205,0.6372896719701191,0.3684578478463564,0.0,47,32.8498,0.0495011067
3,NSGA-II_PC90,206,0.6343592284688194,0.37629067852134224,0.0,52,32.8498,0.0495011067
3,NSGA-II_PC90,207,0.6423479873313646,0.36093389200135617,0.4132231404958678,52,32.8498,0.0495011067
3,NSGA-II_PC90,208,0.6527561535096471,0.3522377226032083,4.958677685950414,50,32.8498,0.0495011067
3,NSGA-II_PC90,209,0.6267545478040121,0.387430372367073,4.545454545454546,49,32.8498,0.0495011067
3,SA_Energy_Dominance,200,0.5696637218393332,0.3895265804976767,0.0,113,32.8498,0.0495011067
3,SA_Energy_Dominance,201,0.6217594730497894,0.29623155361185727,0.0,119,32.8498,0.0495011067
3,SA_Energy_Dominance,202,0.5553334762608334,0.4292811772070294,0.0,109,32.8498,0.0495011067
3,SA_Energy_Dominance,203,0.6000436484318606,0.33734307326091295,0.0,117,32.8498,0.0495011067
3,SA_Energy_Dominance,204,0.6283002850426814,0.2683231459662431,0.0,129,32.8498,0.0495011067
3,SA_Energy_Dominance,205,0.6017792340479851,0.3672956503429489,0.0,127,32.8498,0.0495011067
3,SA_Energy_Dominance,206,0.6052688101899237,0.33560951327761684,0.0,109,32.8498,0.0495011067
3,SA_Energy_Dominance,207,0.6259136123071183,0.29428732085050036,0.0,84,32.8498,0.0495011067
3,SA_Energy_Dominance,208,0.6117510836878839,0.23881608725311082,0.0,129,32.8498,0.0495011067
3,SA_Energy_Dominance,209,0.5907946081228674,0.37823983537419226,0.0,127,32.8498,0.0495011067
3,SA_Energy_Dominance_PC75,200,0.5802841403358066,0.2987107217671757,0.0,119,32.8498,0.0495011067
3,SA_Energy_Dominance_PC75,201,0.6095816402961608,0.278845705663438,0.0,102,32.8498,0.0495011067
3,SA_Energy_Dominance_PC75,202,0.618084558699859,0.20379533304680347,0.0,115,32.8498,0.0495011067
3,SA_Energy_Dominance_PC75,203,0.6434674366487557,0.2554045681132511,0.0,113,32.8498,0.0495011067
3,SA_Energy_Dominance_PC75,204,0.6355348894984322,0.21206741506515722,0.0,112,32.8498,0.0495011067
3,SA_Energy_Dominance_PC75,205,0.5865714986847141,0.3325227234232372,0.0,83,32.8498,0.0495011067
3,SA_Energy_Dominance_PC75,206,0.5821816715937816,0.35659845326452455,0.0,97,32.8498,0.0495011067
3,SA_Energy_Dominance_PC75,207,0.5985965623488664,0.3265993770912349,0.0,115,32.8498,0.0495011067
3,SA_Energy_Dominance_PC75,208,0.5754467391657934,0.35495486986213703,0.0,132,32.8498,0.0495011067
3,SA_Energy_Dominance_PC75,209,0.6006403183300517,0.3163831742226944,0.0,97,32.8498,0.0495011067
3,SA_Energy_Dominance_PC80,200,0.5941052748881036,0.32366126122657873,0.0,94,32.8498,0.0495011067
3,SA_Energy_Dominance_PC80,201,0.6460791804607828,0.21652992893584713,0.0,127,32.8498,0.0495011067
3,SA_Energy_Dominance_PC80,202,0.6125727506571792,0.2668730010216931,0.0,105,32.8498,0.0495011067
3,SA_Energy_Dominance_PC80,203,0.6420204824704218,0.26081323497311365,0.0,138,32.8498,0.0495011067
3,SA_Energy_Dominance_PC80,204,0.5766186589566709,0.32916415729182114,0.0,105,32.8498,0.0495011067
3,SA_Energy_Dominance_PC80,205,0.5961288464792457,0.3495366345972151,0.0,96,32.8498,0.0495011067
3,SA_Energy_Dominance_PC80,206,0.5798843039600521,0.35072071073441297,0.0,87,32.8498,0.0495011067
3,SA_Energy_Dominance_PC80,207,0.6092224499612326,0.28546071898338543,0.0,134,32.8498,0.0495011067
3,SA_Energy_Dominance_PC80,208,0.5941838956166843,0.3296751996509266,0.0,88,32.8498,0.0495011067
3,SA_Energy_Dominance_PC80,209,0.593127996488102,0.34969588419253034,0.0,109,32.8498,0.0495011067
3,SA_Energy_Dominance_PC85,200,0.597968476627378,0.33353663862601735,0.0,117,32.8498,0.0495011067
3,SA_Energy_Dominance_PC85,201,0.5985344677840984,0.31036162583876725,0.0,107,32.8498,0.0495011067
3,SA_Energy_Dominance_PC85,202,0.5971284829128053,0.35838573060955703,0.0,113,32.8498,0.0495011067
3,SA_Energy_Dominance_PC85,203,0.5902630977394279,0.3283999159099465,0.0,116,32.8498,0.0495011067
3,SA_Energy_Dominance_PC85,204,0.6019508179541244,0.2854000631290912,0.0,108,32.8498,0.0495011067
3,SA_Energy_Dominance_PC85,205,0.587516851443715,0.35301237172391936,0.0,121,32.8498,0.0495011067
3,SA_Energy_Dominance_PC85,206,0.5827773329076242,0.3829150364240082,0.0,115,32.8498,0.0495011067
3,SA_Energy_Dominance_PC85,207,0.6260474078839463,0.2853429324766606,0.0,118,32.8498,0.0495011067
3,SA_Energy_Dominance_PC85,208,0.627087119171314,0.262266737252772,0.0,114,32.8498,0.0495011067
3,SA_Energy_Dominance_PC85,209,0.6016409863985552,0.3275606940439813,0.0,107,32.8498,0.0495011067
3,SA_Energy_Dominance_PC90,200,0.5958353323143138,0.3384949749366542,0.0,107,32.8498,0.0495011067
3,SA_Energy_Dominance_PC90,201,0.6095271888253299,0.3177746217584299,0.0,109,32.8498,0.0495011067
3,SA_Energy_Dominance_PC90,202,0.6132288853704847,0.32170331934686175,0.0,132,32.8498,0.0495011067
3,SA_Energy_Dominance_PC90,203,0.6442109823757712,0.2694954714305611,0.0,120,32.8498,0.0495011067
3,SA_Energy_Dominance_PC90,204,0.6006197807959699,0.3331738785675392,0.0,101,32.8498,0.0495011067
3,SA_Energy_Dominance_PC90,205,0.5977747220171612,0.34396301067235263,0.0,135,32.8498,0.0495011067
3,SA_Energy_Dominance_PC90,206,0.5938418242857694,0.3520089202155611,0.0,111,32.8498,0.0495011067
3,SA_Energy_Dominance_PC90,207,0.607581744227595,0.3130378695649571,0.0,104,32.8498,0.0495011067
3,SA_Energy_Dominance_PC90,208,0.6027436422147872,0.29909301032486874,0.0,116,32.8498,0.0495011067
3,SA_Energy_Dominance_PC90,209,0.5905635939602651,0.3751327336424057,0.0,135,32.8498,0.0495011067
3,SA_WaitingTime_Dominance,200,0.1971970242179988,0.8826252704263486,0.0,26,32.8498,0.0495011067
3,SA_WaitingTime_Dominance,201,0.22831144338157752,0.8471847933758883,0.0,24,32.8498,0.0495011067
3,SA_WaitingTime_Dominance,202,0.19743673184665225,0.8819416610426641,0.0,15,32.8498,0.0495011067
3,SA_WaitingTime_Dominance,203,0.24013392885507806,0.8348056273636687,3.71900826446281,15,32.8498,0.0495011067
3,SA_WaitingTime_Dominance,204,0.20191380014011331,0.8770969705254514,0.0,28,32.8498,0.0495011067
3,SA_WaitingTime_Dominance,205,0.21252532473609176,0.8653345469726715,1.6528925619834711,16,32.8498,0.0495011067
3,SA_WaitingTime_Dominance,206,0.19549189036959955,0.8844284951131469,0.0,32,32.8498,0.0495011067
3,SA_WaitingTime_Dominance,207,0.21083281862151987,0.8670656449102211,1.6528925619834711,25,32.8498,0.0495011067
3,SA_WaitingTime_Dominance,208,0.19565057024479562,0.8839865019461073,0.0,21,32.8498,0.0495011067
3,SA_WaitingTime_Dominance,209,0.20424422112858234,0.8746702887089969,0.8264462809917356,25,32.8498,0.0495011067
3,SA_WaitingTime_Dominance_PC75,200,0.24791684561827523,0.8234130702286798,0.0,14,32.8498,0.0495011067
3,SA_WaitingTime_Dominance_PC75,201,0.23509102099391532,0.8371369049074561,0.0,19,32.8498,0.0495011067
3,SA_WaitingTime_Dominance_PC75,202,0.231880199451182,0.8408868803569428,0.0,25,32.8498,0.0495011067
3,SA_WaitingTime_Dominance_PC75,203,0.26022301214929106,0.8089737874382735,0.0,20,32.8498,0.0495011067
3,SA_WaitingTime_Dominance_PC75,204,0.26197744471974477,0.8071627849251404,0.0,12,32.8498,0.0495011067
3,SA_WaitingTime_Dominance_PC75,205,0.24509349008823528,0.8264247676877984,0.0,7,32.8498,0.0495011067
3,SA_WaitingTime_Dominance_PC75,206,0.2641002614605316,0.8051688076485912,0.0,16,32.8498,0.0495011067
3,SA_WaitingTime_Dominance_PC75,207,0.21686729228326845,0.8575861532756653,0.0,14,32.8498,0.0495011067
3,SA_WaitingTime_Dominance_PC75,208,0.26229539140612484,0.8072029610352723,0.0,14,32.8498,0.0495011067
3,SA_WaitingTime_Dominance_PC75,209,0.26244460535200576,0.8062610606705706,0.0,4,32.8498,0.0495011067
3,SA_WaitingTime_Dominance_PC80,200,0.2532069720385747,0.8177628990633425,0.0,10,32.8498,0.0495011067
3,SA_WaitingTime_Dominance_PC80,201,0.23354083958565028,0.8397974251142206,0.0,15,32.8498,0.0495011067
3,SA_WaitingTime_Dominance_PC80,202,0.2322118238654658,0.8412465628582382,0.0,9,32.8498,0.0495011067
3,SA_WaitingTime_Dominance_PC80,203,0.23950124555891544,0.8328604993129493,0.0,25,32.8498,0.0495011067
3,SA_WaitingTime_Dominance_PC80,204,0.2309880357455899,0.843136071057326,0.0,7,32.8498,0.0495011067
3,SA_WaitingTime_Dominance_PC80,205,0.24330337648469724,0.8288684600021365,0.0,18,32.8498,0.0495011067
3,SA_WaitingTime_Dominance_PC80,206,0.2446019145185704,0.8276233922771333,0.0,20,32.8498,0.0495011067
3,SA_WaitingTime_Dominance_PC80,207,0.24898382551668757,0.8231462739987209,0.0,14,32.8498,0.0495011067
3,SA_WaitingTime_Dominance_PC80,208,0.22455254399369412,0.8488269219330618,0.0,18,32.8498,0.0495011067
3,SA_WaitingTime_Dominance_PC80,209,0.2256309758421797,0.8490002723358329,0.0,23,32.8498,0.0495011067
3,SA_WaitingTime_Dominance_PC85,200,0.2023839513309039,0.8754916047877166,0.0,15,32.8498,0.0495011067
3,SA_WaitingTime_Dominance_PC85,201,0.22871925840030508,0.8459111883024628,0.0,13,32.8498,0.0495011067
3,SA_WaitingTime_Dominance_PC85,202,0.21130681567483273,0.8650588538046748,0.0,24,32.8498,0.0495011067
3,SA_WaitingTime_Dominance_PC85,203,0.22831361531506192,0.8461599668340057,0.0,28,32.8498,0.0495011067
3,SA_WaitingTime_Dominance_PC85,204,0.22784505266042757,0.8468908586871355,0.0,14,32.8498,0.0495011067
3,SA_WaitingTime_Dominance_PC85,205,0.22278494445120384,0.8528114631954657,0.0,14,32.8498,0.0495011067
3,SA_WaitingTime_Dominance_PC85,206,0.1990897579709042,0.879055527916605,0.0,18,32.8498,0.0495011067
3,SA_WaitingTime_Dominance_PC85,207,0.22314149656561158,0.8507025531470345,0.0,22,32.8498,0.0495011067
3,SA_WaitingTime_Dominance_PC85,208,0.2224134989736448,0.8524636432782206,0.0,20,32.8498,0.0495011067
3,SA_WaitingTime_Dominance_PC85,209,0.20290663478443022,0.8751180453013062,0.0,10,32.8498,0.0495011067
3,SA_WaitingTime_Dominance_PC90,200,0.22628404058337767,0.8489574103576139,0.0,29,32.8498,0.0495011067
3,SA_WaitingTime_Dominance_PC90,201,0.21643085986699934,0.8602621731795144,0.0,28,32.8498,0.0495011067
3,SA_WaitingTime_Dominance_PC90,202,0.2134715516973961,0.8635259505496994,0.0,14,32.8498,0.0495011067
3,SA_WaitingTime_Dominance_PC90,203,0.24438023421819205,0.829682949499469,3.3057851239669422,20,32.8498,0.0495011067
3,SA_WaitingTime_Dominance_PC90,204,0.24090094638359139,0.8320125483757017,0.0,23,32.8498,0.0495011067
3,SA_WaitingTime_Dominance_PC90,205,0.19936198943902256,0.8792985989784637,0.0,22,32.8498,0.0495011067
3,SA_WaitingTime_Dominance_PC90,206,0.20373136223397614,0.874648410075206,0.0,11,32.8498,0.0495011067
3,SA_WaitingTime_Dominance_PC90,207,0.21856793481990833,0.8567373070490553,0.0,32,32.8498,0.0495011067
3,SA_WaitingTime_Dominance_PC90,208,0.21987733415034094,0.8572733615547194,0.4132231404958678,6,32.8498,0.0495011067
3,SA_WaitingTime_Dominance_PC90,209,0.22837300561496768,0.8464598887703686,0.0,33,32.8498,0.0495011067
3,SPEA-II,200,0.5907209358531561,0.4331474843180277,0.0,57,32.8498,0.0495011067
3,SPEA-II,201,0.5427208075197849,0.4890193039494515,0.4132231404958678,49,32.8498,0.0495011067
3,SPEA-II,202,0.5821097950848357,0.44352125811432924,0.0,55,32.8498,0.0495011067
3,SPEA-II,203,0.5713022797207408,0.45538406598685494,0.8264462809917356,46,32.8498,0.0495011067
3,SPEA-II,204,0.5642578150423541,0.4654108032441032,2.0661157024793386,49,32.8498,0.0495011067
3,SPEA-II,205,0.5619057617868218,0.4669727474477679,0.4132231404958678,42,32.8498,0.0495011067
3,SPEA-II,206,0.5491389965155221,0.48233087690179743,0.0,47,32.8498,0.0495011067
3,SPEA-II,207,0.5284824916829854,0.5074501784059899,2.8925619834710745,36,32.8498,0.0495011067
3,SPEA-II,208,0.5690978222136825,0.45937839947665876,2.8925619834710745,53,32.8498,0.0495011067
3,SPEA-II,209,0.5935510180552058,0.4286311971300155,0.4132231404958678,52,32.8498,0.0495011067
3,SPEA-II_PC75,200,0.6112394916842997,0.4015137216803889,0.0,48,32.8498,0.0495011067
3,SPEA-II_PC75,201,0.5904152872212941,0.42596088469585075,0.0,47,32.8498,0.0495011067
3,SPEA-II_PC75,202,0.5489138332079913,0.47231012689215895,0.0,52,32.8498,0.0495011067
3,SPEA-II_PC75,203,0.6270691210756532,0.3793493227163954,0.0,56,32.8498,0.0495011067
3,SPEA-II_PC75,204,0.5934801725546874,0.4155648965322477,0.0,45,32.8498,0.0495011067
3,SPEA-II_PC75,205,0.5403885160258749,0.4787250430396373,0.0,42,32.8498,0.0495011067
3,SPEA-II_PC75,206,0.6118949573934006,0.39904160392879817,0.0,50,32.8498,0.0495011067
3,SPEA-II_PC75,207,0.5499677126514978,0.4730263583819814,0.0,40,32.8498,0.0495011067
3,SPEA-II_PC75,208,0.5862487253289738,0.4264192168937523,0.0,53,32.8498,0.0495011067
3,SPEA-II_PC75,209,0.5844190168269777,0.43114281952471656,0.0,46,32.8498,0.0495011067
3,SPEA-II_PC80,200,0.5653615420842976,0.4575863659068886,0.0,41,32.8498,0.0495011067
3,SPEA-II_PC80,201,0.5409611115162487,0.4866730862644313,0.0,46,32.8498,0.0495011067
3,SPEA-II_PC80,202,0.6021844032161598,0.4112473076270764,0.0,54,32.8498,0.0495011067
3,SPEA-II_PC80,203,0.5461870955140753,0.47739469900287695,0.0,48,32.8498,0.0495011067
3,SPEA-II_PC80,204,0.41766478050686884,0.6269899414799703,0.0,34,32.8498,0.0495011067
3,SPEA-II_PC80,205,0.4617694604523051,0.5741250630829278,0.0,44,32.8498,0.0495011067
3,SPEA-II_PC80,206,0.6164860806969615,0.3962117061658075,0.0,52,32.8498,0.0495011067
3,SPEA-II_PC80,207,0.5684888730803263,0.4518961864981746,0.0,37,32.8498,0.0495011067
3,SPEA-II_PC80,208,0.5415232580322181,0.48083154699790714,0.0,38,32.8498,0.0495011067
3,SPEA-II_PC80,209,0.618633644978851,0.39137171591774694,0.0,45,32.8498,0.0495011067
3,SPEA-II_PC85,200,0.604627834918603,0.40693039018892685,0.0,58,32.8498,0.0495011067
3,SPEA-II_PC85,201,0.5903452867668453,0.42860590520553127,0.4132231404958678,40,32.8498,0.0495011067
3,SPEA-II_PC85,202,0.6232529649955396,0.3847861911911696,0.0,58,32.8498,0.0495011067
3,SPEA-II_PC85,203,0.6254946216351108,0.38487667137234494,1.2396694214876034,52,32.8498,0.0495011067
3,SPEA-II_PC85,204,0.6470166201490087,0.3594681914041366,0.0,52,32.8498,0.0495011067
3,SPEA-II_PC85,205,0.4043432135609392,0.6423246255438255,0.0,41,32.8498,0.0495011067
3,SPEA-II_PC85,206,0.5987064412396045,0.4204689559252963,1.2396694214876034,42,32.8498,0.0495011067
3,SPEA-II_PC85,207,0.6160789825735867,0.3972046939797441,0.0,45,32.8498,0.0495011067
3,SPEA-II_PC85,208,0.5976568506085518,0.41512631665590155,0.0,45,32.8498,0.0495011067
3,SPEA-II_PC85,209,0.580909410776175,0.43371979804286404,0.0,53,32.8498,0.0495011067
3,SPEA-II_PC90,200,0.5912411145229535,0.4258543452617398,0.0,47,32.8498,0.0495011067
3,SPEA-II_PC90,201,0.5689575511023502,0.4530784161010629,0.0,42,32.8498,0.0495011067
3,SPEA-II_PC90,202,0.6276275213868407,0.3829670751181908,0.0,52,32.8498,0.0495011067
3,SPEA-II_PC90,203,0.6525386872006659,0.3531686556732221,2.479338842975207,49,32.8498,0.0495011067
3,SPEA-II_PC90,204,0.6160359616977605,0.39350401540076746,0.0,49,32.8498,0.0495011067
3,SPEA-II_PC90,205,0.6236054561919999,0.3942612623344995,13.636363636363637,56,32.8498,0.0495011067
3,SPEA-II_PC90,206,0.5964071429664276,0.4207223787704063,0.0,47,32.8498,0.0495011067
3,SPEA-II_PC90,207,0.6041314891234527,0.41228696239902174,0.0,61,32.8498,0.0495011067
3,SPEA-II_PC90,208,0.6005882140440114,0.4150661084462886,0.0,55,32.8498,0.0495011067
3,SPEA-II_PC90,209,0.6179162984541968,0.39662997416474677,0.0,49,32.8498,0.0495011067
