Algorithm,WaitingTime,Energy
GA_WaitingTime_Dominance,2.034000,0.063541221
GA_WaitingTime_Dominance,2.036000,0.063298881
GA_WaitingTime_Dominance,2.038000,0.063275570
GA_WaitingTime_Dominance,2.042000,0.063199902
GA_WaitingTime_Dominance,2.054000,0.063132510
GA_WaitingTime_Dominance,2.056000,0.063077953
GA_WaitingTime_Dominance,2.076000,0.063044861
GA_WaitingTime_Dominance,2.078000,0.063001000
GA_WaitingTime_Dominance,2.084000,0.062889470
GA_WaitingTime_Dominance,2.102000,0.062803873
GA_WaitingTime_Dominance,2.108000,0.062769294
GA_WaitingTime_Dominance,2.426000,0.062751894
GA_Energy_Dominance,4.166000,0.063502388
GA_Energy_Dominance,4.176000,0.063157918
GA_Energy_Dominance,4.192000,0.063014261
GA_Energy_Dominance,4.220000,0.062785571
GA_Energy_Dominance,4.238000,0.061813255
GA_Energy_Dominance,4.362000,0.061671172
GA_Energy_Dominance,4.402000,0.061409840
GA_Energy_Dominance,4.652000,0.060859100
GA_Energy_Dominance,4.958000,0.060857286
GA_Energy_Dominance,5.096000,0.060825803
GA_Energy_Dominance,5.176000,0.060695941
GA_Energy_Dominance,5.202000,0.060663006
GA_Energy_Dominance,5.282000,0.060424738
GA_Energy_Dominance,5.314000,0.060387228
GA_Energy_Dominance,5.342000,0.060255461
GA_Energy_Dominance,5.466000,0.059934986
GA_Energy_Dominance,5.502000,0.059921035
GA_Energy_Dominance,5.562000,0.059845044
GA_Energy_Dominance,5.588000,0.059754271
GA_Energy_Dominance,5.602000,0.059671070
GA_Energy_Dominance,5.688000,0.059289015
GA_Energy_Dominance,5.832000,0.059196866
GA_Energy_Dominance,5.872000,0.059092039
GA_Energy_Dominance,5.960000,0.058904104
GA_Energy_Dominance,6.060000,0.058845411
GA_Energy_Dominance,6.154000,0.058829363
GA_Energy_Dominance,6.236000,0.058765228
GA_Energy_Dominance,6.282000,0.058715085
GA_Energy_Dominance,6.332000,0.058682487
GA_Energy_Dominance,6.380000,0.058560106
GA_Energy_Dominance,6.420000,0.058466800
GA_Energy_Dominance,6.430000,0.058376236
GA_Energy_Dominance,6.514000,0.058347346
GA_Energy_Dominance,6.640000,0.058319931
GA_Energy_Dominance,6.664000,0.058053964
GA_Energy_Dominance,6.778000,0.057542864
GA_Energy_Dominance,6.938000,0.057482401
GA_Energy_Dominance,7.032000,0.057360260
GA_Energy_Dominance,7.044000,0.057099324
GA_Energy_Dominance,7.134000,0.056883779
GA_Energy_Dominance,7.238000,0.056800088
GA_Energy_Dominance,7.308000,0.056667162
GA_Energy_Dominance,7.320000,0.056556176
GA_Energy_Dominance,7.406000,0.056274556
GA_Energy_Dominance,7.662000,0.056188433
GA_Energy_Dominance,7.712000,0.056145135
GA_Energy_Dominance,7.786000,0.056087720
GA_Energy_Dominance,7.814000,0.055998269
GA_Energy_Dominance,7.820000,0.055852548
GA_Energy_Dominance,7.896000,0.055751807
GA_Energy_Dominance,7.932000,0.055501782
GA_Energy_Dominance,8.100000,0.055434490
GA_Energy_Dominance,8.156000,0.055079734
GA_Energy_Dominance,8.232000,0.055029536
GA_Energy_Dominance,8.258000,0.054921457
GA_Energy_Dominance,8.340000,0.054787626
GA_Energy_Dominance,8.486000,0.054759599
GA_Energy_Dominance,8.624000,0.054751049
GA_Energy_Dominance,8.678000,0.054594800
GA_Energy_Dominance,8.852000,0.054577793
GA_Energy_Dominance,9.000000,0.054501563
GA_Energy_Dominance,9.018000,0.054371210
GA_Energy_Dominance,9.234000,0.054330923
GA_Energy_Dominance,9.432000,0.054311701
GA_Energy_Dominance,9.586000,0.054288179
GA_Energy_Dominance,9.640000,0.054211626
GA_Energy_Dominance,9.850000,0.054192989
GA_Energy_Dominance,9.886000,0.054096883
GA_Energy_Dominance,9.924000,0.053994138
GA_Energy_Dominance,10.030000,0.053920428
GA_Energy_Dominance,10.142000,0.053787142
GA_Energy_Dominance,10.306000,0.053703048
GA_Energy_Dominance,10.384000,0.053646602
GA_Energy_Dominance,10.482000,0.053620359
GA_Energy_Dominance,10.556000,0.053568831
GA_Energy_Dominance,10.658000,0.053521468
GA_Energy_Dominance,10.740000,0.053511778
GA_Energy_Dominance,10.902000,0.053410704
GA_Energy_Dominance,11.008000,0.053398870
GA_Energy_Dominance,11.094000,0.053278173
GA_Energy_Dominance,11.324000,0.053078170
GA_Energy_Dominance,11.472000,0.053061208
GA_Energy_Dominance,11.782000,0.052992199
GA_Energy_Dominance,11.876000,0.052979876
GA_Energy_Dominance,12.042000,0.052946372
GA_Energy_Dominance,12.060000,0.052578717
GA_Energy_Dominance,12.432000,0.052561417
GA_Energy_Dominance,12.754000,0.052527902
GA_Energy_Dominance,12.980000,0.052452280
GA_Energy_Dominance,13.132000,0.052322107
GA_Energy_Dominance,13.264000,0.052236550
GA_Energy_Dominance,13.416000,0.052109061
GA_Energy_Dominance,13.678000,0.052094875
GA_Energy_Dominance,13.822000,0.052081531
GA_Energy_Dominance,13.828000,0.052010887
GA_Energy_Dominance,13.970000,0.051995215
GA_Energy_Dominance,14.082000,0.051837602
GA_Energy_Dominance,14.294000,0.051632884
GA_Energy_Dominance,14.564000,0.051588858
GA_Energy_Dominance,14.740000,0.051509033
GA_Energy_Dominance,14.806000,0.051491962
GA_Energy_Dominance,14.848000,0.051314184
GA_Energy_Dominance,15.114000,0.051286114
GA_Energy_Dominance,15.300000,0.051229059
GA_Energy_Dominance,15.438000,0.051178314
GA_Energy_Dominance,15.620000,0.051131516
GA_Energy_Dominance,15.740000,0.051109234
GA_Energy_Dominance,15.784000,0.051037795
GA_Energy_Dominance,15.786000,0.051013506
GA_Energy_Dominance,15.904000,0.051011638
GA_Energy_Dominance,15.962000,0.050965725
GA_Energy_Dominance,16.066000,0.050953241
GA_Energy_Dominance,16.112000,0.050915206
GA_Energy_Dominance,16.248000,0.050760965
GA_Energy_Dominance,16.526000,0.050636628
GA_Energy_Dominance,16.670000,0.050572395
GA_Energy_Dominance,16.964000,0.050414461
GA_Energy_Dominance,17.138000,0.050371328
GA_Energy_Dominance,17.350000,0.050220915
GA_Energy_Dominance,17.506000,0.050207245
GA_Energy_Dominance,17.820000,0.050068025
GA_Energy_Dominance,18.104000,0.050019096
GA_Energy_Dominance,18.336000,0.049969307
GA_Energy_Dominance,18.454000,0.049816030
GA_Energy_Dominance,18.784000,0.049662421
GA_Energy_Dominance,19.098000,0.049593560
GA_Energy_Dominance,19.248000,0.049312387
GA_Energy_Dominance,19.488000,0.049248661
GA_Energy_Dominance,19.832000,0.049184750
GA_Energy_Dominance,20.094000,0.049145333
GA_Energy_Dominance,20.490000,0.049089396
GA_Energy_Dominance,20.836000,0.048954633
GA_Energy_Dominance,21.020000,0.048855565
GA_Energy_Dominance,21.488000,0.048746344
GA_Energy_Dominance,21.820000,0.048701256
GA_Energy_Dominance,22.246000,0.048677165
GA_Energy_Dominance,22.558000,0.048639306
GA_Energy_Dominance,22.760000,0.048624797
GA_Energy_Dominance,22.932000,0.048586113
GA_Energy_Dominance,23.390000,0.048185052
GA_Energy_Dominance,24.094000,0.048003504
GA_Energy_Dominance,24.948000,0.047955407
GA_Energy_Dominance,25.220000,0.047881883
GA_Energy_Dominance,25.432000,0.047877314
GA_Energy_Dominance,25.524000,0.047847846
GA_Energy_Dominance,25.834000,0.047803082
GA_Energy_Dominance,25.974000,0.047709253
GA_Energy_Dominance,26.312000,0.047678152
GA_Energy_Dominance,26.504000,0.047633293
GA_Energy_Dominance,26.774000,0.047477305
GA_Energy_Dominance,27.166000,0.047430337
GA_Energy_Dominance,27.504000,0.047421319
GA_Energy_Dominance,28.022000,0.047365353
GA_Energy_Dominance,28.146000,0.047357269
GA_Energy_Dominance,28.438000,0.047309069
GA_Energy_Dominance,28.478000,0.047286864
GA_Energy_Dominance,28.778000,0.047229943
GA_Energy_Dominance,29.052000,0.047211361
GA_Energy_Dominance,29.312000,0.047177939
GA_Energy_Dominance,29.652000,0.047089536
GA_Energy_Dominance,29.918000,0.047060601
GA_Energy_Dominance,30.348000,0.047044477
GA_Energy_Dominance,30.712000,0.046986486
GA_Energy_Dominance,31.004000,0.046981777
SA_WaitingTime_Dominance,1.824000,0.065659795
SA_WaitingTime_Dominance,1.826000,0.065637872
SA_WaitingTime_Dominance,1.830000,0.065594003
SA_WaitingTime_Dominance,1.832000,0.065430828
SA_WaitingTime_Dominance,1.840000,0.065336658
SA_WaitingTime_Dominance,1.844000,0.065318202
SA_WaitingTime_Dominance,1.846000,0.065274900
SA_WaitingTime_Dominance,1.852000,0.065222522
SA_WaitingTime_Dominance,1.866000,0.065017408
SA_WaitingTime_Dominance,1.904000,0.064984719
SA_WaitingTime_Dominance,1.906000,0.064967042
SA_WaitingTime_Dominance,1.912000,0.064853176
SA_WaitingTime_Dominance,1.926000,0.064687265
SA_WaitingTime_Dominance,1.934000,0.064664293
SA_WaitingTime_Dominance,1.936000,0.064643240
SA_WaitingTime_Dominance,1.940000,0.064619048
SA_WaitingTime_Dominance,1.946000,0.064586035
SA_WaitingTime_Dominance,1.958000,0.064559980
SA_WaitingTime_Dominance,1.960000,0.064495531
SA_WaitingTime_Dominance,1.970000,0.064406615
SA_WaitingTime_Dominance,1.980000,0.064400930
SA_WaitingTime_Dominance,2.322000,0.064357719
SA_WaitingTime_Dominance,2.376000,0.064316006
SA_WaitingTime_Dominance,2.394000,0.064262026
SA_WaitingTime_Dominance,2.580000,0.064121229
SA_WaitingTime_Dominance,2.598000,0.064067347
SA_WaitingTime_Dominance,2.600000,0.064048230
SA_WaitingTime_Dominance,2.610000,0.063975078
SA_WaitingTime_Dominance,2.660000,0.063952424
SA_WaitingTime_Dominance,2.664000,0.063861698
SA_WaitingTime_Dominance,3.348000,0.063824927
SA_WaitingTime_Dominance,3.356000,0.063766616
SA_WaitingTime_Dominance,3.358000,0.063619143
SA_WaitingTime_Dominance,3.400000,0.063589900
SA_WaitingTime_Dominance,3.416000,0.063546137
SA_WaitingTime_Dominance,3.422000,0.063462602
SA_WaitingTime_Dominance,3.454000,0.063457154
SA_WaitingTime_Dominance,3.552000,0.063442500
SA_Energy_Dominance,4.188000,0.062939442
SA_Energy_Dominance,4.190000,0.062918538
SA_Energy_Dominance,4.214000,0.062635702
SA_Energy_Dominance,4.216000,0.062563390
SA_Energy_Dominance,4.232000,0.062490674
SA_Energy_Dominance,4.308000,0.062467109
SA_Energy_Dominance,4.372000,0.062447121
SA_Energy_Dominance,4.422000,0.062355591
SA_Energy_Dominance,4.424000,0.062268143
SA_Energy_Dominance,4.450000,0.062226881
SA_Energy_Dominance,4.520000,0.062215988
SA_Energy_Dominance,4.522000,0.061977032
SA_Energy_Dominance,4.532000,0.061951014
SA_Energy_Dominance,4.534000,0.061934723
SA_Energy_Dominance,4.556000,0.061804294
SA_Energy_Dominance,4.636000,0.061576191
SA_Energy_Dominance,4.678000,0.061464555
SA_Energy_Dominance,4.834000,0.061276575
SA_Energy_Dominance,4.868000,0.061242003
SA_Energy_Dominance,4.876000,0.061222109
SA_Energy_Dominance,4.882000,0.061213416
SA_Energy_Dominance,4.884000,0.061195698
SA_Energy_Dominance,4.918000,0.061181548
SA_Energy_Dominance,4.972000,0.060995687
SA_Energy_Dominance,5.048000,0.060934932
SA_Energy_Dominance,5.076000,0.060883257
SA_Energy_Dominance,5.196000,0.060759840
SA_Energy_Dominance,5.220000,0.060729655
SA_Energy_Dominance,5.310000,0.060658403
SA_Energy_Dominance,5.358000,0.060656503
SA_Energy_Dominance,5.402000,0.060580207
SA_Energy_Dominance,5.488000,0.060519869
SA_Energy_Dominance,5.580000,0.060517832
SA_Energy_Dominance,5.588000,0.060028099
SA_Energy_Dominance,5.662000,0.059710888
SA_Energy_Dominance,5.684000,0.059607371
SA_Energy_Dominance,5.700000,0.059512311
SA_Energy_Dominance,5.768000,0.059449789
SA_Energy_Dominance,5.786000,0.059414353
SA_Energy_Dominance,5.804000,0.059409877
SA_Energy_Dominance,5.868000,0.059345558
SA_Energy_Dominance,5.898000,0.059322660
SA_Energy_Dominance,5.914000,0.059258174
SA_Energy_Dominance,5.956000,0.059237121
SA_Energy_Dominance,5.972000,0.059136610
SA_Energy_Dominance,6.074000,0.059053160
SA_Energy_Dominance,6.116000,0.059042371
SA_Energy_Dominance,6.136000,0.059038977
SA_Energy_Dominance,6.212000,0.059026935
SA_Energy_Dominance,6.232000,0.058897300
SA_Energy_Dominance,6.324000,0.058830637
SA_Energy_Dominance,6.350000,0.058798692
SA_Energy_Dominance,6.380000,0.058768554
SA_Energy_Dominance,6.414000,0.058735534
SA_Energy_Dominance,6.454000,0.058704481
SA_Energy_Dominance,6.478000,0.058678956
SA_Energy_Dominance,6.540000,0.058661054
SA_Energy_Dominance,6.584000,0.058612055
SA_Energy_Dominance,6.624000,0.058582917
SA_Energy_Dominance,6.638000,0.058519127
SA_Energy_Dominance,6.710000,0.058498004
SA_Energy_Dominance,6.786000,0.058481787
SA_Energy_Dominance,6.848000,0.058412769
SA_Energy_Dominance,6.882000,0.058310882
SA_Energy_Dominance,6.912000,0.058146299
SA_Energy_Dominance,6.954000,0.058127949
SA_Energy_Dominance,6.962000,0.058044662
SA_Energy_Dominance,6.998000,0.058039539
SA_Energy_Dominance,7.020000,0.057493023
SA_Energy_Dominance,7.096000,0.057256415
SA_Energy_Dominance,7.296000,0.057236010
SA_Energy_Dominance,7.388000,0.057087432
SA_Energy_Dominance,7.460000,0.057011751
SA_Energy_Dominance,7.544000,0.057011751
SA_Energy_Dominance,7.600000,0.057002622
SA_Energy_Dominance,7.728000,0.056996570
SA_Energy_Dominance,7.858000,0.056961675
SA_Energy_Dominance,7.910000,0.056950308
SA_Energy_Dominance,7.974000,0.056908960
SA_Energy_Dominance,8.020000,0.056801187
SA_Energy_Dominance,8.082000,0.056788681
SA_Energy_Dominance,8.102000,0.056703938
SA_Energy_Dominance,8.156000,0.056694559
SA_Energy_Dominance,8.196000,0.056684279
SA_Energy_Dominance,8.292000,0.056575178
SA_Energy_Dominance,8.394000,0.054396152
SA_Energy_Dominance,8.484000,0.054390100
SA_Energy_Dominance,8.614000,0.054384486
SA_Energy_Dominance,8.710000,0.054376439
SA_Energy_Dominance,9.330000,0.054335305
SA_Energy_Dominance,9.388000,0.054323109
SA_Energy_Dominance,9.518000,0.054319477
SA_Energy_Dominance,9.580000,0.054319477
SA_Energy_Dominance,9.638000,0.054317863
SA_Energy_Dominance,10.220000,0.054171967
SA_Energy_Dominance,10.226000,0.053562675
SA_Energy_Dominance,10.326000,0.053540384
SA_Energy_Dominance,10.390000,0.053537963
SA_Energy_Dominance,10.466000,0.053534331
SA_Energy_Dominance,13.846000,0.052558548
SA_Energy_Dominance,13.912000,0.052444231
SA_Energy_Dominance,14.044000,0.052440441
SA_Energy_Dominance,14.072000,0.051997854
SA_Energy_Dominance,14.196000,0.051888851
SA_Energy_Dominance,14.340000,0.051885219
SA_Energy_Dominance,14.472000,0.051879974
SA_Energy_Dominance,15.212000,0.051455291
SA_Energy_Dominance,15.346000,0.051320410
SA_Energy_Dominance,15.482000,0.051303269
SA_Energy_Dominance,15.616000,0.051298146
SA_Energy_Dominance,15.826000,0.051295725
SA_Energy_Dominance,17.480000,0.050935119
SA_Energy_Dominance,17.676000,0.050888576
SA_Energy_Dominance,17.854000,0.050862053
SA_Energy_Dominance,17.992000,0.050851526
SA_Energy_Dominance,18.166000,0.050847613
NSGA-II,2.832000,0.062498659
NSGA-II,2.846000,0.062314919
NSGA-II,2.876000,0.062150121
NSGA-II,2.888000,0.062027131
NSGA-II,2.892000,0.059877291
NSGA-II,2.916000,0.059707243
NSGA-II,2.930000,0.059517722
NSGA-II,2.952000,0.059235324
NSGA-II,2.992000,0.059070765
NSGA-II,3.058000,0.058124628
NSGA-II,3.078000,0.058024878
NSGA-II,3.106000,0.057999648
NSGA-II,3.110000,0.057814425
NSGA-II,3.140000,0.057501107
NSGA-II,3.262000,0.057327366
NSGA-II,3.276000,0.057138177
NSGA-II,3.302000,0.057107759
NSGA-II,3.312000,0.056991418
NSGA-II,3.322000,0.056853014
NSGA-II,3.370000,0.056761862
NSGA-II,3.396000,0.056731975
NSGA-II,3.402000,0.056598287
NSGA-II,3.434000,0.056564585
NSGA-II,3.504000,0.056466991
NSGA-II,3.534000,0.056443552
NSGA-II,3.574000,0.056395567
NSGA-II,3.614000,0.056231140
NSGA-II,3.660000,0.056138697
NSGA-II,3.706000,0.056134245
NSGA-II,3.736000,0.056083835
NSGA-II,3.782000,0.056032937
NSGA-II,3.838000,0.056010817
NSGA-II,3.890000,0.055920729
NSGA-II,3.958000,0.055865899
NSGA-II,4.016000,0.055852121
NSGA-II,4.026000,0.055749986
NSGA-II,4.118000,0.055748349
NSGA-II,4.164000,0.055682492
NSGA-II,4.178000,0.055560983
NSGA-II,4.316000,0.055502658
NSGA-II,4.376000,0.055409220
NSGA-II,4.432000,0.055379859
NSGA-II,4.462000,0.055350266
NSGA-II,4.566000,0.055337052
NSGA-II,4.596000,0.055319214
NSGA-II,4.606000,0.055202660
NSGA-II,4.646000,0.055201623
NSGA-II,4.720000,0.055172488
NSGA-II,4.736000,0.055152056
NSGA-II,4.770000,0.055145009
NSGA-II,4.772000,0.055131749
NSGA-II,4.806000,0.055112153
NSGA-II,4.824000,0.055076700
NSGA-II,4.870000,0.055045138
NSGA-II,4.880000,0.055024650
NSGA-II,4.924000,0.054930023
NSGA-II,4.950000,0.054865805
NSGA-II,4.954000,0.054745092
NSGA-II,5.200000,0.054678710
NSGA-II,5.256000,0.054623729
NSGA-II,5.312000,0.054545075
NSGA-II,5.608000,0.054489319
NSGA-II,5.672000,0.054412042
NSGA-II,5.830000,0.054354794
NSGA-II,6.204000,0.054337959
NSGA-II,6.252000,0.054314079
NSGA-II,6.290000,0.054311282
NSGA-II,6.398000,0.054227047
NSGA-II,6.438000,0.054138843
SPEA-II,2.624000,0.061718620
SPEA-II,2.640000,0.061493175
SPEA-II,2.664000,0.061458278
SPEA-II,2.670000,0.060267876
SPEA-II,2.686000,0.060079674
SPEA-II,2.706000,0.059996935
SPEA-II,2.744000,0.059767366
SPEA-II,2.764000,0.059584644
SPEA-II,2.770000,0.059483158
SPEA-II,2.774000,0.059283191
SPEA-II,2.780000,0.059218406
SPEA-II,2.980000,0.058824093
SPEA-II,2.988000,0.058603357
SPEA-II,2.998000,0.058431642
SPEA-II,3.022000,0.058323124
SPEA-II,3.030000,0.058268171
SPEA-II,3.054000,0.058174518
SPEA-II,3.076000,0.058136172
SPEA-II,3.088000,0.057954078
SPEA-II,3.106000,0.057930475
SPEA-II,3.136000,0.057856237
SPEA-II,3.156000,0.057474901
SPEA-II,3.174000,0.057416412
SPEA-II,3.216000,0.057366469
SPEA-II,3.228000,0.057266610
SPEA-II,3.246000,0.057082279
SPEA-II,3.286000,0.057012966
SPEA-II,3.298000,0.056851836
SPEA-II,3.336000,0.056845825
SPEA-II,3.360000,0.056842226
SPEA-II,3.364000,0.056792793
SPEA-II,3.386000,0.056726972
SPEA-II,3.412000,0.056725234
SPEA-II,3.464000,0.056677613
SPEA-II,3.480000,0.056640702
SPEA-II,3.490000,0.056501495
SPEA-II,3.538000,0.056450147
SPEA-II,3.562000,0.056397903
SPEA-II,3.614000,0.056395123
SPEA-II,3.616000,0.056313359
SPEA-II,3.656000,0.056285089
SPEA-II,3.706000,0.056230534
SPEA-II,3.812000,0.056225907
SPEA-II,3.830000,0.056110158
SPEA-II,3.864000,0.056087047
SPEA-II,3.922000,0.056066660
SPEA-II,3.944000,0.055970982
SPEA-II,4.138000,0.055871902
SPEA-II,4.630000,0.055803352
SPEA-II,4.876000,0.055749054
SPEA-II,4.906000,0.055739644
SPEA-II,4.916000,0.055649795
SPEA-II,4.958000,0.055641703
SPEA-II,5.088000,0.055614670
SPEA-II,5.134000,0.055375934
SPEA-II,5.212000,0.055303749
SPEA-II,5.286000,0.055279927
SPEA-II,5.362000,0.055225854
SPEA-II,5.430000,0.055206334
SPEA-II,5.484000,0.055075173
SPEA-II,5.582000,0.055060285
SPEA-II,5.756000,0.055052409
SPEA-II,5.792000,0.055007367
SPEA-II,5.890000,0.054969625
SPEA-II,6.182000,0.054879529
AMOSA,3.036000,0.063547235
AMOSA,3.076000,0.063051675
AMOSA,3.108000,0.063018746
AMOSA,3.116000,0.062724062
AMOSA,3.126000,0.062392168
AMOSA,3.128000,0.062026265
AMOSA,3.172000,0.062014722
AMOSA,3.200000,0.061762466
AMOSA,3.244000,0.061722865
AMOSA,3.264000,0.061704857
AMOSA,3.266000,0.061360704
AMOSA,3.322000,0.061321212
AMOSA,3.348000,0.061309739
AMOSA,3.356000,0.061265602
AMOSA,3.426000,0.061209835
AMOSA,3.478000,0.061079142
AMOSA,3.562000,0.060776962
AMOSA,4.044000,0.060741951
AMOSA,4.282000,0.060727290
AMOSA,4.382000,0.060661500
AMOSA,4.440000,0.060649877
AMOSA,4.466000,0.060546388
AMOSA,4.738000,0.060527192
AMOSA,4.832000,0.060471091
AMOSA,4.924000,0.060455376
AMOSA,4.980000,0.060447127
AMOSA,5.176000,0.060365633
AMOSA,5.316000,0.060339940
AMOSA,5.650000,0.060271737
GA_WaitingTime_Dominance_PC90,2.100000,0.064153804
GA_WaitingTime_Dominance_PC90,2.106000,0.063321280
GA_WaitingTime_Dominance_PC90,2.108000,0.063317721
GA_WaitingTime_Dominance_PC90,2.110000,0.063294869
GA_WaitingTime_Dominance_PC90,2.114000,0.063110093
GA_WaitingTime_Dominance_PC90,2.120000,0.062935637
GA_WaitingTime_Dominance_PC90,2.140000,0.062917672
GA_WaitingTime_Dominance_PC90,2.150000,0.062900268
GA_WaitingTime_Dominance_PC90,2.164000,0.062444031
GA_WaitingTime_Dominance_PC90,2.168000,0.062436704
GA_WaitingTime_Dominance_PC90,2.176000,0.062419407
GA_WaitingTime_Dominance_PC90,2.182000,0.062285815
GA_WaitingTime_Dominance_PC90,2.184000,0.062283200
GA_WaitingTime_Dominance_PC90,2.186000,0.062240017
GA_WaitingTime_Dominance_PC90,2.192000,0.062221925
GA_WaitingTime_Dominance_PC90,2.196000,0.061900522
GA_Energy_Dominance_PC90,4.140000,0.062259846
GA_Energy_Dominance_PC90,4.216000,0.062168756
GA_Energy_Dominance_PC90,4.258000,0.062085321
GA_Energy_Dominance_PC90,4.364000,0.061422751
GA_Energy_Dominance_PC90,4.468000,0.061376850
GA_Energy_Dominance_PC90,4.652000,0.061082457
GA_Energy_Dominance_PC90,4.808000,0.060973673
GA_Energy_Dominance_PC90,4.888000,0.060827324
GA_Energy_Dominance_PC90,5.016000,0.060658818
GA_Energy_Dominance_PC90,5.042000,0.060509285
GA_Energy_Dominance_PC90,5.044000,0.060403773
GA_Energy_Dominance_PC90,5.060000,0.060038613
GA_Energy_Dominance_PC90,5.258000,0.059746726
GA_Energy_Dominance_PC90,5.356000,0.059738662
GA_Energy_Dominance_PC90,5.510000,0.059734331
GA_Energy_Dominance_PC90,5.534000,0.059475386
GA_Energy_Dominance_PC90,5.544000,0.059125708
GA_Energy_Dominance_PC90,5.648000,0.059105283
GA_Energy_Dominance_PC90,5.790000,0.059064016
GA_Energy_Dominance_PC90,5.896000,0.059003448
GA_Energy_Dominance_PC90,6.016000,0.058667009
GA_Energy_Dominance_PC90,6.210000,0.058467327
GA_Energy_Dominance_PC90,6.508000,0.057992457
GA_Energy_Dominance_PC90,6.582000,0.057901833
GA_Energy_Dominance_PC90,6.700000,0.057890415
GA_Energy_Dominance_PC90,6.702000,0.057822040
GA_Energy_Dominance_PC90,6.708000,0.057500086
GA_Energy_Dominance_PC90,6.732000,0.056535124
GA_Energy_Dominance_PC90,6.870000,0.056493113
GA_Energy_Dominance_PC90,6.992000,0.056446565
GA_Energy_Dominance_PC90,7.002000,0.056348563
GA_Energy_Dominance_PC90,7.082000,0.056090927
GA_Energy_Dominance_PC90,7.290000,0.056074974
GA_Energy_Dominance_PC90,7.362000,0.056030898
GA_Energy_Dominance_PC90,7.422000,0.056003033
GA_Energy_Dominance_PC90,7.486000,0.055921250
GA_Energy_Dominance_PC90,7.572000,0.055795950
GA_Energy_Dominance_PC90,7.726000,0.055760423
GA_Energy_Dominance_PC90,7.840000,0.055742950
GA_Energy_Dominance_PC90,7.912000,0.055643854
GA_Energy_Dominance_PC90,8.004000,0.055631356
GA_Energy_Dominance_PC90,8.066000,0.055595053
GA_Energy_Dominance_PC90,8.116000,0.055540643
GA_Energy_Dominance_PC90,8.256000,0.055492066
GA_Energy_Dominance_PC90,8.316000,0.055490991
GA_Energy_Dominance_PC90,8.376000,0.055443120
GA_Energy_Dominance_PC90,8.454000,0.055283778
GA_Energy_Dominance_PC90,8.560000,0.055227400
GA_Energy_Dominance_PC90,8.668000,0.055201001
GA_Energy_Dominance_PC90,8.746000,0.055174583
GA_Energy_Dominance_PC90,8.838000,0.055150813
GA_Energy_Dominance_PC90,8.882000,0.055025232
GA_Energy_Dominance_PC90,9.204000,0.054891467
GA_Energy_Dominance_PC90,9.398000,0.054867969
GA_Energy_Dominance_PC90,9.466000,0.054849993
GA_Energy_Dominance_PC90,9.564000,0.054727521
GA_Energy_Dominance_PC90,9.590000,0.054639566
GA_Energy_Dominance_PC90,9.752000,0.054533476
GA_Energy_Dominance_PC90,9.906000,0.054496574
GA_Energy_Dominance_PC90,10.030000,0.054398624
GA_Energy_Dominance_PC90,10.126000,0.054330540
GA_Energy_Dominance_PC90,10.146000,0.054233627
GA_Energy_Dominance_PC90,10.242000,0.054188888
GA_Energy_Dominance_PC90,10.326000,0.054177928
GA_Energy_Dominance_PC90,10.416000,0.054153388
GA_Energy_Dominance_PC90,10.490000,0.054125271
GA_Energy_Dominance_PC90,10.536000,0.054068312
GA_Energy_Dominance_PC90,10.596000,0.054025432
GA_Energy_Dominance_PC90,10.732000,0.053987934
GA_Energy_Dominance_PC90,10.798000,0.053902576
GA_Energy_Dominance_PC90,10.814000,0.053826640
GA_Energy_Dominance_PC90,10.918000,0.053769621
GA_Energy_Dominance_PC90,11.056000,0.053753182
GA_Energy_Dominance_PC90,11.068000,0.053626607
GA_Energy_Dominance_PC90,11.176000,0.053596728
GA_Energy_Dominance_PC90,11.188000,0.053496145
GA_Energy_Dominance_PC90,11.218000,0.053480557
GA_Energy_Dominance_PC90,11.266000,0.053334103
GA_Energy_Dominance_PC90,11.366000,0.053284575
GA_Energy_Dominance_PC90,11.470000,0.053200915
GA_Energy_Dominance_PC90,11.586000,0.053108589
GA_Energy_Dominance_PC90,11.700000,0.052750363
GA_Energy_Dominance_PC90,11.986000,0.052743728
GA_Energy_Dominance_PC90,12.102000,0.052714235
GA_Energy_Dominance_PC90,12.184000,0.052529152
GA_Energy_Dominance_PC90,12.452000,0.052528348
GA_Energy_Dominance_PC90,12.486000,0.052425070
GA_Energy_Dominance_PC90,12.582000,0.052214229
GA_Energy_Dominance_PC90,13.052000,0.052172899
GA_Energy_Dominance_PC90,13.090000,0.052066739
GA_Energy_Dominance_PC90,13.260000,0.052029038
GA_Energy_Dominance_PC90,13.456000,0.051840585
GA_Energy_Dominance_PC90,13.572000,0.051812903
GA_Energy_Dominance_PC90,13.680000,0.051747351
GA_Energy_Dominance_PC90,13.842000,0.051648427
GA_Energy_Dominance_PC90,14.004000,0.051535906
GA_Energy_Dominance_PC90,14.120000,0.051529290
GA_Energy_Dominance_PC90,14.158000,0.051440612
GA_Energy_Dominance_PC90,14.316000,0.051378069
GA_Energy_Dominance_PC90,14.568000,0.051208044
GA_Energy_Dominance_PC90,15.048000,0.051170677
GA_Energy_Dominance_PC90,15.242000,0.051152420
GA_Energy_Dominance_PC90,15.556000,0.051112009
GA_Energy_Dominance_PC90,15.720000,0.051086471
GA_Energy_Dominance_PC90,15.868000,0.051001048
GA_Energy_Dominance_PC90,16.098000,0.050989010
GA_Energy_Dominance_PC90,16.222000,0.050980369
GA_Energy_Dominance_PC90,16.260000,0.050947658
GA_Energy_Dominance_PC90,16.310000,0.050831538
GA_Energy_Dominance_PC90,16.582000,0.050789159
GA_Energy_Dominance_PC90,16.776000,0.050714491
GA_Energy_Dominance_PC90,16.912000,0.050383167
GA_Energy_Dominance_PC90,17.146000,0.050227466
GA_Energy_Dominance_PC90,17.204000,0.050098892
GA_Energy_Dominance_PC90,17.366000,0.049956762
GA_Energy_Dominance_PC90,17.660000,0.049919182
GA_Energy_Dominance_PC90,17.852000,0.049903455
GA_Energy_Dominance_PC90,18.048000,0.049860808
GA_Energy_Dominance_PC90,18.226000,0.049846357
GA_Energy_Dominance_PC90,18.422000,0.049730277
GA_Energy_Dominance_PC90,18.584000,0.049669341
GA_Energy_Dominance_PC90,18.766000,0.049552509
GA_Energy_Dominance_PC90,19.064000,0.049534366
GA_Energy_Dominance_PC90,19.224000,0.049315097
GA_Energy_Dominance_PC90,19.568000,0.049186057
GA_Energy_Dominance_PC90,19.962000,0.049174226
GA_Energy_Dominance_PC90,20.156000,0.049127692
GA_Energy_Dominance_PC90,20.374000,0.049093041
GA_Energy_Dominance_PC90,20.654000,0.049032173
GA_Energy_Dominance_PC90,21.004000,0.048890480
GA_Energy_Dominance_PC90,21.224000,0.048864517
GA_Energy_Dominance_PC90,21.408000,0.048836263
GA_Energy_Dominance_PC90,21.698000,0.048751588
GA_Energy_Dominance_PC90,21.910000,0.048706602
GA_Energy_Dominance_PC90,22.148000,0.048606435
GA_Energy_Dominance_PC90,22.354000,0.048593052
GA_Energy_Dominance_PC90,23.464000,0.048457078
GA_Energy_Dominance_PC90,23.764000,0.048433584
GA_Energy_Dominance_PC90,24.112000,0.048359984
GA_Energy_Dominance_PC90,26.294000,0.048325140
GA_Energy_Dominance_PC90,26.612000,0.048253373
GA_Energy_Dominance_PC90,26.740000,0.048005174
GA_Energy_Dominance_PC90,26.996000,0.047934132
GA_Energy_Dominance_PC90,27.354000,0.047869904
GA_Energy_Dominance_PC90,27.668000,0.047822191
GA_Energy_Dominance_PC90,28.034000,0.047806627
GA_Energy_Dominance_PC90,28.394000,0.047727756
GA_Energy_Dominance_PC90,28.688000,0.047727158
GA_Energy_Dominance_PC90,29.532000,0.047664431
GA_Energy_Dominance_PC90,30.094000,0.047637911
SA_WaitingTime_Dominance_PC90,1.984000,0.065799558
SA_WaitingTime_Dominance_PC90,1.992000,0.065737076
SA_WaitingTime_Dominance_PC90,2.002000,0.065375950
SA_WaitingTime_Dominance_PC90,2.012000,0.065338396
SA_WaitingTime_Dominance_PC90,2.016000,0.065289547
SA_WaitingTime_Dominance_PC90,2.032000,0.065249729
SA_WaitingTime_Dominance_PC90,2.054000,0.065155263
SA_WaitingTime_Dominance_PC90,2.066000,0.064899045
SA_WaitingTime_Dominance_PC90,2.076000,0.064854385
SA_WaitingTime_Dominance_PC90,2.078000,0.064812262
SA_WaitingTime_Dominance_PC90,2.080000,0.064790075
SA_WaitingTime_Dominance_PC90,2.084000,0.064776330
SA_WaitingTime_Dominance_PC90,2.086000,0.064749110
SA_WaitingTime_Dominance_PC90,2.088000,0.064720894
SA_WaitingTime_Dominance_PC90,2.120000,0.064425835
SA_WaitingTime_Dominance_PC90,2.126000,0.064376688
SA_WaitingTime_Dominance_PC90,2.128000,0.064367752
SA_WaitingTime_Dominance_PC90,2.132000,0.064358399
SA_WaitingTime_Dominance_PC90,2.134000,0.064159311
SA_WaitingTime_Dominance_PC90,2.272000,0.064067316
SA_WaitingTime_Dominance_PC90,2.278000,0.064049026
SA_WaitingTime_Dominance_PC90,2.284000,0.064032103
SA_WaitingTime_Dominance_PC90,2.292000,0.064001856
SA_WaitingTime_Dominance_PC90,2.302000,0.063982677
SA_WaitingTime_Dominance_PC90,2.304000,0.063948562
SA_WaitingTime_Dominance_PC90,2.322000,0.063929039
SA_WaitingTime_Dominance_PC90,2.346000,0.063665472
SA_WaitingTime_Dominance_PC90,2.370000,0.063603789
SA_WaitingTime_Dominance_PC90,2.424000,0.063587163
SA_WaitingTime_Dominance_PC90,2.454000,0.063457455
SA_WaitingTime_Dominance_PC90,2.592000,0.063417459
SA_WaitingTime_Dominance_PC90,3.870000,0.063165578
SA_WaitingTime_Dominance_PC90,3.924000,0.063161753
SA_WaitingTime_Dominance_PC90,4.810000,0.063134815
SA_Energy_Dominance_PC90,4.172000,0.063095093
SA_Energy_Dominance_PC90,4.196000,0.063079860
SA_Energy_Dominance_PC90,4.198000,0.063038277
SA_Energy_Dominance_PC90,4.222000,0.063034450
SA_Energy_Dominance_PC90,4.228000,0.062673706
SA_Energy_Dominance_PC90,4.266000,0.062641600
SA_Energy_Dominance_PC90,4.300000,0.062626069
SA_Energy_Dominance_PC90,4.312000,0.062594095
SA_Energy_Dominance_PC90,4.342000,0.062338274
SA_Energy_Dominance_PC90,4.362000,0.062273726
SA_Energy_Dominance_PC90,4.382000,0.062193501
SA_Energy_Dominance_PC90,4.456000,0.062013145
SA_Energy_Dominance_PC90,4.480000,0.061985187
SA_Energy_Dominance_PC90,4.498000,0.061981480
SA_Energy_Dominance_PC90,4.508000,0.061964134
SA_Energy_Dominance_PC90,4.616000,0.061859853
SA_Energy_Dominance_PC90,4.618000,0.061827087
SA_Energy_Dominance_PC90,4.650000,0.061824666
SA_Energy_Dominance_PC90,4.682000,0.061486942
SA_Energy_Dominance_PC90,4.714000,0.061477989
SA_Energy_Dominance_PC90,4.760000,0.061440436
SA_Energy_Dominance_PC90,4.780000,0.061420810
SA_Energy_Dominance_PC90,4.800000,0.061378574
SA_Energy_Dominance_PC90,4.828000,0.061357521
SA_Energy_Dominance_PC90,5.024000,0.061154742
SA_Energy_Dominance_PC90,5.036000,0.061145035
SA_Energy_Dominance_PC90,5.064000,0.061117831
SA_Energy_Dominance_PC90,5.122000,0.061109029
SA_Energy_Dominance_PC90,5.138000,0.060863699
SA_Energy_Dominance_PC90,5.146000,0.060631447
SA_Energy_Dominance_PC90,5.204000,0.060625303
SA_Energy_Dominance_PC90,5.216000,0.060607014
SA_Energy_Dominance_PC90,5.248000,0.060565005
SA_Energy_Dominance_PC90,5.276000,0.060549536
SA_Energy_Dominance_PC90,5.294000,0.060519560
SA_Energy_Dominance_PC90,5.812000,0.060492186
SA_Energy_Dominance_PC90,5.836000,0.060484691
SA_Energy_Dominance_PC90,5.858000,0.060475655
SA_Energy_Dominance_PC90,5.866000,0.060435586
SA_Energy_Dominance_PC90,5.882000,0.060386148
SA_Energy_Dominance_PC90,5.886000,0.060263758
SA_Energy_Dominance_PC90,5.888000,0.060151935
SA_Energy_Dominance_PC90,5.930000,0.060127416
SA_Energy_Dominance_PC90,5.948000,0.060119026
SA_Energy_Dominance_PC90,5.970000,0.060108938
SA_Energy_Dominance_PC90,6.002000,0.060083243
SA_Energy_Dominance_PC90,6.026000,0.060081033
SA_Energy_Dominance_PC90,6.038000,0.060046683
SA_Energy_Dominance_PC90,6.078000,0.060043331
SA_Energy_Dominance_PC90,6.088000,0.060022278
SA_Energy_Dominance_PC90,6.236000,0.059971313
SA_Energy_Dominance_PC90,6.314000,0.059836411
SA_Energy_Dominance_PC90,6.332000,0.059566767
SA_Energy_Dominance_PC90,6.364000,0.059491912
SA_Energy_Dominance_PC90,6.454000,0.059350440
SA_Energy_Dominance_PC90,6.522000,0.059308512
SA_Energy_Dominance_PC90,6.638000,0.059304448
SA_Energy_Dominance_PC90,6.722000,0.058750131
SA_Energy_Dominance_PC90,6.784000,0.058725552
SA_Energy_Dominance_PC90,6.888000,0.058710288
SA_Energy_Dominance_PC90,6.916000,0.058666978
SA_Energy_Dominance_PC90,6.966000,0.058653114
SA_Energy_Dominance_PC90,7.020000,0.058649849
SA_Energy_Dominance_PC90,7.056000,0.058636252
SA_Energy_Dominance_PC90,7.126000,0.058628434
SA_Energy_Dominance_PC90,7.128000,0.058618126
SA_Energy_Dominance_PC90,7.130000,0.058562221
SA_Energy_Dominance_PC90,7.196000,0.058545398
SA_Energy_Dominance_PC90,7.408000,0.058515597
SA_Energy_Dominance_PC90,7.474000,0.058480196
SA_Energy_Dominance_PC90,7.512000,0.058466824
SA_Energy_Dominance_PC90,7.518000,0.058414348
SA_Energy_Dominance_PC90,7.562000,0.058400071
SA_Energy_Dominance_PC90,7.604000,0.058374517
SA_Energy_Dominance_PC90,7.680000,0.058338637
SA_Energy_Dominance_PC90,7.836000,0.058335457
SA_Energy_Dominance_PC90,7.854000,0.058285482
SA_Energy_Dominance_PC90,7.876000,0.057821122
SA_Energy_Dominance_PC90,7.898000,0.057745364
SA_Energy_Dominance_PC90,7.976000,0.057694613
SA_Energy_Dominance_PC90,8.022000,0.057678558
SA_Energy_Dominance_PC90,8.086000,0.057667932
SA_Energy_Dominance_PC90,8.186000,0.057573236
SA_Energy_Dominance_PC90,8.208000,0.057568486
SA_Energy_Dominance_PC90,8.240000,0.057468420
SA_Energy_Dominance_PC90,8.388000,0.057444045
SA_Energy_Dominance_PC90,8.400000,0.057270096
SA_Energy_Dominance_PC90,8.480000,0.057230777
SA_Energy_Dominance_PC90,8.496000,0.057078504
SA_Energy_Dominance_PC90,8.800000,0.057034211
SA_Energy_Dominance_PC90,8.908000,0.057020751
SA_Energy_Dominance_PC90,8.956000,0.056993610
SA_Energy_Dominance_PC90,9.090000,0.056979190
SA_Energy_Dominance_PC90,9.104000,0.056976458
SA_Energy_Dominance_PC90,9.234000,0.056970764
SA_Energy_Dominance_PC90,9.298000,0.056938436
SA_Energy_Dominance_PC90,9.348000,0.056934163
SA_Energy_Dominance_PC90,9.360000,0.056568871
SA_Energy_Dominance_PC90,9.438000,0.056474240
SA_Energy_Dominance_PC90,9.538000,0.056431115
SA_Energy_Dominance_PC90,9.646000,0.056395911
SA_Energy_Dominance_PC90,9.992000,0.054068588
SA_Energy_Dominance_PC90,10.092000,0.054011838
SA_Energy_Dominance_PC90,10.194000,0.054003791
SA_Energy_Dominance_PC90,10.202000,0.053899956
SA_Energy_Dominance_PC90,10.280000,0.053885834
SA_Energy_Dominance_PC90,10.296000,0.053742893
SA_Energy_Dominance_PC90,10.418000,0.053737648
SA_Energy_Dominance_PC90,12.934000,0.053616258
SA_Energy_Dominance_PC90,13.036000,0.053030566
SA_Energy_Dominance_PC90,13.060000,0.052828241
SA_Energy_Dominance_PC90,13.078000,0.052573068
SA_Energy_Dominance_PC90,13.226000,0.052521003
SA_Energy_Dominance_PC90,13.322000,0.052517372
SA_Energy_Dominance_PC90,13.334000,0.052394017
SA_Energy_Dominance_PC90,13.436000,0.052375235
SA_Energy_Dominance_PC90,13.542000,0.052369989
SA_Energy_Dominance_PC90,15.698000,0.052149348
SA_Energy_Dominance_PC90,15.886000,0.052141301
SA_Energy_Dominance_PC90,16.052000,0.052140775
SA_Energy_Dominance_PC90,16.362000,0.052136626
SA_Energy_Dominance_PC90,17.074000,0.051606272
SA_Energy_Dominance_PC90,17.278000,0.051561556
SA_Energy_Dominance_PC90,17.498000,0.051535781
SA_Energy_Dominance_PC90,17.866000,0.051533360
NSGA-II_PC90,2.886000,0.062719662
NSGA-II_PC90,2.910000,0.062681470
NSGA-II_PC90,2.934000,0.062508460
NSGA-II_PC90,2.946000,0.062231530
NSGA-II_PC90,2.962000,0.061778103
NSGA-II_PC90,2.970000,0.059939356
NSGA-II_PC90,3.016000,0.059473174
NSGA-II_PC90,3.036000,0.059432592
NSGA-II_PC90,3.074000,0.058760608
NSGA-II_PC90,3.110000,0.058516619
NSGA-II_PC90,3.116000,0.058272256
NSGA-II_PC90,3.152000,0.058225581
NSGA-II_PC90,3.170000,0.058164437
NSGA-II_PC90,3.208000,0.057993411
NSGA-II_PC90,3.242000,0.057866135
NSGA-II_PC90,3.258000,0.057635575
NSGA-II_PC90,3.340000,0.057433196
NSGA-II_PC90,3.414000,0.057265792
NSGA-II_PC90,3.442000,0.057250619
NSGA-II_PC90,3.448000,0.057007448
NSGA-II_PC90,3.488000,0.056846014
NSGA-II_PC90,3.514000,0.056828030
NSGA-II_PC90,3.562000,0.056811400
NSGA-II_PC90,3.614000,0.056784642
NSGA-II_PC90,3.654000,0.056634667
NSGA-II_PC90,3.680000,0.056625464
NSGA-II_PC90,3.708000,0.056298179
NSGA-II_PC90,3.854000,0.056263096
NSGA-II_PC90,3.866000,0.056160734
NSGA-II_PC90,3.876000,0.056062184
NSGA-II_PC90,3.880000,0.055971005
NSGA-II_PC90,3.970000,0.055953293
NSGA-II_PC90,4.000000,0.055928381
NSGA-II_PC90,4.042000,0.055831942
NSGA-II_PC90,4.080000,0.055803511
NSGA-II_PC90,4.138000,0.055797131
NSGA-II_PC90,4.152000,0.055687790
NSGA-II_PC90,4.188000,0.055614382
NSGA-II_PC90,4.230000,0.055568671
NSGA-II_PC90,4.314000,0.055476540
NSGA-II_PC90,4.352000,0.055373712
NSGA-II_PC90,4.378000,0.055259161
NSGA-II_PC90,4.494000,0.055246112
NSGA-II_PC90,4.516000,0.055172339
NSGA-II_PC90,4.696000,0.055025515
NSGA-II_PC90,5.056000,0.055000350
NSGA-II_PC90,5.104000,0.054986849
NSGA-II_PC90,5.168000,0.054940379
NSGA-II_PC90,5.170000,0.054933307
NSGA-II_PC90,5.354000,0.054885311
NSGA-II_PC90,5.376000,0.054777414
NSGA-II_PC90,5.916000,0.054743207
NSGA-II_PC90,5.972000,0.054717252
NSGA-II_PC90,5.992000,0.054601266
NSGA-II_PC90,6.046000,0.054518392
SPEA-II_PC90,2.744000,0.061395504
SPEA-II_PC90,2.754000,0.060728621
SPEA-II_PC90,2.774000,0.060665476
SPEA-II_PC90,2.786000,0.060581287
SPEA-II_PC90,2.804000,0.060392881
SPEA-II_PC90,2.812000,0.060369501
SPEA-II_PC90,2.834000,0.060333433
SPEA-II_PC90,2.878000,0.060183899
SPEA-II_PC90,2.886000,0.059865640
SPEA-II_PC90,2.888000,0.059693378
SPEA-II_PC90,2.916000,0.059568903
SPEA-II_PC90,2.938000,0.059440237
SPEA-II_PC90,2.954000,0.059333101
SPEA-II_PC90,2.970000,0.059267806
SPEA-II_PC90,3.008000,0.059264350
SPEA-II_PC90,3.014000,0.058583017
SPEA-II_PC90,3.040000,0.058576994
SPEA-II_PC90,3.068000,0.058440088
SPEA-II_PC90,3.116000,0.057769555
SPEA-II_PC90,3.186000,0.057739621
SPEA-II_PC90,3.194000,0.057672067
SPEA-II_PC90,3.198000,0.057524672
SPEA-II_PC90,3.226000,0.057361468
SPEA-II_PC90,3.250000,0.057354830
SPEA-II_PC90,3.272000,0.057332672
SPEA-II_PC90,3.288000,0.057195255
SPEA-II_PC90,3.328000,0.057171728
SPEA-II_PC90,3.344000,0.057149129
SPEA-II_PC90,3.360000,0.057116749
SPEA-II_PC90,3.384000,0.057009624
SPEA-II_PC90,3.414000,0.057009290
SPEA-II_PC90,3.446000,0.056983485
SPEA-II_PC90,3.470000,0.056899005
SPEA-II_PC90,3.514000,0.056804693
SPEA-II_PC90,3.570000,0.056730719
SPEA-II_PC90,3.646000,0.056718996
SPEA-II_PC90,3.686000,0.056708253
SPEA-II_PC90,3.754000,0.056632693
SPEA-II_PC90,3.794000,0.056629800
SPEA-II_PC90,3.810000,0.056496799
SPEA-II_PC90,3.968000,0.056479569
SPEA-II_PC90,3.990000,0.056444861
SPEA-II_PC90,4.006000,0.056439487
SPEA-II_PC90,4.020000,0.056439456
SPEA-II_PC90,4.646000,0.056416407
SPEA-II_PC90,5.170000,0.056365309
SPEA-II_PC90,5.478000,0.056356400
SPEA-II_PC90,5.488000,0.056331611
SPEA-II_PC90,5.534000,0.056307241
SPEA-II_PC90,5.604000,0.056185005
SPEA-II_PC90,5.674000,0.056124566
SPEA-II_PC90,5.802000,0.056019839
SPEA-II_PC90,6.520000,0.056002141
AMOSA_PC90,3.048000,0.063180578
AMOSA_PC90,3.070000,0.063069955
AMOSA_PC90,3.080000,0.062772725
AMOSA_PC90,3.084000,0.062608080
AMOSA_PC90,3.146000,0.062513906
AMOSA_PC90,3.174000,0.062184762
AMOSA_PC90,3.242000,0.061954955
AMOSA_PC90,3.248000,0.061850489
AMOSA_PC90,3.278000,0.061625258
AMOSA_PC90,3.296000,0.061555667
AMOSA_PC90,3.378000,0.061495449
AMOSA_PC90,3.426000,0.061427952
AMOSA_PC90,3.454000,0.061296954
AMOSA_PC90,3.480000,0.061187513
AMOSA_PC90,3.494000,0.060955127
AMOSA_PC90,3.702000,0.060882610
AMOSA_PC90,3.748000,0.060849284
AMOSA_PC90,3.798000,0.060822939
AMOSA_PC90,3.878000,0.060730929
AMOSA_PC90,3.936000,0.060702556
AMOSA_PC90,3.940000,0.060642875
AMOSA_PC90,4.006000,0.060609825
AMOSA_PC90,4.092000,0.060591437
AMOSA_PC90,4.112000,0.060590091
AMOSA_PC90,4.132000,0.060513133
AMOSA_PC90,4.254000,0.060462333
AMOSA_PC90,4.340000,0.060442082
AMOSA_PC90,4.450000,0.060362388
AMOSA_PC90,4.612000,0.060114237
AMOSA_PC90,4.750000,0.059947393
AMOSA_PC90,4.806000,0.059886168
AMOSA_PC90,5.118000,0.059696676
AMOSA_PC90,5.558000,0.059656986
AMOSA_PC90,5.598000,0.059461302
AMOSA_PC90,5.672000,0.059434678
AMOSA_PC90,5.916000,0.059379753
AMOSA_PC90,6.570000,0.059222407
AMOSA_PC90,6.600000,0.059074814
GA_WaitingTime_Dominance_PC85,2.164000,0.063277026
GA_WaitingTime_Dominance_PC85,2.168000,0.063256640
GA_WaitingTime_Dominance_PC85,2.184000,0.063161209
GA_WaitingTime_Dominance_PC85,2.188000,0.063057258
GA_WaitingTime_Dominance_PC85,2.228000,0.063046367
GA_WaitingTime_Dominance_PC85,2.238000,0.062997913
GA_WaitingTime_Dominance_PC85,2.240000,0.062969326
GA_WaitingTime_Dominance_PC85,2.246000,0.062854160
GA_WaitingTime_Dominance_PC85,2.250000,0.062561092
GA_WaitingTime_Dominance_PC85,2.262000,0.062548023
GA_WaitingTime_Dominance_PC85,2.278000,0.062484339
GA_WaitingTime_Dominance_PC85,2.282000,0.062433299
GA_WaitingTime_Dominance_PC85,2.288000,0.062428465
GA_WaitingTime_Dominance_PC85,2.316000,0.062424615
GA_WaitingTime_Dominance_PC85,2.396000,0.062332715
GA_WaitingTime_Dominance_PC85,2.426000,0.062185829
GA_WaitingTime_Dominance_PC85,2.454000,0.062062369
GA_WaitingTime_Dominance_PC85,2.474000,0.062010900
GA_WaitingTime_Dominance_PC85,2.500000,0.061979366
GA_WaitingTime_Dominance_PC85,2.518000,0.061920340
GA_WaitingTime_Dominance_PC85,3.028000,0.061907181
GA_Energy_Dominance_PC85,4.460000,0.063618512
GA_Energy_Dominance_PC85,4.482000,0.062632422
GA_Energy_Dominance_PC85,4.608000,0.062542910
GA_Energy_Dominance_PC85,4.686000,0.061834296
GA_Energy_Dominance_PC85,4.836000,0.060636770
GA_Energy_Dominance_PC85,4.880000,0.060459286
GA_Energy_Dominance_PC85,4.944000,0.060186314
GA_Energy_Dominance_PC85,4.968000,0.060042273
GA_Energy_Dominance_PC85,4.972000,0.059908007
GA_Energy_Dominance_PC85,5.014000,0.059789243
GA_Energy_Dominance_PC85,5.020000,0.059614697
GA_Energy_Dominance_PC85,5.060000,0.059582344
GA_Energy_Dominance_PC85,5.066000,0.059524824
GA_Energy_Dominance_PC85,5.084000,0.059459165
GA_Energy_Dominance_PC85,5.086000,0.059371406
GA_Energy_Dominance_PC85,5.108000,0.058881689
GA_Energy_Dominance_PC85,5.176000,0.058316835
GA_Energy_Dominance_PC85,5.212000,0.058006750
GA_Energy_Dominance_PC85,5.238000,0.057999362
GA_Energy_Dominance_PC85,5.266000,0.057876540
GA_Energy_Dominance_PC85,5.290000,0.057868089
GA_Energy_Dominance_PC85,5.308000,0.057855424
GA_Energy_Dominance_PC85,5.340000,0.057845735
GA_Energy_Dominance_PC85,5.358000,0.057803161
GA_Energy_Dominance_PC85,5.386000,0.057745134
GA_Energy_Dominance_PC85,5.388000,0.057658536
GA_Energy_Dominance_PC85,5.482000,0.057641827
GA_Energy_Dominance_PC85,5.498000,0.057633509
GA_Energy_Dominance_PC85,5.530000,0.057628573
GA_Energy_Dominance_PC85,5.534000,0.057550225
GA_Energy_Dominance_PC85,5.542000,0.057471583
GA_Energy_Dominance_PC85,5.578000,0.057407115
GA_Energy_Dominance_PC85,5.632000,0.057374317
GA_Energy_Dominance_PC85,5.660000,0.057340032
GA_Energy_Dominance_PC85,5.684000,0.057336442
GA_Energy_Dominance_PC85,5.720000,0.057216184
GA_Energy_Dominance_PC85,5.722000,0.057133426
GA_Energy_Dominance_PC85,5.770000,0.056876934
GA_Energy_Dominance_PC85,5.830000,0.056725548
GA_Energy_Dominance_PC85,5.886000,0.056625053
GA_Energy_Dominance_PC85,5.918000,0.056613288
GA_Energy_Dominance_PC85,5.962000,0.056609902
GA_Energy_Dominance_PC85,6.010000,0.056597455
GA_Energy_Dominance_PC85,6.058000,0.056564226
GA_Energy_Dominance_PC85,6.086000,0.056555322
GA_Energy_Dominance_PC85,6.124000,0.056460351
GA_Energy_Dominance_PC85,6.192000,0.056429889
GA_Energy_Dominance_PC85,6.220000,0.056420424
GA_Energy_Dominance_PC85,6.266000,0.056399396
GA_Energy_Dominance_PC85,6.274000,0.056383899
GA_Energy_Dominance_PC85,6.282000,0.056229029
GA_Energy_Dominance_PC85,6.308000,0.056219758
GA_Energy_Dominance_PC85,6.340000,0.056146504
GA_Energy_Dominance_PC85,6.374000,0.056073293
GA_Energy_Dominance_PC85,6.414000,0.056059638
GA_Energy_Dominance_PC85,6.444000,0.056059450
GA_Energy_Dominance_PC85,6.464000,0.056057620
GA_Energy_Dominance_PC85,6.470000,0.056038335
GA_Energy_Dominance_PC85,6.494000,0.056013101
GA_Energy_Dominance_PC85,6.562000,0.056008306
GA_Energy_Dominance_PC85,6.570000,0.055997596
GA_Energy_Dominance_PC85,6.618000,0.055945985
GA_Energy_Dominance_PC85,6.668000,0.055848734
GA_Energy_Dominance_PC85,6.692000,0.055717450
GA_Energy_Dominance_PC85,6.754000,0.055636163
GA_Energy_Dominance_PC85,6.824000,0.055579013
GA_Energy_Dominance_PC85,6.890000,0.055550426
GA_Energy_Dominance_PC85,6.918000,0.055541194
GA_Energy_Dominance_PC85,6.972000,0.055525663
GA_Energy_Dominance_PC85,7.774000,0.055462242
GA_Energy_Dominance_PC85,7.924000,0.055430787
GA_Energy_Dominance_PC85,7.974000,0.055337542
GA_Energy_Dominance_PC85,8.112000,0.055331866
GA_Energy_Dominance_PC85,8.150000,0.055320638
GA_Energy_Dominance_PC85,8.202000,0.055312973
GA_Energy_Dominance_PC85,8.318000,0.055298188
GA_Energy_Dominance_PC85,8.356000,0.055294219
GA_Energy_Dominance_PC85,8.426000,0.055283108
GA_Energy_Dominance_PC85,11.010000,0.055047720
GA_Energy_Dominance_PC85,11.962000,0.054760178
GA_Energy_Dominance_PC85,12.584000,0.054756134
GA_Energy_Dominance_PC85,12.628000,0.054671767
GA_Energy_Dominance_PC85,12.640000,0.054585522
GA_Energy_Dominance_PC85,12.850000,0.054314613
GA_Energy_Dominance_PC85,12.918000,0.054146635
GA_Energy_Dominance_PC85,13.332000,0.054105883
GA_Energy_Dominance_PC85,13.346000,0.053873521
GA_Energy_Dominance_PC85,13.892000,0.053591497
GA_Energy_Dominance_PC85,14.324000,0.053501748
GA_Energy_Dominance_PC85,14.346000,0.053353447
GA_Energy_Dominance_PC85,14.522000,0.052907250
GA_Energy_Dominance_PC85,14.664000,0.052719748
GA_Energy_Dominance_PC85,14.916000,0.052625457
GA_Energy_Dominance_PC85,15.002000,0.052482521
GA_Energy_Dominance_PC85,15.156000,0.052412673
GA_Energy_Dominance_PC85,15.336000,0.052405828
GA_Energy_Dominance_PC85,15.552000,0.052324352
GA_Energy_Dominance_PC85,15.712000,0.052255977
GA_Energy_Dominance_PC85,15.914000,0.052174905
GA_Energy_Dominance_PC85,15.976000,0.051884725
GA_Energy_Dominance_PC85,16.112000,0.051848895
GA_Energy_Dominance_PC85,16.250000,0.051683877
GA_Energy_Dominance_PC85,16.390000,0.051561904
GA_Energy_Dominance_PC85,16.662000,0.051439557
GA_Energy_Dominance_PC85,16.748000,0.051218705
GA_Energy_Dominance_PC85,17.166000,0.051048789
GA_Energy_Dominance_PC85,17.330000,0.051046306
GA_Energy_Dominance_PC85,17.474000,0.050998207
GA_Energy_Dominance_PC85,18.052000,0.050700504
GA_Energy_Dominance_PC85,18.294000,0.049991688
GA_Energy_Dominance_PC85,18.582000,0.049803052
GA_Energy_Dominance_PC85,18.784000,0.049720158
GA_Energy_Dominance_PC85,18.976000,0.049698525
GA_Energy_Dominance_PC85,19.210000,0.049556092
GA_Energy_Dominance_PC85,19.250000,0.049410119
GA_Energy_Dominance_PC85,19.266000,0.049229823
GA_Energy_Dominance_PC85,19.426000,0.049123245
GA_Energy_Dominance_PC85,19.586000,0.049076367
GA_Energy_Dominance_PC85,19.734000,0.048788243
GA_Energy_Dominance_PC85,19.954000,0.048756380
GA_Energy_Dominance_PC85,20.010000,0.048624200
GA_Energy_Dominance_PC85,20.206000,0.048607568
GA_Energy_Dominance_PC85,20.502000,0.048550465
GA_Energy_Dominance_PC85,20.828000,0.048539565
GA_Energy_Dominance_PC85,21.014000,0.048532988
GA_Energy_Dominance_PC85,21.268000,0.048460665
GA_Energy_Dominance_PC85,21.508000,0.048404967
GA_Energy_Dominance_PC85,21.716000,0.048370909
GA_Energy_Dominance_PC85,21.976000,0.048270108
GA_Energy_Dominance_PC85,22.404000,0.048253853
GA_Energy_Dominance_PC85,22.660000,0.048144152
GA_Energy_Dominance_PC85,23.084000,0.048101369
GA_Energy_Dominance_PC85,23.270000,0.048079983
GA_Energy_Dominance_PC85,30.644000,0.048014360
GA_Energy_Dominance_PC85,31.336000,0.047903397
GA_Energy_Dominance_PC85,31.780000,0.047766117
GA_Energy_Dominance_PC85,32.278000,0.047597003
GA_Energy_Dominance_PC85,32.714000,0.047573949
GA_Energy_Dominance_PC85,33.204000,0.047536417
GA_Energy_Dominance_PC85,33.536000,0.047487945
GA_Energy_Dominance_PC85,33.878000,0.047457385
SA_WaitingTime_Dominance_PC85,2.054000,0.065149511
SA_WaitingTime_Dominance_PC85,2.058000,0.065097939
SA_WaitingTime_Dominance_PC85,2.060000,0.065050636
SA_WaitingTime_Dominance_PC85,2.076000,0.065042985
SA_WaitingTime_Dominance_PC85,2.130000,0.065032289
SA_WaitingTime_Dominance_PC85,2.136000,0.064299931
SA_WaitingTime_Dominance_PC85,2.150000,0.064278878
SA_WaitingTime_Dominance_PC85,2.192000,0.064126448
SA_WaitingTime_Dominance_PC85,2.212000,0.064090360
SA_WaitingTime_Dominance_PC85,2.214000,0.064069023
SA_WaitingTime_Dominance_PC85,2.222000,0.064006623
SA_WaitingTime_Dominance_PC85,2.238000,0.063981937
SA_WaitingTime_Dominance_PC85,2.254000,0.063954407
SA_WaitingTime_Dominance_PC85,2.300000,0.063946913
SA_WaitingTime_Dominance_PC85,2.328000,0.063928660
SA_WaitingTime_Dominance_PC85,2.388000,0.063903314
SA_WaitingTime_Dominance_PC85,2.400000,0.063882002
SA_WaitingTime_Dominance_PC85,2.456000,0.063834013
SA_WaitingTime_Dominance_PC85,2.464000,0.063786651
SA_WaitingTime_Dominance_PC85,2.488000,0.063763522
SA_WaitingTime_Dominance_PC85,2.530000,0.063742494
SA_WaitingTime_Dominance_PC85,2.762000,0.063664832
SA_WaitingTime_Dominance_PC85,2.768000,0.063643779
SA_WaitingTime_Dominance_PC85,2.772000,0.063587290
SA_WaitingTime_Dominance_PC85,3.416000,0.063546137
SA_WaitingTime_Dominance_PC85,3.422000,0.063462602
SA_WaitingTime_Dominance_PC85,3.454000,0.063457154
SA_WaitingTime_Dominance_PC85,4.600000,0.063403003
SA_WaitingTime_Dominance_PC85,4.662000,0.063399844
SA_WaitingTime_Dominance_PC85,4.838000,0.063372515
SA_Energy_Dominance_PC85,4.348000,0.063875544
SA_Energy_Dominance_PC85,4.356000,0.063610485
SA_Energy_Dominance_PC85,4.402000,0.062590277
SA_Energy_Dominance_PC85,4.418000,0.062562453
SA_Energy_Dominance_PC85,4.468000,0.062550073
SA_Energy_Dominance_PC85,4.490000,0.062549548
SA_Energy_Dominance_PC85,4.538000,0.062543821
SA_Energy_Dominance_PC85,4.552000,0.062539908
SA_Energy_Dominance_PC85,4.668000,0.062532833
SA_Energy_Dominance_PC85,4.706000,0.062476114
SA_Energy_Dominance_PC85,4.712000,0.062413746
SA_Energy_Dominance_PC85,4.730000,0.062359710
SA_Energy_Dominance_PC85,4.736000,0.062120334
SA_Energy_Dominance_PC85,4.744000,0.061859554
SA_Energy_Dominance_PC85,4.768000,0.061846298
SA_Energy_Dominance_PC85,4.784000,0.061810405
SA_Energy_Dominance_PC85,4.828000,0.061789352
SA_Energy_Dominance_PC85,4.922000,0.061701235
SA_Energy_Dominance_PC85,4.936000,0.061675464
SA_Energy_Dominance_PC85,5.064000,0.061634867
SA_Energy_Dominance_PC85,5.120000,0.061378221
SA_Energy_Dominance_PC85,5.132000,0.061367049
SA_Energy_Dominance_PC85,5.180000,0.061163972
SA_Energy_Dominance_PC85,5.188000,0.061128862
SA_Energy_Dominance_PC85,5.220000,0.061041742
SA_Energy_Dominance_PC85,5.236000,0.060976502
SA_Energy_Dominance_PC85,5.244000,0.060913343
SA_Energy_Dominance_PC85,5.328000,0.060691546
SA_Energy_Dominance_PC85,5.392000,0.060631420
SA_Energy_Dominance_PC85,5.406000,0.060592887
SA_Energy_Dominance_PC85,5.484000,0.060539821
SA_Energy_Dominance_PC85,5.540000,0.060370245
SA_Energy_Dominance_PC85,5.558000,0.060367156
SA_Energy_Dominance_PC85,5.620000,0.060332571
SA_Energy_Dominance_PC85,5.650000,0.060267196
SA_Energy_Dominance_PC85,5.768000,0.060008321
SA_Energy_Dominance_PC85,5.774000,0.059921879
SA_Energy_Dominance_PC85,5.788000,0.059800284
SA_Energy_Dominance_PC85,5.796000,0.059493045
SA_Energy_Dominance_PC85,5.908000,0.059466762
SA_Energy_Dominance_PC85,5.936000,0.059455809
SA_Energy_Dominance_PC85,5.954000,0.059429887
SA_Energy_Dominance_PC85,5.966000,0.059387766
SA_Energy_Dominance_PC85,6.026000,0.059322421
SA_Energy_Dominance_PC85,6.062000,0.059242840
SA_Energy_Dominance_PC85,6.254000,0.059239494
SA_Energy_Dominance_PC85,6.334000,0.059227147
SA_Energy_Dominance_PC85,6.360000,0.059222671
SA_Energy_Dominance_PC85,6.452000,0.059218233
SA_Energy_Dominance_PC85,6.542000,0.059171844
SA_Energy_Dominance_PC85,6.580000,0.059159668
SA_Energy_Dominance_PC85,6.604000,0.059140891
SA_Energy_Dominance_PC85,6.656000,0.059128128
SA_Energy_Dominance_PC85,6.660000,0.059084526
SA_Energy_Dominance_PC85,6.686000,0.058963262
SA_Energy_Dominance_PC85,6.688000,0.058918869
SA_Energy_Dominance_PC85,6.720000,0.058900104
SA_Energy_Dominance_PC85,6.818000,0.058892570
SA_Energy_Dominance_PC85,6.910000,0.058871531
SA_Energy_Dominance_PC85,6.960000,0.058316340
SA_Energy_Dominance_PC85,6.978000,0.058266432
SA_Energy_Dominance_PC85,7.008000,0.058146018
SA_Energy_Dominance_PC85,7.054000,0.058097102
SA_Energy_Dominance_PC85,7.138000,0.058081570
SA_Energy_Dominance_PC85,7.168000,0.058069569
SA_Energy_Dominance_PC85,7.200000,0.058059484
SA_Energy_Dominance_PC85,7.240000,0.058048516
SA_Energy_Dominance_PC85,7.252000,0.057969050
SA_Energy_Dominance_PC85,7.292000,0.057966348
SA_Energy_Dominance_PC85,7.320000,0.057959575
SA_Energy_Dominance_PC85,7.394000,0.057941499
SA_Energy_Dominance_PC85,7.520000,0.057936520
SA_Energy_Dominance_PC85,7.558000,0.057926395
SA_Energy_Dominance_PC85,7.590000,0.057896823
SA_Energy_Dominance_PC85,7.682000,0.057874057
SA_Energy_Dominance_PC85,7.738000,0.057681966
SA_Energy_Dominance_PC85,7.790000,0.057672930
SA_Energy_Dominance_PC85,7.824000,0.057642718
SA_Energy_Dominance_PC85,7.884000,0.057615399
SA_Energy_Dominance_PC85,7.998000,0.057595595
SA_Energy_Dominance_PC85,8.080000,0.057557719
SA_Energy_Dominance_PC85,8.142000,0.057473352
SA_Energy_Dominance_PC85,8.286000,0.057441190
SA_Energy_Dominance_PC85,8.308000,0.057358542
SA_Energy_Dominance_PC85,8.342000,0.057250990
SA_Energy_Dominance_PC85,8.592000,0.057108664
SA_Energy_Dominance_PC85,8.694000,0.057108259
SA_Energy_Dominance_PC85,8.744000,0.057028976
SA_Energy_Dominance_PC85,8.882000,0.057026718
SA_Energy_Dominance_PC85,8.954000,0.056904797
SA_Energy_Dominance_PC85,9.072000,0.056716022
SA_Energy_Dominance_PC85,9.170000,0.056650818
SA_Energy_Dominance_PC85,9.200000,0.056581930
SA_Energy_Dominance_PC85,9.260000,0.056554759
SA_Energy_Dominance_PC85,9.338000,0.056549780
SA_Energy_Dominance_PC85,9.400000,0.056525446
SA_Energy_Dominance_PC85,9.438000,0.056511538
SA_Energy_Dominance_PC85,9.450000,0.056467635
SA_Energy_Dominance_PC85,9.510000,0.056436779
SA_Energy_Dominance_PC85,9.566000,0.056417120
SA_Energy_Dominance_PC85,9.648000,0.056412971
SA_Energy_Dominance_PC85,9.662000,0.056308039
SA_Energy_Dominance_PC85,9.736000,0.056245516
SA_Energy_Dominance_PC85,9.740000,0.056221182
SA_Energy_Dominance_PC85,9.830000,0.056145175
SA_Energy_Dominance_PC85,9.846000,0.056078829
SA_Energy_Dominance_PC85,9.972000,0.056068582
SA_Energy_Dominance_PC85,10.092000,0.056049930
SA_Energy_Dominance_PC85,10.196000,0.055964109
SA_Energy_Dominance_PC85,10.300000,0.055934843
SA_Energy_Dominance_PC85,10.368000,0.055864067
SA_Energy_Dominance_PC85,10.428000,0.055834076
SA_Energy_Dominance_PC85,10.512000,0.055825140
SA_Energy_Dominance_PC85,10.590000,0.055771506
SA_Energy_Dominance_PC85,10.678000,0.055676297
SA_Energy_Dominance_PC85,10.794000,0.055662752
SA_Energy_Dominance_PC85,10.808000,0.055405883
SA_Energy_Dominance_PC85,10.950000,0.055367409
SA_Energy_Dominance_PC85,11.014000,0.054054546
SA_Energy_Dominance_PC85,11.078000,0.054048249
SA_Energy_Dominance_PC85,11.186000,0.054040827
SA_Energy_Dominance_PC85,11.468000,0.054038810
SA_Energy_Dominance_PC85,11.598000,0.053234285
SA_Energy_Dominance_PC85,11.688000,0.053223427
SA_Energy_Dominance_PC85,11.782000,0.053184561
SA_Energy_Dominance_PC85,11.892000,0.053184561
SA_Energy_Dominance_PC85,12.050000,0.053179566
SA_Energy_Dominance_PC85,12.130000,0.053169030
SA_Energy_Dominance_PC85,13.298000,0.052403916
SA_Energy_Dominance_PC85,13.474000,0.052302909
SA_Energy_Dominance_PC85,13.982000,0.052301295
SA_Energy_Dominance_PC85,14.298000,0.052301295
SA_Energy_Dominance_PC85,17.598000,0.052016497
SA_Energy_Dominance_PC85,17.806000,0.051976882
SA_Energy_Dominance_PC85,18.024000,0.051887550
SA_Energy_Dominance_PC85,18.266000,0.051871746
SA_Energy_Dominance_PC85,18.312000,0.051868922
SA_Energy_Dominance_PC85,18.554000,0.051814389
SA_Energy_Dominance_PC85,18.720000,0.051804302
SA_Energy_Dominance_PC85,19.100000,0.051802284
SA_Energy_Dominance_PC85,24.532000,0.051295401
SA_Energy_Dominance_PC85,24.534000,0.050982650
SA_Energy_Dominance_PC85,24.752000,0.050968931
NSGA-II_PC85,2.794000,0.062482417
NSGA-II_PC85,2.802000,0.061836010
NSGA-II_PC85,2.812000,0.061535491
NSGA-II_PC85,2.824000,0.061488471
NSGA-II_PC85,2.826000,0.061257956
NSGA-II_PC85,2.830000,0.061206161
NSGA-II_PC85,2.852000,0.061199509
NSGA-II_PC85,2.868000,0.061133872
NSGA-II_PC85,2.876000,0.060996760
NSGA-II_PC85,2.888000,0.060959461
NSGA-II_PC85,2.906000,0.060811646
NSGA-II_PC85,2.930000,0.060809256
NSGA-II_PC85,2.932000,0.060731413
NSGA-II_PC85,3.000000,0.060709222
NSGA-II_PC85,3.012000,0.060607501
NSGA-II_PC85,3.022000,0.060596098
NSGA-II_PC85,3.028000,0.060500349
NSGA-II_PC85,3.036000,0.060464845
NSGA-II_PC85,3.092000,0.060429004
NSGA-II_PC85,3.104000,0.060401443
NSGA-II_PC85,3.146000,0.060389161
NSGA-II_PC85,3.174000,0.060355878
NSGA-II_PC85,3.190000,0.060258276
NSGA-II_PC85,3.214000,0.060180704
NSGA-II_PC85,3.228000,0.060105655
NSGA-II_PC85,3.270000,0.060080381
NSGA-II_PC85,3.274000,0.060050682
NSGA-II_PC85,3.278000,0.060025584
NSGA-II_PC85,3.288000,0.059956530
NSGA-II_PC85,3.322000,0.059800621
NSGA-II_PC85,3.340000,0.059798595
NSGA-II_PC85,3.356000,0.059786000
NSGA-II_PC85,3.376000,0.059388849
NSGA-II_PC85,3.378000,0.059369432
NSGA-II_PC85,3.412000,0.059103403
NSGA-II_PC85,3.456000,0.058884647
NSGA-II_PC85,3.500000,0.058799034
NSGA-II_PC85,3.528000,0.058646069
NSGA-II_PC85,3.542000,0.058557696
NSGA-II_PC85,3.550000,0.058488987
NSGA-II_PC85,3.568000,0.058358541
NSGA-II_PC85,3.600000,0.058231608
NSGA-II_PC85,3.618000,0.058175156
NSGA-II_PC85,3.624000,0.058024149
NSGA-II_PC85,3.710000,0.057939174
NSGA-II_PC85,3.812000,0.057813990
NSGA-II_PC85,3.886000,0.057760545
NSGA-II_PC85,3.904000,0.057737436
NSGA-II_PC85,3.916000,0.057675146
NSGA-II_PC85,3.944000,0.057649039
NSGA-II_PC85,3.996000,0.057565922
NSGA-II_PC85,4.012000,0.057509180
NSGA-II_PC85,4.028000,0.057452877
NSGA-II_PC85,4.072000,0.057317762
NSGA-II_PC85,4.124000,0.057277667
NSGA-II_PC85,4.164000,0.057230636
NSGA-II_PC85,4.208000,0.057215291
NSGA-II_PC85,4.214000,0.057125950
NSGA-II_PC85,4.276000,0.057125800
NSGA-II_PC85,4.310000,0.057064708
NSGA-II_PC85,4.330000,0.056966581
NSGA-II_PC85,4.462000,0.056934796
NSGA-II_PC85,4.510000,0.056900350
NSGA-II_PC85,4.550000,0.056813755
NSGA-II_PC85,4.588000,0.056709120
NSGA-II_PC85,4.814000,0.056691656
NSGA-II_PC85,4.850000,0.056680215
NSGA-II_PC85,4.936000,0.056652860
SPEA-II_PC85,2.698000,0.061210709
SPEA-II_PC85,2.710000,0.061208404
SPEA-II_PC85,2.722000,0.061169061
SPEA-II_PC85,2.738000,0.061168361
SPEA-II_PC85,2.744000,0.061073754
SPEA-II_PC85,2.748000,0.061043053
SPEA-II_PC85,2.752000,0.060957514
SPEA-II_PC85,2.762000,0.060940027
SPEA-II_PC85,2.770000,0.060935502
SPEA-II_PC85,2.796000,0.060909471
SPEA-II_PC85,2.800000,0.060883376
SPEA-II_PC85,2.812000,0.060879691
SPEA-II_PC85,2.822000,0.060879486
SPEA-II_PC85,2.832000,0.060829987
SPEA-II_PC85,2.840000,0.060784975
SPEA-II_PC85,2.844000,0.060722684
SPEA-II_PC85,2.858000,0.060707039
SPEA-II_PC85,2.870000,0.060681773
SPEA-II_PC85,2.888000,0.060581464
SPEA-II_PC85,2.894000,0.060512442
SPEA-II_PC85,2.910000,0.060447357
SPEA-II_PC85,2.934000,0.060412638
SPEA-II_PC85,2.944000,0.060367932
SPEA-II_PC85,3.016000,0.059841412
SPEA-II_PC85,3.018000,0.059475544
SPEA-II_PC85,3.062000,0.059409606
SPEA-II_PC85,3.100000,0.059343716
SPEA-II_PC85,3.114000,0.059324805
SPEA-II_PC85,3.134000,0.059316745
SPEA-II_PC85,3.142000,0.059286158
SPEA-II_PC85,3.166000,0.059217208
SPEA-II_PC85,3.226000,0.059216445
SPEA-II_PC85,3.242000,0.059203655
SPEA-II_PC85,3.260000,0.059130438
SPEA-II_PC85,3.274000,0.059121799
SPEA-II_PC85,3.342000,0.059082136
SPEA-II_PC85,3.386000,0.059074844
SPEA-II_PC85,3.400000,0.059068144
SPEA-II_PC85,3.410000,0.059066209
SPEA-II_PC85,3.448000,0.058988838
SPEA-II_PC85,3.476000,0.058981514
SPEA-II_PC85,3.538000,0.058671244
SPEA-II_PC85,3.578000,0.058588711
SPEA-II_PC85,3.630000,0.058541193
SPEA-II_PC85,3.684000,0.058378024
SPEA-II_PC85,3.732000,0.058369377
SPEA-II_PC85,3.740000,0.058261070
SPEA-II_PC85,3.786000,0.058218728
SPEA-II_PC85,3.800000,0.058109291
SPEA-II_PC85,3.882000,0.058097635
SPEA-II_PC85,3.886000,0.058036125
SPEA-II_PC85,3.916000,0.057985226
SPEA-II_PC85,4.024000,0.057974038
SPEA-II_PC85,4.030000,0.057888794
SPEA-II_PC85,4.118000,0.057883030
SPEA-II_PC85,4.208000,0.057717469
SPEA-II_PC85,4.300000,0.057585438
SPEA-II_PC85,4.412000,0.057548120
SPEA-II_PC85,4.472000,0.057402392
SPEA-II_PC85,4.758000,0.057233393
SPEA-II_PC85,4.962000,0.057205681
SPEA-II_PC85,4.982000,0.057047656
SPEA-II_PC85,5.026000,0.057045683
SPEA-II_PC85,5.108000,0.057006730
SPEA-II_PC85,5.216000,0.056960501
SPEA-II_PC85,5.248000,0.056957327
SPEA-II_PC85,5.270000,0.056883329
SPEA-II_PC85,5.386000,0.056781593
SPEA-II_PC85,5.424000,0.056754086
SPEA-II_PC85,5.584000,0.056708548
SPEA-II_PC85,5.738000,0.056683231
AMOSA_PC85,3.106000,0.063721703
AMOSA_PC85,3.148000,0.062945364
AMOSA_PC85,3.176000,0.062421394
AMOSA_PC85,3.230000,0.062324089
AMOSA_PC85,3.264000,0.062038572
AMOSA_PC85,3.272000,0.062037449
AMOSA_PC85,3.374000,0.061827429
AMOSA_PC85,3.442000,0.061821459
AMOSA_PC85,3.464000,0.061785709
AMOSA_PC85,3.466000,0.061739795
AMOSA_PC85,3.478000,0.061699615
AMOSA_PC85,3.492000,0.061670569
AMOSA_PC85,3.494000,0.061657220
AMOSA_PC85,3.530000,0.061595643
AMOSA_PC85,3.534000,0.061540582
AMOSA_PC85,3.570000,0.061320210
AMOSA_PC85,3.664000,0.061263544
AMOSA_PC85,3.704000,0.061246354
AMOSA_PC85,3.768000,0.061069101
AMOSA_PC85,3.834000,0.060945542
AMOSA_PC85,3.858000,0.060850618
AMOSA_PC85,3.968000,0.060698830
AMOSA_PC85,4.106000,0.060370056
AMOSA_PC85,4.890000,0.060363394
GA_WaitingTime_Dominance_PC80,2.300000,0.063245043
GA_WaitingTime_Dominance_PC80,2.302000,0.063184028
GA_WaitingTime_Dominance_PC80,2.310000,0.063077340
GA_WaitingTime_Dominance_PC80,2.320000,0.062748459
GA_WaitingTime_Dominance_PC80,2.326000,0.062578309
GA_WaitingTime_Dominance_PC80,2.340000,0.062547956
GA_WaitingTime_Dominance_PC80,2.344000,0.062444000
GA_WaitingTime_Dominance_PC80,2.346000,0.062406568
GA_WaitingTime_Dominance_PC80,2.352000,0.062215018
GA_WaitingTime_Dominance_PC80,2.374000,0.062114031
GA_WaitingTime_Dominance_PC80,2.418000,0.062091431
GA_WaitingTime_Dominance_PC80,2.424000,0.062017105
GA_WaitingTime_Dominance_PC80,2.450000,0.061994221
GA_WaitingTime_Dominance_PC80,2.458000,0.061977922
GA_WaitingTime_Dominance_PC80,2.578000,0.061867941
GA_WaitingTime_Dominance_PC80,2.618000,0.061859977
GA_WaitingTime_Dominance_PC80,3.040000,0.061799643
GA_WaitingTime_Dominance_PC80,3.338000,0.061741464
GA_Energy_Dominance_PC80,6.300000,0.066629202
GA_Energy_Dominance_PC80,6.322000,0.066560926
GA_Energy_Dominance_PC80,6.344000,0.066327086
GA_Energy_Dominance_PC80,6.398000,0.065178776
GA_Energy_Dominance_PC80,6.480000,0.065146315
GA_Energy_Dominance_PC80,6.528000,0.062849748
GA_Energy_Dominance_PC80,6.702000,0.062707522
GA_Energy_Dominance_PC80,6.742000,0.062486714
GA_Energy_Dominance_PC80,6.816000,0.062369750
GA_Energy_Dominance_PC80,6.842000,0.062185614
GA_Energy_Dominance_PC80,6.888000,0.061919396
GA_Energy_Dominance_PC80,6.914000,0.061710413
GA_Energy_Dominance_PC80,6.928000,0.061666811
GA_Energy_Dominance_PC80,6.964000,0.061573692
GA_Energy_Dominance_PC80,7.000000,0.061494926
GA_Energy_Dominance_PC80,7.142000,0.061449878
GA_Energy_Dominance_PC80,7.192000,0.061071463
GA_Energy_Dominance_PC80,7.266000,0.061033878
GA_Energy_Dominance_PC80,7.360000,0.061008136
GA_Energy_Dominance_PC80,7.462000,0.060979399
GA_Energy_Dominance_PC80,7.510000,0.060948643
GA_Energy_Dominance_PC80,7.526000,0.060887693
GA_Energy_Dominance_PC80,7.542000,0.060840872
GA_Energy_Dominance_PC80,7.564000,0.060780424
GA_Energy_Dominance_PC80,7.590000,0.060666944
GA_Energy_Dominance_PC80,7.678000,0.060580492
GA_Energy_Dominance_PC80,7.680000,0.060570510
GA_Energy_Dominance_PC80,7.684000,0.060088891
GA_Energy_Dominance_PC80,7.840000,0.059412859
GA_Energy_Dominance_PC80,7.854000,0.059273903
GA_Energy_Dominance_PC80,8.060000,0.059262570
GA_Energy_Dominance_PC80,8.082000,0.059016945
GA_Energy_Dominance_PC80,8.096000,0.058901219
GA_Energy_Dominance_PC80,8.104000,0.058765708
GA_Energy_Dominance_PC80,8.160000,0.058679784
GA_Energy_Dominance_PC80,8.220000,0.058646091
GA_Energy_Dominance_PC80,8.280000,0.058572679
GA_Energy_Dominance_PC80,8.440000,0.058388737
GA_Energy_Dominance_PC80,8.490000,0.058296056
GA_Energy_Dominance_PC80,8.526000,0.058124879
GA_Energy_Dominance_PC80,8.556000,0.057926927
GA_Energy_Dominance_PC80,8.622000,0.057665840
GA_Energy_Dominance_PC80,8.686000,0.057559853
GA_Energy_Dominance_PC80,8.726000,0.057534227
GA_Energy_Dominance_PC80,8.872000,0.057339564
GA_Energy_Dominance_PC80,8.906000,0.057324238
GA_Energy_Dominance_PC80,8.992000,0.057089847
GA_Energy_Dominance_PC80,9.152000,0.056848539
GA_Energy_Dominance_PC80,9.194000,0.056793474
GA_Energy_Dominance_PC80,9.256000,0.056665573
GA_Energy_Dominance_PC80,9.268000,0.056522192
GA_Energy_Dominance_PC80,9.288000,0.056362491
GA_Energy_Dominance_PC80,9.374000,0.056331577
GA_Energy_Dominance_PC80,9.396000,0.056295560
GA_Energy_Dominance_PC80,9.430000,0.056224183
GA_Energy_Dominance_PC80,9.478000,0.056076840
GA_Energy_Dominance_PC80,9.634000,0.055995043
GA_Energy_Dominance_PC80,9.724000,0.055993195
GA_Energy_Dominance_PC80,9.768000,0.055841606
GA_Energy_Dominance_PC80,9.906000,0.055775325
GA_Energy_Dominance_PC80,9.996000,0.055600288
GA_Energy_Dominance_PC80,10.124000,0.055581178
GA_Energy_Dominance_PC80,10.138000,0.055349546
GA_Energy_Dominance_PC80,10.232000,0.055346343
GA_Energy_Dominance_PC80,10.282000,0.055314620
GA_Energy_Dominance_PC80,10.294000,0.055289781
GA_Energy_Dominance_PC80,10.354000,0.055254066
GA_Energy_Dominance_PC80,10.454000,0.055209424
GA_Energy_Dominance_PC80,10.510000,0.055108105
GA_Energy_Dominance_PC80,10.616000,0.055037031
GA_Energy_Dominance_PC80,10.680000,0.055004267
GA_Energy_Dominance_PC80,10.786000,0.054893485
GA_Energy_Dominance_PC80,10.872000,0.054745732
GA_Energy_Dominance_PC80,10.984000,0.054612323
GA_Energy_Dominance_PC80,11.070000,0.054477112
GA_Energy_Dominance_PC80,11.160000,0.054317664
GA_Energy_Dominance_PC80,11.290000,0.054163789
GA_Energy_Dominance_PC80,11.446000,0.054095898
GA_Energy_Dominance_PC80,11.514000,0.054087263
GA_Energy_Dominance_PC80,11.592000,0.054087227
GA_Energy_Dominance_PC80,11.626000,0.053925817
GA_Energy_Dominance_PC80,11.918000,0.053898926
GA_Energy_Dominance_PC80,12.018000,0.053878924
GA_Energy_Dominance_PC80,12.224000,0.053860791
GA_Energy_Dominance_PC80,12.360000,0.053826523
GA_Energy_Dominance_PC80,12.428000,0.053813384
GA_Energy_Dominance_PC80,12.488000,0.053675830
GA_Energy_Dominance_PC80,12.680000,0.053515905
GA_Energy_Dominance_PC80,12.842000,0.053432524
GA_Energy_Dominance_PC80,12.998000,0.053350487
GA_Energy_Dominance_PC80,13.102000,0.053279404
GA_Energy_Dominance_PC80,13.288000,0.053223764
GA_Energy_Dominance_PC80,13.390000,0.053162725
GA_Energy_Dominance_PC80,13.658000,0.053118730
GA_Energy_Dominance_PC80,13.784000,0.053059685
GA_Energy_Dominance_PC80,13.882000,0.053033191
GA_Energy_Dominance_PC80,14.086000,0.052956680
GA_Energy_Dominance_PC80,14.246000,0.052827621
GA_Energy_Dominance_PC80,14.550000,0.052794007
GA_Energy_Dominance_PC80,14.734000,0.052782849
GA_Energy_Dominance_PC80,15.228000,0.052767540
GA_Energy_Dominance_PC80,15.280000,0.052662213
GA_Energy_Dominance_PC80,15.562000,0.052546099
GA_Energy_Dominance_PC80,15.724000,0.052328536
GA_Energy_Dominance_PC80,15.932000,0.052263467
GA_Energy_Dominance_PC80,16.180000,0.052134725
GA_Energy_Dominance_PC80,16.324000,0.052112377
GA_Energy_Dominance_PC80,16.508000,0.052055756
GA_Energy_Dominance_PC80,16.824000,0.051990259
GA_Energy_Dominance_PC80,16.948000,0.051838268
GA_Energy_Dominance_PC80,17.106000,0.051781106
GA_Energy_Dominance_PC80,17.308000,0.051778277
GA_Energy_Dominance_PC80,17.468000,0.051711932
GA_Energy_Dominance_PC80,17.634000,0.051533781
GA_Energy_Dominance_PC80,17.856000,0.051435330
GA_Energy_Dominance_PC80,18.438000,0.051359945
GA_Energy_Dominance_PC80,18.704000,0.051311029
GA_Energy_Dominance_PC80,18.884000,0.051210564
GA_Energy_Dominance_PC80,19.052000,0.051160378
GA_Energy_Dominance_PC80,19.348000,0.051117001
GA_Energy_Dominance_PC80,19.608000,0.051000661
GA_Energy_Dominance_PC80,19.812000,0.050990580
GA_Energy_Dominance_PC80,20.510000,0.050865503
GA_Energy_Dominance_PC80,20.690000,0.050840262
GA_Energy_Dominance_PC80,20.968000,0.050775237
GA_Energy_Dominance_PC80,21.190000,0.050574611
GA_Energy_Dominance_PC80,21.714000,0.050498261
GA_Energy_Dominance_PC80,21.880000,0.050492492
GA_Energy_Dominance_PC80,22.100000,0.050452090
GA_Energy_Dominance_PC80,22.348000,0.050189320
GA_Energy_Dominance_PC80,22.910000,0.050131833
GA_Energy_Dominance_PC80,23.124000,0.050016025
GA_Energy_Dominance_PC80,23.496000,0.049950838
GA_Energy_Dominance_PC80,23.692000,0.049930770
GA_Energy_Dominance_PC80,24.126000,0.049927988
GA_Energy_Dominance_PC80,24.352000,0.049879936
GA_Energy_Dominance_PC80,24.566000,0.049871043
GA_Energy_Dominance_PC80,24.770000,0.049815468
GA_Energy_Dominance_PC80,25.054000,0.049795842
GA_Energy_Dominance_PC80,25.274000,0.049711191
GA_Energy_Dominance_PC80,25.604000,0.049569492
GA_Energy_Dominance_PC80,25.878000,0.049505811
GA_Energy_Dominance_PC80,26.320000,0.049479475
GA_Energy_Dominance_PC80,26.570000,0.049445930
SA_WaitingTime_Dominance_PC80,2.226000,0.065980850
SA_WaitingTime_Dominance_PC80,2.236000,0.065927731
SA_WaitingTime_Dominance_PC80,2.238000,0.065125933
SA_WaitingTime_Dominance_PC80,2.242000,0.065086725
SA_WaitingTime_Dominance_PC80,2.244000,0.065065672
SA_WaitingTime_Dominance_PC80,2.246000,0.065015131
SA_WaitingTime_Dominance_PC80,2.272000,0.064881047
SA_WaitingTime_Dominance_PC80,2.280000,0.064741921
SA_WaitingTime_Dominance_PC80,2.286000,0.064651541
SA_WaitingTime_Dominance_PC80,2.330000,0.064595427
SA_WaitingTime_Dominance_PC80,2.338000,0.064458824
SA_WaitingTime_Dominance_PC80,2.342000,0.064411084
SA_WaitingTime_Dominance_PC80,2.376000,0.064182380
SA_WaitingTime_Dominance_PC80,2.380000,0.064163395
SA_WaitingTime_Dominance_PC80,2.382000,0.064105168
SA_WaitingTime_Dominance_PC80,2.428000,0.064013991
SA_WaitingTime_Dominance_PC80,2.454000,0.063990995
SA_WaitingTime_Dominance_PC80,2.456000,0.063883857
SA_WaitingTime_Dominance_PC80,3.008000,0.063810383
SA_WaitingTime_Dominance_PC80,3.020000,0.063792093
SA_WaitingTime_Dominance_PC80,3.032000,0.063759049
SA_WaitingTime_Dominance_PC80,3.106000,0.063724035
SA_WaitingTime_Dominance_PC80,3.380000,0.063594310
SA_WaitingTime_Dominance_PC80,3.400000,0.063589900
SA_WaitingTime_Dominance_PC80,3.422000,0.063546807
SA_WaitingTime_Dominance_PC80,3.438000,0.063545405
SA_Energy_Dominance_PC80,4.630000,0.064037530
SA_Energy_Dominance_PC80,4.660000,0.063880209
SA_Energy_Dominance_PC80,4.680000,0.063864965
SA_Energy_Dominance_PC80,4.698000,0.063859156
SA_Energy_Dominance_PC80,4.720000,0.063641346
SA_Energy_Dominance_PC80,4.740000,0.063081405
SA_Energy_Dominance_PC80,4.742000,0.063065075
SA_Energy_Dominance_PC80,4.776000,0.063039071
SA_Energy_Dominance_PC80,4.848000,0.062994470
SA_Energy_Dominance_PC80,5.016000,0.062671350
SA_Energy_Dominance_PC80,5.046000,0.062431860
SA_Energy_Dominance_PC80,5.364000,0.062252431
SA_Energy_Dominance_PC80,5.986000,0.062159779
SA_Energy_Dominance_PC80,6.002000,0.062094789
SA_Energy_Dominance_PC80,6.032000,0.062079666
SA_Energy_Dominance_PC80,6.064000,0.062074537
SA_Energy_Dominance_PC80,6.100000,0.062071500
SA_Energy_Dominance_PC80,6.156000,0.062054828
SA_Energy_Dominance_PC80,6.180000,0.062043086
SA_Energy_Dominance_PC80,6.274000,0.061939547
SA_Energy_Dominance_PC80,6.292000,0.061892976
SA_Energy_Dominance_PC80,6.298000,0.061562494
SA_Energy_Dominance_PC80,6.354000,0.061553153
SA_Energy_Dominance_PC80,6.366000,0.061520388
SA_Energy_Dominance_PC80,6.482000,0.061136887
SA_Energy_Dominance_PC80,6.490000,0.061115834
SA_Energy_Dominance_PC80,6.514000,0.060445198
SA_Energy_Dominance_PC80,6.550000,0.060302671
SA_Energy_Dominance_PC80,6.592000,0.060248809
SA_Energy_Dominance_PC80,6.624000,0.060233599
SA_Energy_Dominance_PC80,6.640000,0.060192040
SA_Energy_Dominance_PC80,6.756000,0.060171399
SA_Energy_Dominance_PC80,6.812000,0.060153269
SA_Energy_Dominance_PC80,6.832000,0.059841874
SA_Energy_Dominance_PC80,6.852000,0.059823097
SA_Energy_Dominance_PC80,6.914000,0.059606664
SA_Energy_Dominance_PC80,6.924000,0.059497211
SA_Energy_Dominance_PC80,7.108000,0.059485618
SA_Energy_Dominance_PC80,7.372000,0.059446822
SA_Energy_Dominance_PC80,7.410000,0.058977280
SA_Energy_Dominance_PC80,7.916000,0.058916008
SA_Energy_Dominance_PC80,7.924000,0.058796717
SA_Energy_Dominance_PC80,8.022000,0.058567259
SA_Energy_Dominance_PC80,8.182000,0.058473568
SA_Energy_Dominance_PC80,8.248000,0.058471917
SA_Energy_Dominance_PC80,8.382000,0.058406715
SA_Energy_Dominance_PC80,8.424000,0.058381940
SA_Energy_Dominance_PC80,8.480000,0.058326211
SA_Energy_Dominance_PC80,8.492000,0.057928294
SA_Energy_Dominance_PC80,8.646000,0.057828955
SA_Energy_Dominance_PC80,8.674000,0.057234995
SA_Energy_Dominance_PC80,8.860000,0.057211623
SA_Energy_Dominance_PC80,8.916000,0.057186026
SA_Energy_Dominance_PC80,8.942000,0.057098316
SA_Energy_Dominance_PC80,8.998000,0.057057596
SA_Energy_Dominance_PC80,9.096000,0.057046920
SA_Energy_Dominance_PC80,9.402000,0.057028964
SA_Energy_Dominance_PC80,9.542000,0.056941656
SA_Energy_Dominance_PC80,9.640000,0.056860662
SA_Energy_Dominance_PC80,9.706000,0.056831463
SA_Energy_Dominance_PC80,9.832000,0.056828717
SA_Energy_Dominance_PC80,9.886000,0.056437392
SA_Energy_Dominance_PC80,10.002000,0.056272832
SA_Energy_Dominance_PC80,10.010000,0.056175526
SA_Energy_Dominance_PC80,10.098000,0.056142251
SA_Energy_Dominance_PC80,10.198000,0.056131329
SA_Energy_Dominance_PC80,10.272000,0.056090503
SA_Energy_Dominance_PC80,10.396000,0.056045956
SA_Energy_Dominance_PC80,10.526000,0.055989467
SA_Energy_Dominance_PC80,10.648000,0.055979508
SA_Energy_Dominance_PC80,10.850000,0.055960732
SA_Energy_Dominance_PC80,10.986000,0.055935728
SA_Energy_Dominance_PC80,10.998000,0.055806656
SA_Energy_Dominance_PC80,11.098000,0.055754052
SA_Energy_Dominance_PC80,11.562000,0.055256080
SA_Energy_Dominance_PC80,11.660000,0.055090131
SA_Energy_Dominance_PC80,11.762000,0.054874215
SA_Energy_Dominance_PC80,11.876000,0.054830155
SA_Energy_Dominance_PC80,11.962000,0.054600483
SA_Energy_Dominance_PC80,12.158000,0.054320876
SA_Energy_Dominance_PC80,12.244000,0.054282102
SA_Energy_Dominance_PC80,12.246000,0.052640075
SA_Energy_Dominance_PC80,12.344000,0.052436810
SA_Energy_Dominance_PC80,12.468000,0.052413072
SA_Energy_Dominance_PC80,16.066000,0.052334596
SA_Energy_Dominance_PC80,16.076000,0.052080486
SA_Energy_Dominance_PC80,16.300000,0.052047693
SA_Energy_Dominance_PC80,16.700000,0.052046079
SA_Energy_Dominance_PC80,18.194000,0.051218324
SA_Energy_Dominance_PC80,18.288000,0.051077244
SA_Energy_Dominance_PC80,18.560000,0.051040795
SA_Energy_Dominance_PC80,18.788000,0.051040795
SA_Energy_Dominance_PC80,19.502000,0.050608322
SA_Energy_Dominance_PC80,19.622000,0.050426000
SA_Energy_Dominance_PC80,19.880000,0.050418578
SA_Energy_Dominance_PC80,20.034000,0.050416157
NSGA-II_PC80,2.820000,0.062268879
NSGA-II_PC80,2.822000,0.062240891
NSGA-II_PC80,2.824000,0.061946573
NSGA-II_PC80,2.826000,0.061353135
NSGA-II_PC80,2.850000,0.061264258
NSGA-II_PC80,2.854000,0.061062700
NSGA-II_PC80,2.866000,0.061040996
NSGA-II_PC80,2.876000,0.060911639
NSGA-II_PC80,2.888000,0.060648274
NSGA-II_PC80,2.900000,0.059825381
NSGA-II_PC80,2.932000,0.059820593
NSGA-II_PC80,2.958000,0.059758798
NSGA-II_PC80,3.008000,0.059692138
NSGA-II_PC80,3.036000,0.059684301
NSGA-II_PC80,3.048000,0.059483102
NSGA-II_PC80,3.078000,0.059419476
NSGA-II_PC80,3.090000,0.059107008
NSGA-II_PC80,3.180000,0.059018765
NSGA-II_PC80,3.218000,0.058887349
NSGA-II_PC80,3.258000,0.058864963
NSGA-II_PC80,3.320000,0.058835397
NSGA-II_PC80,3.332000,0.058799716
NSGA-II_PC80,3.378000,0.058768622
NSGA-II_PC80,3.396000,0.058752717
NSGA-II_PC80,3.410000,0.058707057
NSGA-II_PC80,3.426000,0.058644066
NSGA-II_PC80,3.440000,0.058602679
NSGA-II_PC80,3.446000,0.058556908
NSGA-II_PC80,3.478000,0.058502392
NSGA-II_PC80,3.490000,0.058483858
NSGA-II_PC80,3.518000,0.058424047
NSGA-II_PC80,3.594000,0.058387174
NSGA-II_PC80,3.612000,0.058377596
NSGA-II_PC80,3.628000,0.058315978
NSGA-II_PC80,3.712000,0.058311093
NSGA-II_PC80,3.756000,0.058309961
NSGA-II_PC80,3.778000,0.058300784
NSGA-II_PC80,3.792000,0.058259760
NSGA-II_PC80,3.820000,0.058201687
NSGA-II_PC80,5.358000,0.058089037
NSGA-II_PC80,5.558000,0.057953270
NSGA-II_PC80,5.606000,0.057805259
NSGA-II_PC80,5.870000,0.057723222
NSGA-II_PC80,5.906000,0.057699644
NSGA-II_PC80,5.926000,0.057612417
NSGA-II_PC80,6.386000,0.057568081
NSGA-II_PC80,6.446000,0.057483052
NSGA-II_PC80,6.646000,0.057395459
NSGA-II_PC80,6.676000,0.057242235
SPEA-II_PC80,2.724000,0.061145381
SPEA-II_PC80,2.726000,0.060969007
SPEA-II_PC80,2.728000,0.060910967
SPEA-II_PC80,2.734000,0.060760750
SPEA-II_PC80,2.744000,0.060685771
SPEA-II_PC80,2.756000,0.060575918
SPEA-II_PC80,2.760000,0.060561132
SPEA-II_PC80,2.762000,0.060474285
SPEA-II_PC80,2.774000,0.060348145
SPEA-II_PC80,2.794000,0.060252503
SPEA-II_PC80,2.800000,0.060201215
SPEA-II_PC80,2.826000,0.060161394
SPEA-II_PC80,2.842000,0.060149482
SPEA-II_PC80,2.870000,0.060103195
SPEA-II_PC80,2.896000,0.060081213
SPEA-II_PC80,2.900000,0.060044604
SPEA-II_PC80,2.940000,0.060006338
SPEA-II_PC80,2.956000,0.059939602
SPEA-II_PC80,2.960000,0.059824159
SPEA-II_PC80,3.046000,0.059553775
SPEA-II_PC80,3.156000,0.059256165
SPEA-II_PC80,3.356000,0.059233066
SPEA-II_PC80,3.378000,0.058979744
SPEA-II_PC80,3.494000,0.058938565
SPEA-II_PC80,3.564000,0.058900635
SPEA-II_PC80,3.872000,0.058845870
SPEA-II_PC80,3.896000,0.058841075
SPEA-II_PC80,3.906000,0.058806685
SPEA-II_PC80,3.984000,0.058767780
SPEA-II_PC80,3.998000,0.058728239
SPEA-II_PC80,4.096000,0.058684363
SPEA-II_PC80,4.162000,0.058610299
SPEA-II_PC80,4.828000,0.058597614
SPEA-II_PC80,5.102000,0.058553732
SPEA-II_PC80,5.534000,0.058352677
AMOSA_PC80,3.176000,0.063881547
AMOSA_PC80,3.180000,0.063670808
AMOSA_PC80,3.200000,0.063340168
AMOSA_PC80,3.206000,0.063298890
AMOSA_PC80,3.214000,0.062936435
AMOSA_PC80,3.234000,0.062839593
AMOSA_PC80,3.262000,0.062704334
AMOSA_PC80,3.316000,0.062563072
AMOSA_PC80,3.334000,0.062191962
AMOSA_PC80,3.436000,0.062110123
AMOSA_PC80,3.490000,0.062003091
AMOSA_PC80,3.694000,0.061777089
AMOSA_PC80,3.768000,0.061738140
AMOSA_PC80,3.786000,0.061619414
AMOSA_PC80,3.814000,0.061520727
AMOSA_PC80,3.970000,0.061406999
AMOSA_PC80,4.384000,0.061397877
AMOSA_PC80,4.442000,0.061394401
AMOSA_PC80,4.460000,0.061389230
AMOSA_PC80,4.620000,0.061279630
AMOSA_PC80,9.046000,0.061255145
GA_WaitingTime_Dominance_PC75,2.534000,0.065402496
GA_WaitingTime_Dominance_PC75,2.536000,0.065278412
GA_WaitingTime_Dominance_PC75,2.548000,0.065237099
GA_WaitingTime_Dominance_PC75,2.560000,0.064812658
GA_WaitingTime_Dominance_PC75,2.638000,0.064719125
GA_WaitingTime_Dominance_PC75,2.640000,0.064579170
GA_WaitingTime_Dominance_PC75,2.648000,0.064576993
GA_WaitingTime_Dominance_PC75,2.650000,0.064473554
GA_WaitingTime_Dominance_PC75,2.668000,0.064305395
GA_WaitingTime_Dominance_PC75,2.728000,0.064300551
GA_WaitingTime_Dominance_PC75,2.732000,0.064285008
GA_WaitingTime_Dominance_PC75,2.734000,0.064247172
GA_WaitingTime_Dominance_PC75,2.740000,0.064212596
GA_WaitingTime_Dominance_PC75,2.756000,0.064071424
GA_WaitingTime_Dominance_PC75,4.076000,0.064057248
GA_WaitingTime_Dominance_PC75,4.130000,0.063977466
GA_WaitingTime_Dominance_PC75,4.156000,0.063956413
GA_WaitingTime_Dominance_PC75,4.216000,0.063836181
GA_WaitingTime_Dominance_PC75,7.478000,0.063828921
GA_Energy_Dominance_PC75,5.554000,0.063544523
GA_Energy_Dominance_PC75,5.582000,0.063447042
GA_Energy_Dominance_PC75,5.704000,0.063318554
GA_Energy_Dominance_PC75,5.742000,0.063180883
GA_Energy_Dominance_PC75,5.764000,0.062891185
GA_Energy_Dominance_PC75,5.968000,0.062888213
GA_Energy_Dominance_PC75,6.004000,0.062357252
GA_Energy_Dominance_PC75,6.118000,0.062286829
GA_Energy_Dominance_PC75,6.230000,0.062168934
GA_Energy_Dominance_PC75,6.338000,0.061944831
GA_Energy_Dominance_PC75,6.490000,0.061188642
GA_Energy_Dominance_PC75,6.630000,0.061172079
GA_Energy_Dominance_PC75,6.718000,0.061128079
GA_Energy_Dominance_PC75,6.734000,0.060565576
GA_Energy_Dominance_PC75,6.826000,0.060069271
GA_Energy_Dominance_PC75,6.860000,0.060057557
GA_Energy_Dominance_PC75,6.944000,0.060026199
GA_Energy_Dominance_PC75,6.946000,0.059849669
GA_Energy_Dominance_PC75,7.004000,0.059756232
GA_Energy_Dominance_PC75,7.116000,0.059483363
GA_Energy_Dominance_PC75,7.120000,0.059328710
GA_Energy_Dominance_PC75,7.280000,0.059248291
GA_Energy_Dominance_PC75,7.338000,0.059229183
GA_Energy_Dominance_PC75,7.358000,0.059002163
GA_Energy_Dominance_PC75,7.378000,0.058892279
GA_Energy_Dominance_PC75,7.436000,0.058794958
GA_Energy_Dominance_PC75,7.486000,0.058641482
GA_Energy_Dominance_PC75,7.542000,0.058523195
GA_Energy_Dominance_PC75,7.582000,0.058503866
GA_Energy_Dominance_PC75,7.586000,0.058432401
GA_Energy_Dominance_PC75,7.630000,0.058318406
GA_Energy_Dominance_PC75,7.750000,0.058301926
GA_Energy_Dominance_PC75,7.832000,0.058163039
GA_Energy_Dominance_PC75,7.864000,0.058115731
GA_Energy_Dominance_PC75,7.952000,0.057644070
GA_Energy_Dominance_PC75,8.136000,0.057434238
GA_Energy_Dominance_PC75,8.148000,0.057353604
GA_Energy_Dominance_PC75,8.226000,0.057347087
GA_Energy_Dominance_PC75,8.286000,0.057329900
GA_Energy_Dominance_PC75,8.362000,0.057321993
GA_Energy_Dominance_PC75,8.398000,0.057208307
GA_Energy_Dominance_PC75,8.436000,0.057163009
GA_Energy_Dominance_PC75,8.564000,0.057106259
GA_Energy_Dominance_PC75,8.602000,0.056879031
GA_Energy_Dominance_PC75,8.854000,0.056791903
GA_Energy_Dominance_PC75,8.898000,0.056755991
GA_Energy_Dominance_PC75,9.046000,0.056741062
GA_Energy_Dominance_PC75,9.100000,0.056705536
GA_Energy_Dominance_PC75,9.200000,0.056616796
GA_Energy_Dominance_PC75,9.250000,0.056584354
GA_Energy_Dominance_PC75,9.264000,0.056502304
GA_Energy_Dominance_PC75,9.328000,0.056468612
GA_Energy_Dominance_PC75,9.330000,0.056319908
GA_Energy_Dominance_PC75,9.402000,0.056308736
GA_Energy_Dominance_PC75,9.450000,0.056170369
GA_Energy_Dominance_PC75,9.608000,0.056101055
GA_Energy_Dominance_PC75,9.672000,0.055924680
GA_Energy_Dominance_PC75,9.756000,0.055921973
GA_Energy_Dominance_PC75,9.786000,0.055657419
GA_Energy_Dominance_PC75,9.922000,0.055624434
GA_Energy_Dominance_PC75,10.032000,0.055544834
GA_Energy_Dominance_PC75,10.106000,0.055422569
GA_Energy_Dominance_PC75,10.332000,0.055316886
GA_Energy_Dominance_PC75,10.414000,0.055280460
GA_Energy_Dominance_PC75,10.492000,0.055210616
GA_Energy_Dominance_PC75,10.586000,0.055138018
GA_Energy_Dominance_PC75,10.688000,0.055070957
GA_Energy_Dominance_PC75,10.764000,0.055037827
GA_Energy_Dominance_PC75,10.856000,0.054971027
GA_Energy_Dominance_PC75,10.928000,0.054950724
GA_Energy_Dominance_PC75,11.092000,0.054877549
GA_Energy_Dominance_PC75,11.144000,0.054784030
GA_Energy_Dominance_PC75,11.246000,0.054765113
GA_Energy_Dominance_PC75,11.352000,0.054733869
GA_Energy_Dominance_PC75,11.440000,0.054550971
GA_Energy_Dominance_PC75,11.646000,0.054549974
GA_Energy_Dominance_PC75,11.664000,0.054434894
GA_Energy_Dominance_PC75,11.688000,0.054221347
GA_Energy_Dominance_PC75,11.846000,0.054164460
GA_Energy_Dominance_PC75,11.968000,0.054129689
GA_Energy_Dominance_PC75,12.084000,0.053995424
GA_Energy_Dominance_PC75,12.298000,0.053944885
GA_Energy_Dominance_PC75,12.608000,0.053856901
GA_Energy_Dominance_PC75,12.710000,0.053826920
GA_Energy_Dominance_PC75,12.868000,0.053751388
GA_Energy_Dominance_PC75,12.980000,0.053736692
GA_Energy_Dominance_PC75,13.110000,0.053682003
GA_Energy_Dominance_PC75,13.126000,0.053558331
GA_Energy_Dominance_PC75,13.166000,0.053397088
GA_Energy_Dominance_PC75,13.322000,0.053353852
GA_Energy_Dominance_PC75,13.384000,0.053236790
GA_Energy_Dominance_PC75,13.524000,0.053224024
GA_Energy_Dominance_PC75,13.590000,0.052764275
GA_Energy_Dominance_PC75,13.700000,0.052761463
GA_Energy_Dominance_PC75,13.850000,0.052730230
GA_Energy_Dominance_PC75,14.012000,0.052678229
GA_Energy_Dominance_PC75,14.206000,0.052671700
GA_Energy_Dominance_PC75,14.410000,0.052632296
GA_Energy_Dominance_PC75,16.384000,0.052605718
GA_Energy_Dominance_PC75,16.552000,0.052467144
GA_Energy_Dominance_PC75,16.762000,0.052412398
GA_Energy_Dominance_PC75,16.902000,0.052248129
GA_Energy_Dominance_PC75,16.922000,0.052140122
GA_Energy_Dominance_PC75,17.100000,0.052013596
GA_Energy_Dominance_PC75,17.202000,0.051926544
GA_Energy_Dominance_PC75,17.450000,0.051903533
GA_Energy_Dominance_PC75,17.614000,0.051885944
GA_Energy_Dominance_PC75,17.764000,0.051865239
GA_Energy_Dominance_PC75,17.914000,0.051850123
GA_Energy_Dominance_PC75,18.594000,0.051831205
GA_Energy_Dominance_PC75,18.780000,0.051785402
GA_Energy_Dominance_PC75,18.922000,0.051749107
GA_Energy_Dominance_PC75,19.112000,0.051673843
GA_Energy_Dominance_PC75,19.402000,0.051637072
GA_Energy_Dominance_PC75,19.536000,0.051583847
GA_Energy_Dominance_PC75,19.784000,0.051553827
GA_Energy_Dominance_PC75,20.002000,0.051521850
GA_Energy_Dominance_PC75,20.290000,0.051498458
GA_Energy_Dominance_PC75,20.392000,0.051490467
GA_Energy_Dominance_PC75,20.576000,0.051470125
GA_Energy_Dominance_PC75,20.692000,0.051378520
GA_Energy_Dominance_PC75,20.946000,0.051367921
GA_Energy_Dominance_PC75,21.118000,0.051364087
GA_Energy_Dominance_PC75,21.136000,0.051313384
GA_Energy_Dominance_PC75,21.598000,0.051265161
GA_Energy_Dominance_PC75,21.890000,0.051195757
GA_Energy_Dominance_PC75,22.414000,0.051179693
GA_Energy_Dominance_PC75,22.642000,0.051117927
GA_Energy_Dominance_PC75,22.868000,0.051052655
GA_Energy_Dominance_PC75,23.070000,0.051013720
GA_Energy_Dominance_PC75,23.278000,0.050948132
GA_Energy_Dominance_PC75,23.522000,0.050915875
GA_Energy_Dominance_PC75,23.910000,0.050912379
GA_Energy_Dominance_PC75,24.432000,0.050907150
GA_Energy_Dominance_PC75,24.612000,0.050822004
GA_Energy_Dominance_PC75,24.808000,0.050804873
GA_Energy_Dominance_PC75,25.116000,0.050763984
GA_Energy_Dominance_PC75,25.330000,0.050718557
SA_WaitingTime_Dominance_PC75,2.446000,0.065040412
SA_WaitingTime_Dominance_PC75,2.454000,0.064892474
SA_WaitingTime_Dominance_PC75,2.462000,0.064834274
SA_WaitingTime_Dominance_PC75,2.482000,0.064282009
SA_WaitingTime_Dominance_PC75,2.492000,0.064279595
SA_WaitingTime_Dominance_PC75,2.498000,0.064174409
SA_WaitingTime_Dominance_PC75,2.562000,0.063848676
SA_WaitingTime_Dominance_PC75,2.576000,0.063806571
SA_WaitingTime_Dominance_PC75,2.634000,0.063759347
SA_WaitingTime_Dominance_PC75,2.642000,0.063740570
SA_WaitingTime_Dominance_PC75,2.644000,0.063708642
SA_WaitingTime_Dominance_PC75,2.666000,0.063495158
SA_WaitingTime_Dominance_PC75,3.392000,0.063465112
SA_WaitingTime_Dominance_PC75,3.406000,0.063456176
SA_Energy_Dominance_PC75,5.100000,0.064522512
SA_Energy_Dominance_PC75,5.116000,0.064503928
SA_Energy_Dominance_PC75,5.162000,0.064464097
SA_Energy_Dominance_PC75,5.164000,0.064210440
SA_Energy_Dominance_PC75,5.172000,0.063836933
SA_Energy_Dominance_PC75,5.262000,0.063747374
SA_Energy_Dominance_PC75,5.326000,0.063711742
SA_Energy_Dominance_PC75,5.808000,0.063691472
SA_Energy_Dominance_PC75,5.818000,0.063637114
SA_Energy_Dominance_PC75,6.120000,0.063357490
SA_Energy_Dominance_PC75,6.134000,0.063080195
SA_Energy_Dominance_PC75,6.150000,0.063008081
SA_Energy_Dominance_PC75,6.190000,0.062809426
SA_Energy_Dominance_PC75,6.202000,0.062742989
SA_Energy_Dominance_PC75,6.224000,0.062740633
SA_Energy_Dominance_PC75,6.248000,0.062700884
SA_Energy_Dominance_PC75,6.260000,0.062683110
SA_Energy_Dominance_PC75,6.272000,0.062659271
SA_Energy_Dominance_PC75,6.664000,0.062494428
SA_Energy_Dominance_PC75,6.748000,0.062464795
SA_Energy_Dominance_PC75,6.768000,0.062440577
SA_Energy_Dominance_PC75,6.782000,0.062139608
SA_Energy_Dominance_PC75,7.144000,0.061890862
SA_Energy_Dominance_PC75,7.196000,0.061837854
SA_Energy_Dominance_PC75,7.230000,0.061820930
SA_Energy_Dominance_PC75,7.296000,0.061732587
SA_Energy_Dominance_PC75,7.308000,0.061728734
SA_Energy_Dominance_PC75,7.384000,0.061707681
SA_Energy_Dominance_PC75,7.394000,0.061574713
SA_Energy_Dominance_PC75,7.412000,0.061569156
SA_Energy_Dominance_PC75,7.528000,0.061525124
SA_Energy_Dominance_PC75,7.538000,0.061467636
SA_Energy_Dominance_PC75,7.578000,0.061452905
SA_Energy_Dominance_PC75,7.658000,0.061443684
SA_Energy_Dominance_PC75,7.686000,0.061403866
SA_Energy_Dominance_PC75,7.720000,0.061391988
SA_Energy_Dominance_PC75,8.016000,0.061390820
SA_Energy_Dominance_PC75,8.126000,0.061265336
SA_Energy_Dominance_PC75,8.172000,0.059301523
SA_Energy_Dominance_PC75,8.356000,0.059217587
SA_Energy_Dominance_PC75,8.494000,0.059169986
SA_Energy_Dominance_PC75,8.524000,0.059123995
SA_Energy_Dominance_PC75,8.710000,0.059093285
SA_Energy_Dominance_PC75,8.828000,0.058816424
SA_Energy_Dominance_PC75,8.928000,0.058503964
SA_Energy_Dominance_PC75,8.964000,0.058503431
SA_Energy_Dominance_PC75,8.996000,0.058458562
SA_Energy_Dominance_PC75,9.028000,0.058437510
SA_Energy_Dominance_PC75,9.128000,0.058129879
SA_Energy_Dominance_PC75,9.266000,0.058028767
SA_Energy_Dominance_PC75,9.312000,0.058022624
SA_Energy_Dominance_PC75,9.356000,0.058009861
SA_Energy_Dominance_PC75,9.430000,0.057863933
SA_Energy_Dominance_PC75,9.488000,0.057849725
SA_Energy_Dominance_PC75,9.498000,0.057158880
SA_Energy_Dominance_PC75,9.590000,0.057126300
SA_Energy_Dominance_PC75,9.624000,0.057109756
SA_Energy_Dominance_PC75,9.658000,0.057074321
SA_Energy_Dominance_PC75,9.730000,0.057054349
SA_Energy_Dominance_PC75,9.786000,0.057024776
SA_Energy_Dominance_PC75,9.836000,0.057009245
SA_Energy_Dominance_PC75,10.014000,0.057006180
SA_Energy_Dominance_PC75,10.080000,0.056998190
SA_Energy_Dominance_PC75,10.232000,0.056972136
SA_Energy_Dominance_PC75,10.342000,0.056962885
SA_Energy_Dominance_PC75,10.430000,0.056884392
SA_Energy_Dominance_PC75,10.512000,0.056859617
SA_Energy_Dominance_PC75,10.642000,0.056750498
SA_Energy_Dominance_PC75,10.936000,0.056659411
SA_Energy_Dominance_PC75,10.988000,0.056568375
SA_Energy_Dominance_PC75,11.082000,0.056540544
SA_Energy_Dominance_PC75,11.172000,0.056503990
SA_Energy_Dominance_PC75,11.326000,0.056501143
SA_Energy_Dominance_PC75,11.456000,0.056430437
SA_Energy_Dominance_PC75,11.524000,0.056367279
SA_Energy_Dominance_PC75,11.620000,0.056269269
SA_Energy_Dominance_PC75,11.864000,0.056144621
SA_Energy_Dominance_PC75,11.892000,0.056057422
SA_Energy_Dominance_PC75,11.986000,0.056029026
SA_Energy_Dominance_PC75,12.322000,0.056026839
SA_Energy_Dominance_PC75,12.420000,0.055911516
SA_Energy_Dominance_PC75,12.496000,0.055860576
SA_Energy_Dominance_PC75,12.568000,0.055858980
SA_Energy_Dominance_PC75,12.630000,0.055820207
SA_Energy_Dominance_PC75,12.712000,0.055638360
SA_Energy_Dominance_PC75,12.848000,0.055627436
SA_Energy_Dominance_PC75,12.912000,0.055425148
SA_Energy_Dominance_PC75,12.942000,0.055331102
SA_Energy_Dominance_PC75,13.000000,0.052932712
SA_Energy_Dominance_PC75,13.192000,0.052918427
SA_Energy_Dominance_PC75,13.296000,0.052916168
SA_Energy_Dominance_PC75,13.540000,0.052903062
SA_Energy_Dominance_PC75,16.080000,0.052801375
SA_Energy_Dominance_PC75,16.148000,0.052612377
SA_Energy_Dominance_PC75,16.336000,0.052553810
SA_Energy_Dominance_PC75,16.490000,0.052553443
SA_Energy_Dominance_PC75,16.616000,0.052544933
SA_Energy_Dominance_PC75,16.742000,0.052542915
SA_Energy_Dominance_PC75,17.026000,0.052540494
SA_Energy_Dominance_PC75,17.190000,0.052538073
SA_Energy_Dominance_PC75,17.552000,0.052418613
SA_Energy_Dominance_PC75,17.698000,0.052383964
SA_Energy_Dominance_PC75,17.900000,0.052351169
SA_Energy_Dominance_PC75,18.748000,0.052256221
SA_Energy_Dominance_PC75,18.958000,0.052247483
SA_Energy_Dominance_PC75,19.190000,0.052072852
SA_Energy_Dominance_PC75,19.394000,0.051883307
SA_Energy_Dominance_PC75,19.536000,0.051591571
SA_Energy_Dominance_PC75,19.714000,0.051549643
SA_Energy_Dominance_PC75,23.110000,0.051345636
SA_Energy_Dominance_PC75,23.424000,0.051323984
SA_Energy_Dominance_PC75,23.602000,0.051319005
SA_Energy_Dominance_PC75,23.908000,0.051316987
SA_Energy_Dominance_PC75,25.564000,0.050450841
SA_Energy_Dominance_PC75,25.962000,0.050412911
SA_Energy_Dominance_PC75,26.292000,0.050396040
SA_Energy_Dominance_PC75,26.738000,0.050394022
NSGA-II_PC75,3.558000,0.061957702
NSGA-II_PC75,3.604000,0.061799837
NSGA-II_PC75,3.612000,0.061045561
NSGA-II_PC75,3.664000,0.060361564
NSGA-II_PC75,3.802000,0.060338088
NSGA-II_PC75,3.814000,0.060229107
NSGA-II_PC75,3.896000,0.060194112
NSGA-II_PC75,3.914000,0.060142241
NSGA-II_PC75,3.928000,0.060063272
NSGA-II_PC75,3.956000,0.059960120
NSGA-II_PC75,3.984000,0.059944133
NSGA-II_PC75,4.026000,0.059905782
NSGA-II_PC75,4.068000,0.059839279
NSGA-II_PC75,4.112000,0.059722427
NSGA-II_PC75,4.142000,0.059634288
NSGA-II_PC75,4.162000,0.059567849
NSGA-II_PC75,4.202000,0.059421389
NSGA-II_PC75,4.288000,0.059349993
NSGA-II_PC75,4.300000,0.059160504
NSGA-II_PC75,4.492000,0.059129750
NSGA-II_PC75,4.498000,0.058996853
NSGA-II_PC75,4.558000,0.058996082
NSGA-II_PC75,4.666000,0.058965326
NSGA-II_PC75,4.716000,0.058912817
NSGA-II_PC75,4.776000,0.058837041
NSGA-II_PC75,4.844000,0.058741049
NSGA-II_PC75,4.872000,0.058651463
NSGA-II_PC75,4.904000,0.058536427
NSGA-II_PC75,5.144000,0.058472031
NSGA-II_PC75,5.272000,0.058453578
NSGA-II_PC75,5.352000,0.058435834
NSGA-II_PC75,5.374000,0.058276789
NSGA-II_PC75,5.496000,0.058189053
NSGA-II_PC75,5.614000,0.058110406
NSGA-II_PC75,5.764000,0.058026367
NSGA-II_PC75,5.896000,0.057932590
NSGA-II_PC75,6.162000,0.057799367
NSGA-II_PC75,6.186000,0.057735602
NSGA-II_PC75,6.296000,0.057721285
NSGA-II_PC75,6.340000,0.057659482
NSGA-II_PC75,6.470000,0.057538481
NSGA-II_PC75,6.552000,0.057458873
NSGA-II_PC75,6.614000,0.057415803
NSGA-II_PC75,6.900000,0.057320466
NSGA-II_PC75,6.956000,0.057250364
NSGA-II_PC75,7.678000,0.057241136
NSGA-II_PC75,7.706000,0.057177676
NSGA-II_PC75,7.772000,0.057175377
NSGA-II_PC75,7.926000,0.057085077
NSGA-II_PC75,8.142000,0.056925548
SPEA-II_PC75,3.420000,0.060349350
SPEA-II_PC75,3.426000,0.060190790
SPEA-II_PC75,3.458000,0.060168982
SPEA-II_PC75,3.472000,0.060148283
SPEA-II_PC75,3.488000,0.060048733
SPEA-II_PC75,3.500000,0.060028163
SPEA-II_PC75,3.526000,0.059983025
SPEA-II_PC75,3.532000,0.059864633
SPEA-II_PC75,3.562000,0.059698009
SPEA-II_PC75,3.598000,0.059583317
SPEA-II_PC75,3.666000,0.059535402
SPEA-II_PC75,3.702000,0.059403294
SPEA-II_PC75,3.716000,0.059309322
SPEA-II_PC75,3.758000,0.059246930
SPEA-II_PC75,3.866000,0.059064421
SPEA-II_PC75,3.944000,0.059057883
SPEA-II_PC75,4.046000,0.059047007
SPEA-II_PC75,4.052000,0.059018043
SPEA-II_PC75,4.068000,0.058943183
SPEA-II_PC75,4.094000,0.058926445
SPEA-II_PC75,4.126000,0.058908088
SPEA-II_PC75,4.146000,0.058808266
SPEA-II_PC75,4.220000,0.058801372
SPEA-II_PC75,4.226000,0.058754562
SPEA-II_PC75,4.290000,0.058736675
SPEA-II_PC75,4.302000,0.058674903
SPEA-II_PC75,4.304000,0.058605803
SPEA-II_PC75,4.438000,0.058575462
SPEA-II_PC75,4.790000,0.058544144
SPEA-II_PC75,4.864000,0.058490791
SPEA-II_PC75,4.910000,0.058389237
SPEA-II_PC75,5.148000,0.058385140
SPEA-II_PC75,5.294000,0.058346320
SPEA-II_PC75,5.322000,0.058322187
SPEA-II_PC75,5.350000,0.058179043
SPEA-II_PC75,5.404000,0.058164002
AMOSA_PC75,4.468000,0.063784792
AMOSA_PC75,4.552000,0.063657957
AMOSA_PC75,4.554000,0.063489611
AMOSA_PC75,4.572000,0.063299019
AMOSA_PC75,4.792000,0.063104043
AMOSA_PC75,4.882000,0.062964231
AMOSA_PC75,4.930000,0.062942817
AMOSA_PC75,5.000000,0.062367225
AMOSA_PC75,5.180000,0.062214080
AMOSA_PC75,5.204000,0.062190392
AMOSA_PC75,5.238000,0.062183365
AMOSA_PC75,5.298000,0.062099804
AMOSA_PC75,5.312000,0.061904895
AMOSA_PC75,5.494000,0.061808277
AMOSA_PC75,5.560000,0.061770706
AMOSA_PC75,5.606000,0.061750478
AMOSA_PC75,5.628000,0.061439534
AMOSA_PC75,5.692000,0.061321239
AMOSA_PC75,5.714000,0.061144002
AMOSA_PC75,5.812000,0.060931080
AMOSA_PC75,6.130000,0.060690599
AMOSA_PC75,6.742000,0.060673155
AMOSA_PC75,6.830000,0.060578315
AMOSA_PC75,6.882000,0.060495995
AMOSA_PC75,6.894000,0.060392733
AMOSA_PC75,7.126000,0.060390253
AMOSA_PC75,7.362000,0.060375323
AMOSA_PC75,7.380000,0.060267160
AMOSA_PC75,7.556000,0.060172932
AMOSA_PC75,7.600000,0.060040368
AMOSA_PC75,7.878000,0.059963377
AMOSA_PC75,8.064000,0.059640398
AMOSA_PC75,8.216000,0.059637342
AMOSA_PC75,8.304000,0.059621080
AMOSA_PC75,8.370000,0.059524937
AMOSA_PC75,8.398000,0.059450018
AMOSA_PC75,8.724000,0.059328703
AMOSA_PC75,8.782000,0.059296387
AMOSA_PC75,8.882000,0.059201878
