Scenario,ScenarioName,Algorithm,Seed,HV,GD,IGD,Spacing,NonDomSolutions,ParetoContribution,TimeMs,WaitingTime_Best,Energy_Best
1,Balanced,GA_WaitingTime_Dominance,200,0.142155,0.003271,0.605519,0.004888,11,5,3405,2.034000,0.062984048
1,Balanced,GA_WaitingTime_Dominance,201,0.131300,0.004118,0.618837,0.002200,8,0,3931,2.070000,0.063186210
1,Balanced,GA_WaitingTime_Dominance,202,0.141879,0.004383,0.607395,0.002887,12,0,4360,2.054000,0.062987047
1,Balanced,GA_WaitingTime_Dominance,203,0.137116,0.009861,0.609922,0.001901,15,0,4323,2.102000,0.063071110
1,Balanced,GA_WaitingTime_Dominance,204,0.154396,0.000622,0.600558,0.004604,7,5,4717,2.060000,0.062751894
1,Balanced,GA_WaitingTime_Dominance,205,0.152744,0.001114,0.606158,0.001878,8,2,4167,2.048000,0.062784192
1,Balanced,GA_WaitingTime_Dominance,206,0.124352,0.017590,0.610000,0.013952,9,0,4083,2.046000,0.063314733
1,Balanced,GA_WaitingTime_Dominance,207,0.133832,0.016575,0.605365,0.002632,14,0,4117,2.040000,0.063133772
1,Balanced,GA_WaitingTime_Dominance,208,0.142434,0.002155,0.614177,0.001925,6,0,4034,2.094000,0.062974361
1,Balanced,GA_WaitingTime_Dominance,209,0.143684,0.002512,0.612406,0.001776,9,0,4424,2.082000,0.062951770
1,Balanced,GA_WaitingTime_Dominance,MEAN,0.140389,0.006220,0.609034,0.003864,,12,4156,2.034000,0.062751894
1,Balanced,GA_Energy_Dominance,200,0.670386,0.045670,0.074133,0.007008,81,15,5726,4.386000,0.047749904
1,Balanced,GA_Energy_Dominance,201,0.663752,0.047912,0.076761,0.007900,84,14,5686,4.246000,0.047668823
1,Balanced,GA_Energy_Dominance,202,0.660903,0.043927,0.087056,0.008122,91,12,5249,4.372000,0.048578448
1,Balanced,GA_Energy_Dominance,203,0.631744,0.070261,0.099524,0.006291,90,14,4070,4.606000,0.046981777
1,Balanced,GA_Energy_Dominance,204,0.659463,0.050388,0.085499,0.010147,86,0,3755,4.412000,0.048884587
1,Balanced,GA_Energy_Dominance,205,0.574173,0.078927,0.181383,0.015186,90,13,4653,4.236000,0.052799077
1,Balanced,GA_Energy_Dominance,206,0.639703,0.069247,0.110021,0.005822,88,0,5602,4.220000,0.049510916
1,Balanced,GA_Energy_Dominance,207,0.621824,0.083025,0.102440,0.008924,75,2,5700,4.192000,0.047260939
1,Balanced,GA_Energy_Dominance,208,0.659955,0.053198,0.090987,0.006079,104,12,5284,4.166000,0.049962177
1,Balanced,GA_Energy_Dominance,209,0.638501,0.073054,0.096919,0.006808,105,0,4763,4.526000,0.047435093
1,Balanced,GA_Energy_Dominance,MEAN,0.642040,0.061561,0.100472,0.008229,,82,5048,4.166000,0.046981777
1,Balanced,SA_WaitingTime_Dominance,200,0.111274,0.021724,0.617569,0.008665,16,0,1763,1.840000,0.063574826
1,Balanced,SA_WaitingTime_Dominance,201,0.114541,0.027414,0.612320,0.003509,28,0,1764,1.862000,0.063442500
1,Balanced,SA_WaitingTime_Dominance,202,0.106507,0.028462,0.620053,0.002841,20,6,1751,1.838000,0.063602724
1,Balanced,SA_WaitingTime_Dominance,203,0.109426,0.019463,0.619558,0.002238,19,8,2626,1.926000,0.063574826
1,Balanced,SA_WaitingTime_Dominance,204,0.116659,0.024241,0.614287,0.001654,30,0,2864,1.838000,0.063565358
1,Balanced,SA_WaitingTime_Dominance,205,0.113478,0.015808,0.616501,0.001626,34,0,2688,1.908000,0.063567351
1,Balanced,SA_WaitingTime_Dominance,206,0.107400,0.012373,0.619554,0.001313,28,4,2725,1.824000,0.063589900
1,Balanced,SA_WaitingTime_Dominance,207,0.110490,0.008008,0.617442,0.001109,21,3,2616,1.888000,0.063546807
1,Balanced,SA_WaitingTime_Dominance,208,0.140138,0.030510,0.603974,0.001993,34,0,2591,1.842000,0.063603419
1,Balanced,SA_WaitingTime_Dominance,209,0.143719,0.035376,0.599782,0.005080,38,0,2599,1.880000,0.063457154
1,Balanced,SA_WaitingTime_Dominance,MEAN,0.117363,0.022338,0.614104,0.003003,,21,2398,1.824000,0.063442500
1,Balanced,SA_Energy_Dominance,200,0.555170,0.143108,0.174849,0.003361,110,0,3125,4.566000,0.050847613
1,Balanced,SA_Energy_Dominance,201,0.582056,0.112980,0.170368,0.003279,137,0,3035,4.242000,0.051295725
1,Balanced,SA_Energy_Dominance,202,0.515850,0.106418,0.276849,0.002442,84,0,3227,4.412000,0.054376439
1,Balanced,SA_Energy_Dominance,203,0.526544,0.143782,0.204595,0.004345,107,0,3446,4.486000,0.052710786
1,Balanced,SA_Energy_Dominance,204,0.538653,0.116124,0.241043,0.003905,100,4,3249,4.214000,0.053534331
1,Balanced,SA_Energy_Dominance,205,0.511797,0.107506,0.264203,0.002500,109,0,3025,4.188000,0.054317863
1,Balanced,SA_Energy_Dominance,206,0.514012,0.126746,0.243719,0.002790,90,0,2940,4.432000,0.053821174
1,Balanced,SA_Energy_Dominance,207,0.549530,0.125128,0.200119,0.002999,121,0,3091,4.424000,0.052416109
1,Balanced,SA_Energy_Dominance,208,0.547057,0.126506,0.181411,0.003993,96,0,3324,4.694000,0.052000040
1,Balanced,SA_Energy_Dominance,209,0.586825,0.095366,0.177690,0.002671,113,0,3603,4.522000,0.051879974
1,Balanced,SA_Energy_Dominance,MEAN,0.542749,0.120366,0.213484,0.003228,,4,3206,4.188000,0.050847613
1,Balanced,NSGA-II,200,0.571962,0.014165,0.273131,0.004257,51,1,9894,2.846000,0.054302705
1,Balanced,NSGA-II,201,0.579581,0.006805,0.291649,0.005065,46,16,9124,3.154000,0.054138843
1,Balanced,NSGA-II,202,0.538144,0.017223,0.295343,0.003817,45,0,8399,2.864000,0.055058038
1,Balanced,NSGA-II,203,0.546826,0.010015,0.310181,0.004958,45,5,8883,2.832000,0.054895623
1,Balanced,NSGA-II,204,0.530475,0.012201,0.313012,0.003776,43,0,8824,2.984000,0.055220431
1,Balanced,NSGA-II,205,0.546535,0.006896,0.303361,0.003209,49,5,8549,2.936000,0.054929030
1,Balanced,NSGA-II,206,0.555268,0.011189,0.304149,0.002837,45,0,8666,2.892000,0.054732457
1,Balanced,NSGA-II,207,0.529557,0.019283,0.307122,0.005250,41,0,8484,2.896000,0.055214503
1,Balanced,NSGA-II,208,0.524666,0.015473,0.317083,0.004315,43,0,8579,2.958000,0.055322881
1,Balanced,NSGA-II,209,0.520360,0.004213,0.333067,0.002913,43,21,6106,2.924000,0.055487391
1,Balanced,NSGA-II,MEAN,0.544337,0.011746,0.304810,0.004040,,48,8550,2.832000,0.054138843
1,Balanced,SPEA-II,200,0.449896,0.017746,0.376475,0.001529,41,0,6526,2.698000,0.056907542
1,Balanced,SPEA-II,201,0.423113,0.020279,0.391816,0.001254,47,0,6349,2.700000,0.057414416
1,Balanced,SPEA-II,202,0.519627,0.017988,0.325700,0.005747,48,0,7118,2.756000,0.055456686
1,Balanced,SPEA-II,203,0.318629,0.017144,0.469938,0.002471,29,0,9054,2.694000,0.059510545
1,Balanced,SPEA-II,204,0.504875,0.001557,0.357050,0.003702,39,21,10078,2.670000,0.055871902
1,Balanced,SPEA-II,205,0.545179,0.023650,0.295055,0.005376,55,0,10073,2.730000,0.054879529
1,Balanced,SPEA-II,206,0.477399,0.007825,0.368364,0.002170,38,4,9139,2.706000,0.056394379
1,Balanced,SPEA-II,207,0.476911,0.027954,0.338183,0.006762,41,0,9640,2.740000,0.056315091
1,Balanced,SPEA-II,208,0.384195,0.020888,0.421063,0.002318,39,0,9484,2.718000,0.058195897
1,Balanced,SPEA-II,209,0.468478,0.017063,0.361267,0.003359,46,1,9807,2.624000,0.056561360
1,Balanced,SPEA-II,MEAN,0.456830,0.017209,0.370491,0.003469,,26,8726,2.624000,0.054879529
1,Balanced,AMOSA,200,0.227153,0.036148,0.520490,0.015156,12,0,8136,3.142000,0.061194796
1,Balanced,AMOSA,201,0.229847,0.047029,0.506287,0.003097,26,0,8114,3.094000,0.061119856
1,Balanced,AMOSA,202,0.239820,0.042491,0.505568,0.006484,15,0,5791,3.050000,0.060948966
1,Balanced,AMOSA,203,0.234179,0.043183,0.504308,0.007757,19,0,5300,3.142000,0.061038412
1,Balanced,AMOSA,204,0.262995,0.042406,0.481187,0.004334,23,0,5407,3.150000,0.060455376
1,Balanced,AMOSA,205,0.217364,0.033593,0.520077,0.006995,22,0,5310,3.036000,0.061397185
1,Balanced,AMOSA,206,0.271648,0.054924,0.464018,0.009537,26,0,5327,3.076000,0.060271737
1,Balanced,AMOSA,207,0.231191,0.050482,0.508101,0.004009,26,0,5258,3.108000,0.061097760
1,Balanced,AMOSA,208,0.245834,0.047179,0.501002,0.003047,22,0,5352,3.152000,0.060809655
1,Balanced,AMOSA,209,0.260491,0.037243,0.493177,0.006115,17,0,5239,3.126000,0.060546388
1,Balanced,AMOSA,MEAN,0.242052,0.043468,0.500421,0.006653,,0,5923,3.036000,0.060271737
1,Balanced,GA_WaitingTime_Dominance_PC90,200,0.117884,0.042840,0.611912,0.005010,9,0,11272,2.948000,0.063361226
1,Balanced,GA_WaitingTime_Dominance_PC90,201,0.111282,0.038057,0.619408,0.003416,9,0,9838,2.926000,0.063495555
1,Balanced,GA_WaitingTime_Dominance_PC90,202,0.124112,0.037274,0.606289,0.011835,7,0,9482,3.004000,0.063240226
1,Balanced,GA_WaitingTime_Dominance_PC90,203,0.116660,0.044626,0.612864,0.011339,10,0,9654,3.150000,0.063373840
1,Balanced,GA_WaitingTime_Dominance_PC90,204,0.123468,0.035093,0.611593,0.008749,5,0,9466,2.952000,0.063258145
1,Balanced,GA_WaitingTime_Dominance_PC90,205,0.118169,0.038171,0.614558,0.003242,7,0,7323,2.918000,0.063359975
1,Balanced,GA_WaitingTime_Dominance_PC90,206,0.121654,0.030221,0.609698,0.005112,9,0,6868,2.550000,0.063314733
1,Balanced,GA_WaitingTime_Dominance_PC90,207,0.130616,0.031330,0.605353,0.002709,14,0,6965,2.754000,0.063133772
1,Balanced,GA_WaitingTime_Dominance_PC90,208,0.129860,0.031379,0.606103,0.009767,12,0,6870,2.686000,0.063151171
1,Balanced,GA_WaitingTime_Dominance_PC90,209,0.128395,0.034191,0.606517,0.002738,8,0,7876,2.752000,0.063176347
1,Balanced,GA_WaitingTime_Dominance_PC90,MEAN,0.122210,0.036318,0.610429,0.006392,,0,8561,2.550000,0.063133772
1,Balanced,GA_Energy_Dominance_PC90,200,0.670386,0.045670,0.074133,0.007008,81,15,8546,4.386000,0.047749904
1,Balanced,GA_Energy_Dominance_PC90,201,0.663660,0.046878,0.076764,0.008037,83,14,7862,4.246000,0.047668823
1,Balanced,GA_Energy_Dominance_PC90,202,0.660437,0.044885,0.087395,0.007870,92,12,9936,4.372000,0.048578448
1,Balanced,GA_Energy_Dominance_PC90,203,0.631560,0.070332,0.099524,0.006274,90,14,11233,4.606000,0.046981777
1,Balanced,GA_Energy_Dominance_PC90,204,0.659338,0.053324,0.085505,0.010024,89,0,10758,4.412000,0.048884587
1,Balanced,GA_Energy_Dominance_PC90,205,0.573716,0.079025,0.190439,0.005447,96,14,10401,4.362000,0.052799077
1,Balanced,GA_Energy_Dominance_PC90,206,0.639703,0.069247,0.110021,0.005822,88,0,10599,4.220000,0.049510916
1,Balanced,GA_Energy_Dominance_PC90,207,0.621210,0.082190,0.102505,0.010785,72,2,10878,4.192000,0.047260939
1,Balanced,GA_Energy_Dominance_PC90,208,0.659955,0.053198,0.090987,0.006079,104,12,11210,4.166000,0.049962177
1,Balanced,GA_Energy_Dominance_PC90,209,0.638445,0.072085,0.096919,0.006780,104,0,10896,4.526000,0.047435093
1,Balanced,GA_Energy_Dominance_PC90,MEAN,0.641841,0.061684,0.101419,0.007413,,83,10231,4.166000,0.046981777
1,Balanced,SA_WaitingTime_Dominance_PC90,200,0.105861,0.046854,0.622554,0.000790,6,0,6900,3.312000,0.063574826
1,Balanced,SA_WaitingTime_Dominance_PC90,201,0.148158,0.052343,0.597010,0.007762,11,0,7214,3.136000,0.063450371
1,Balanced,SA_WaitingTime_Dominance_PC90,202,0.104413,0.047845,0.623054,0.003313,11,0,6550,3.246000,0.063602724
1,Balanced,SA_WaitingTime_Dominance_PC90,203,0.118209,0.042118,0.615136,0.006181,12,0,7018,2.500000,0.063574826
1,Balanced,SA_WaitingTime_Dominance_PC90,204,0.137988,0.051409,0.605382,0.002096,12,0,6724,3.354000,0.063565358
1,Balanced,SA_WaitingTime_Dominance_PC90,205,0.116830,0.038299,0.615918,0.091821,3,0,6981,2.280000,0.063567351
1,Balanced,SA_WaitingTime_Dominance_PC90,206,0.104827,0.048631,0.623076,0.002747,5,0,6797,3.392000,0.063589900
1,Balanced,SA_WaitingTime_Dominance_PC90,207,0.159436,0.056502,0.595097,0.005624,8,0,6858,3.042000,0.063546807
1,Balanced,SA_WaitingTime_Dominance_PC90,208,0.146311,0.041398,0.601337,0.006479,17,0,7154,2.350000,0.063603419
1,Balanced,SA_WaitingTime_Dominance_PC90,209,0.111677,0.048007,0.616797,0.015072,6,0,6793,3.328000,0.063457154
1,Balanced,SA_WaitingTime_Dominance_PC90,MEAN,0.125371,0.047341,0.611536,0.014189,,0,6898,2.280000,0.063450371
1,Balanced,SA_Energy_Dominance_PC90,200,0.552278,0.138243,0.176417,0.003068,93,0,6974,4.566000,0.050847613
1,Balanced,SA_Energy_Dominance_PC90,201,0.581505,0.116767,0.170389,0.003404,114,0,6998,4.242000,0.051295725
1,Balanced,SA_Energy_Dominance_PC90,202,0.514698,0.106273,0.275877,0.004250,64,0,7004,4.434000,0.054376439
1,Balanced,SA_Energy_Dominance_PC90,203,0.523958,0.140068,0.204697,0.004927,87,0,7744,4.486000,0.052710786
1,Balanced,SA_Energy_Dominance_PC90,204,0.537323,0.115789,0.240804,0.003894,87,4,7813,4.354000,0.053534331
1,Balanced,SA_Energy_Dominance_PC90,205,0.510623,0.107972,0.265102,0.004374,81,0,6919,4.216000,0.054317863
1,Balanced,SA_Energy_Dominance_PC90,206,0.513424,0.124704,0.243807,0.002730,76,0,6852,4.444000,0.053821174
1,Balanced,SA_Energy_Dominance_PC90,207,0.549044,0.125366,0.200279,0.003111,119,0,7089,4.424000,0.052416109
1,Balanced,SA_Energy_Dominance_PC90,208,0.547057,0.126506,0.181411,0.003993,96,0,6798,4.694000,0.052000040
1,Balanced,SA_Energy_Dominance_PC90,209,0.585698,0.093688,0.177804,0.002647,104,0,6922,4.542000,0.051879974
1,Balanced,SA_Energy_Dominance_PC90,MEAN,0.541561,0.119538,0.213659,0.003640,,4,7111,4.216000,0.050847613
1,Balanced,NSGA-II_PC90,200,0.509195,0.017720,0.326706,0.006694,33,0,13426,2.990000,0.055647591
1,Balanced,NSGA-II_PC90,201,0.370319,0.025509,0.417978,0.002367,37,0,13240,2.932000,0.058414091
1,Balanced,NSGA-II_PC90,202,0.546663,0.016595,0.292502,0.002372,50,0,13363,3.022000,0.054841768
1,Balanced,NSGA-II_PC90,203,0.566987,0.008782,0.277240,0.002807,49,4,13457,2.992000,0.054455097
1,Balanced,NSGA-II_PC90,204,0.482654,0.009433,0.347322,0.004281,34,0,13689,2.904000,0.056236008
1,Balanced,NSGA-II_PC90,205,0.561714,0.022060,0.257915,0.004744,44,0,13609,3.128000,0.054447199
1,Balanced,NSGA-II_PC90,206,0.563085,0.011859,0.283559,0.003750,43,0,14051,3.022000,0.054506153
1,Balanced,NSGA-II_PC90,207,0.457116,0.021848,0.359243,0.028087,31,0,13667,3.012000,0.056705548
1,Balanced,NSGA-II_PC90,208,0.534663,0.015254,0.315976,0.003646,47,0,13851,2.932000,0.055119854
1,Balanced,NSGA-II_PC90,209,0.520026,0.015377,0.320324,0.003281,44,0,13700,2.846000,0.055445364
1,Balanced,NSGA-II_PC90,MEAN,0.511242,0.016444,0.319876,0.006203,,4,13605,2.846000,0.054447199
1,Balanced,SPEA-II_PC90,200,0.473057,0.016412,0.354483,0.007737,37,0,15062,2.810000,0.056403903
1,Balanced,SPEA-II_PC90,201,0.495861,0.024514,0.329248,0.002855,44,0,14425,2.716000,0.055965123
1,Balanced,SPEA-II_PC90,202,0.498448,0.011164,0.349601,0.002835,38,2,15355,2.822000,0.055946152
1,Balanced,SPEA-II_PC90,203,0.500455,0.021653,0.340591,0.005034,40,0,15428,2.908000,0.055824849
1,Balanced,SPEA-II_PC90,204,0.426908,0.014265,0.400991,0.002572,30,0,15644,2.722000,0.057377984
1,Balanced,SPEA-II_PC90,205,0.442303,0.017347,0.371781,0.002728,46,0,15014,2.874000,0.057021924
1,Balanced,SPEA-II_PC90,206,0.497647,0.014055,0.341750,0.004851,39,0,14438,2.876000,0.055910304
1,Balanced,SPEA-II_PC90,207,0.435889,0.008689,0.398167,0.001052,33,0,14299,2.854000,0.057188966
1,Balanced,SPEA-II_PC90,208,0.464581,0.008559,0.371307,0.002288,35,1,14127,2.824000,0.056626802
1,Balanced,SPEA-II_PC90,209,0.456967,0.011011,0.377729,0.003012,35,1,14527,2.738000,0.056792801
1,Balanced,SPEA-II_PC90,MEAN,0.469212,0.014767,0.363565,0.003496,,4,14831,2.716000,0.055824849
1,Balanced,AMOSA_PC90,200,0.275461,0.050235,0.469980,0.004078,27,0,14783,3.114000,0.060209765
1,Balanced,AMOSA_PC90,201,0.227313,0.045088,0.506846,0.008752,23,0,14768,3.092000,0.061166395
1,Balanced,AMOSA_PC90,202,0.246305,0.046366,0.497525,0.005735,26,0,14973,3.130000,0.060806041
1,Balanced,AMOSA_PC90,203,0.237098,0.043696,0.509132,0.001964,27,0,15244,3.066000,0.060992600
1,Balanced,AMOSA_PC90,204,0.250841,0.041561,0.495969,0.004757,27,0,12947,3.088000,0.060714912
1,Balanced,AMOSA_PC90,205,0.263963,0.040303,0.484598,0.003806,31,0,12614,2.968000,0.060456383
1,Balanced,AMOSA_PC90,206,0.238735,0.046654,0.500779,0.004125,23,0,14926,3.074000,0.060953369
1,Balanced,AMOSA_PC90,207,0.253587,0.041716,0.492945,0.005398,17,0,14759,3.086000,0.060674210
1,Balanced,AMOSA_PC90,208,0.237915,0.038588,0.503619,0.002969,22,0,13495,3.068000,0.060981060
1,Balanced,AMOSA_PC90,209,0.219730,0.042975,0.521066,0.004405,24,0,10405,3.134000,0.061314129
1,Balanced,AMOSA_PC90,MEAN,0.245095,0.043718,0.498246,0.004599,,0,13891,2.968000,0.060209765
1,Balanced,GA_WaitingTime_Dominance_PC60,200,0.103051,0.049976,0.624279,0.048404,3,0,6891,3.412000,0.063622735
1,Balanced,GA_WaitingTime_Dominance_PC60,201,0.104598,0.047948,0.624587,0.004631,4,0,9031,3.300000,0.063600919
1,Balanced,GA_WaitingTime_Dominance_PC60,202,0.107284,0.048088,0.620194,0.006735,6,0,10102,3.328000,0.063544508
1,Balanced,GA_WaitingTime_Dominance_PC60,203,0.102561,0.048360,0.627101,0.000000,1,0,9550,3.438000,0.063632006
1,Balanced,GA_WaitingTime_Dominance_PC60,204,0.104904,0.047334,0.625114,0.000000,2,0,9821,3.370000,0.063590570
1,Balanced,GA_WaitingTime_Dominance_PC60,205,0.112020,0.047399,0.618124,0.003573,5,0,10162,3.318000,0.063453264
1,Balanced,GA_WaitingTime_Dominance_PC60,206,0.112381,0.045427,0.617274,0.001376,7,0,9670,3.212000,0.063452510
1,Balanced,GA_WaitingTime_Dominance_PC60,207,0.111499,0.044837,0.617281,0.023485,7,0,10141,3.188000,0.063472236
1,Balanced,GA_WaitingTime_Dominance_PC60,208,0.107817,0.047935,0.619844,0.016913,7,0,9469,3.314000,0.063535989
1,Balanced,GA_WaitingTime_Dominance_PC60,209,0.103631,0.049293,0.623352,0.023548,5,0,9347,3.360000,0.063614197
1,Balanced,GA_WaitingTime_Dominance_PC60,MEAN,0.106975,0.047660,0.621715,0.012867,,0,9418,3.188000,0.063452510
1,Balanced,GA_Energy_Dominance_PC60,200,0.661045,0.041473,0.077341,0.012643,74,15,10703,4.916000,0.047749904
1,Balanced,GA_Energy_Dominance_PC60,201,0.641015,0.038113,0.100853,0.011042,73,19,10780,5.850000,0.047668823
1,Balanced,GA_Energy_Dominance_PC60,202,0.646331,0.034991,0.097543,0.014493,78,13,10609,4.912000,0.048578448
1,Balanced,GA_Energy_Dominance_PC60,203,0.621696,0.061538,0.109945,0.021565,72,13,10625,6.712000,0.046981777
1,Balanced,GA_Energy_Dominance_PC60,204,0.645909,0.044252,0.094108,0.015412,79,0,10631,5.874000,0.048881612
1,Balanced,GA_Energy_Dominance_PC60,205,0.567418,0.077194,0.191591,0.004074,88,15,10062,5.010000,0.052799077
1,Balanced,GA_Energy_Dominance_PC60,206,0.635031,0.065005,0.113632,0.007864,78,0,10461,4.490000,0.049510916
1,Balanced,GA_Energy_Dominance_PC60,207,0.605443,0.079786,0.117370,0.018395,63,2,10757,6.822000,0.047260939
1,Balanced,GA_Energy_Dominance_PC60,208,0.652257,0.043561,0.102619,0.004876,90,14,10374,4.972000,0.049962177
1,Balanced,GA_Energy_Dominance_PC60,209,0.608999,0.063934,0.113690,0.017842,92,0,10627,6.478000,0.047435093
1,Balanced,GA_Energy_Dominance_PC60,MEAN,0.628514,0.054984,0.111869,0.012821,,91,10562,4.490000,0.046981777
1,Balanced,SA_WaitingTime_Dominance_PC60,200,0.105750,0.047192,0.624193,0.005313,3,0,6796,3.356000,0.063574826
1,Balanced,SA_WaitingTime_Dominance_PC60,201,0.107070,0.048203,0.621889,0.011981,5,0,6876,3.402000,0.063545405
1,Balanced,SA_WaitingTime_Dominance_PC60,202,0.104191,0.048411,0.623993,0.006618,5,0,6767,3.392000,0.063602724
1,Balanced,SA_WaitingTime_Dominance_PC60,203,0.105616,0.048782,0.623548,0.010362,4,0,6997,3.390000,0.063574826
1,Balanced,SA_WaitingTime_Dominance_PC60,204,0.106081,0.048846,0.622370,0.004687,8,0,7263,3.396000,0.063565358
1,Balanced,SA_WaitingTime_Dominance_PC60,205,0.105960,0.047305,0.624549,0.000000,2,0,6966,3.404000,0.063567351
1,Balanced,SA_WaitingTime_Dominance_PC60,206,0.104796,0.047774,0.625085,0.003669,3,0,6776,3.410000,0.063589900
1,Balanced,SA_WaitingTime_Dominance_PC60,207,0.107171,0.046880,0.623498,0.000701,3,0,6941,3.358000,0.063546807
1,Balanced,SA_WaitingTime_Dominance_PC60,208,0.104201,0.048360,0.624065,0.001414,8,0,6899,3.374000,0.063603419
1,Balanced,SA_WaitingTime_Dominance_PC60,209,0.111553,0.047718,0.619470,0.000868,4,0,6764,3.400000,0.063457154
1,Balanced,SA_WaitingTime_Dominance_PC60,MEAN,0.106239,0.047947,0.623266,0.004561,,0,6904,3.356000,0.063457154
1,Balanced,SA_Energy_Dominance_PC60,200,0.473769,0.112978,0.254032,0.004446,62,0,6998,12.274000,0.050847613
1,Balanced,SA_Energy_Dominance_PC60,201,0.533189,0.100669,0.217316,0.006418,50,0,7019,8.998000,0.051295725
1,Balanced,SA_Energy_Dominance_PC60,202,0.484899,0.097087,0.317667,0.004152,17,0,6949,7.334000,0.054376439
1,Balanced,SA_Energy_Dominance_PC60,203,0.484489,0.145701,0.251562,0.005592,76,0,6881,9.160000,0.052710786
1,Balanced,SA_Energy_Dominance_PC60,204,0.491030,0.116980,0.286206,0.007113,20,5,7004,8.432000,0.053534331
1,Balanced,SA_Energy_Dominance_PC60,205,0.476601,0.122543,0.306301,0.002934,43,0,7202,7.798000,0.054317863
1,Balanced,SA_Energy_Dominance_PC60,206,0.491514,0.125221,0.254554,0.086319,22,0,7485,5.020000,0.053821174
1,Balanced,SA_Energy_Dominance_PC60,207,0.471666,0.089116,0.274080,0.003790,34,0,7384,11.004000,0.052416109
1,Balanced,SA_Energy_Dominance_PC60,208,0.490285,0.097125,0.236472,0.006637,62,0,7013,10.060000,0.051992529
1,Balanced,SA_Energy_Dominance_PC60,209,0.556068,0.064145,0.192087,0.002620,49,0,6939,5.060000,0.051879974
1,Balanced,SA_Energy_Dominance_PC60,MEAN,0.495351,0.107157,0.259028,0.013002,,5,7087,5.020000,0.050847613
1,Balanced,NSGA-II_PC60,200,0.307323,0.018563,0.477719,0.001950,16,0,12695,2.852000,0.059698233
1,Balanced,NSGA-II_PC60,201,0.301887,0.021266,0.477824,0.002714,34,0,12655,2.818000,0.059807795
1,Balanced,NSGA-II_PC60,202,0.396221,0.062071,0.358476,0.005867,44,0,13973,2.952000,0.057700385
1,Balanced,NSGA-II_PC60,203,0.285497,0.015656,0.500255,0.001509,24,0,12125,2.788000,0.060141052
1,Balanced,NSGA-II_PC60,204,0.329628,0.017974,0.461007,0.003053,34,0,12200,2.782000,0.059276122
1,Balanced,NSGA-II_PC60,205,0.288300,0.015047,0.494141,0.005737,23,0,12350,2.680000,0.060107386
1,Balanced,NSGA-II_PC60,206,0.375567,0.052087,0.389415,0.005471,29,0,14168,3.104000,0.058130131
1,Balanced,NSGA-II_PC60,207,0.319284,0.017703,0.473049,0.001696,31,0,12315,2.734000,0.059489960
1,Balanced,NSGA-II_PC60,208,0.287697,0.018123,0.491160,0.001777,29,0,11562,2.788000,0.060094136
1,Balanced,NSGA-II_PC60,209,0.421433,0.035394,0.362111,0.004664,29,0,13575,3.136000,0.057339692
1,Balanced,NSGA-II_PC60,MEAN,0.331284,0.027388,0.448516,0.003444,,0,12761,2.680000,0.057339692
1,Balanced,SPEA-II_PC60,200,0.381618,0.027553,0.405070,0.005264,28,0,14000,3.014000,0.058167011
1,Balanced,SPEA-II_PC60,201,0.313736,0.005929,0.487931,0.000495,18,0,12955,2.724000,0.059610591
1,Balanced,SPEA-II_PC60,202,0.460948,0.043161,0.338823,0.002818,30,0,14429,3.060000,0.056439023
1,Balanced,SPEA-II_PC60,203,0.306654,0.000715,0.496051,0.002716,16,9,13179,2.636000,0.059766840
1,Balanced,SPEA-II_PC60,204,0.392593,0.039915,0.389025,0.027676,32,0,14050,3.258000,0.057867288
1,Balanced,SPEA-II_PC60,205,0.388571,0.043103,0.391516,0.007454,32,0,13991,3.008000,0.057958179
1,Balanced,SPEA-II_PC60,206,0.324986,0.011803,0.469077,0.002351,23,0,12901,2.720000,0.059387092
1,Balanced,SPEA-II_PC60,207,0.297582,0.008449,0.495823,0.001138,14,0,13199,2.768000,0.059913856
1,Balanced,SPEA-II_PC60,208,0.415433,0.057840,0.358899,0.003456,37,0,14069,3.228000,0.057310106
1,Balanced,SPEA-II_PC60,209,0.385935,0.027491,0.401490,0.003675,31,0,14372,3.060000,0.058081613
1,Balanced,SPEA-II_PC60,MEAN,0.366806,0.026596,0.423370,0.005704,,9,13714,2.636000,0.056439023
1,Balanced,AMOSA_PC60,200,0.229554,0.040083,0.516899,0.006958,16,0,15113,3.182000,0.061133438
1,Balanced,AMOSA_PC60,201,0.193558,0.048587,0.536876,0.002925,21,0,15085,3.230000,0.061823519
1,Balanced,AMOSA_PC60,202,0.244423,0.056476,0.489323,0.005709,26,0,15305,3.174000,0.060781709
1,Balanced,AMOSA_PC60,203,0.176098,0.030869,0.568899,0.010402,8,0,15099,3.110000,0.062214902
1,Balanced,AMOSA_PC60,204,0.209652,0.038544,0.533680,0.003703,18,0,14627,3.198000,0.061526352
1,Balanced,AMOSA_PC60,205,0.272427,0.114119,0.425419,0.010057,22,0,14045,3.174000,0.060051445
1,Balanced,AMOSA_PC60,206,0.268346,0.054431,0.472620,0.005247,35,0,14598,3.152000,0.060320029
1,Balanced,AMOSA_PC60,207,0.174324,0.041755,0.556657,0.003245,16,0,14666,3.124000,0.062231709
1,Balanced,AMOSA_PC60,208,0.243681,0.044836,0.500427,0.005878,19,0,10591,3.226000,0.060824914
1,Balanced,AMOSA_PC60,209,0.212938,0.060878,0.517518,0.005746,18,0,14607,3.172000,0.061429045
1,Balanced,AMOSA_PC60,MEAN,0.222500,0.053058,0.511832,0.005987,,0,14373,3.110000,0.060051445
1,Balanced,GA_WaitingTime_Dominance_PC30,200,0.000000,0.261444,0.716678,0.000000,1,0,9552,9.258000,0.066825075
1,Balanced,GA_WaitingTime_Dominance_PC30,201,0.000000,0.380737,0.737365,0.000000,1,0,9451,12.604000,0.067554409
1,Balanced,GA_WaitingTime_Dominance_PC30,202,0.039845,0.194293,0.657055,0.000000,1,0,9394,7.626000,0.064730869
1,Balanced,GA_WaitingTime_Dominance_PC30,203,0.001387,0.211179,0.697307,0.000000,1,0,9506,7.992000,0.065626949
1,Balanced,GA_WaitingTime_Dominance_PC30,204,0.006639,0.237639,0.691732,0.000000,1,0,9366,8.792000,0.065496891
1,Balanced,GA_WaitingTime_Dominance_PC30,205,0.000000,0.256202,0.724477,0.000000,1,0,9454,8.872000,0.067404745
1,Balanced,GA_WaitingTime_Dominance_PC30,206,0.000000,0.255937,0.723383,0.000000,1,0,9512,8.900000,0.067324932
1,Balanced,GA_WaitingTime_Dominance_PC30,207,0.000000,0.293692,0.709109,0.000000,1,0,9542,10.364000,0.066129359
1,Balanced,GA_WaitingTime_Dominance_PC30,208,0.000000,0.272718,0.732387,0.000000,1,0,9527,9.100000,0.067979017
1,Balanced,GA_WaitingTime_Dominance_PC30,209,0.000000,0.319685,0.712901,0.000000,1,0,9398,11.114000,0.066217322
1,Balanced,GA_WaitingTime_Dominance_PC30,MEAN,0.004787,0.268353,0.710239,0.000000,,0,9470,7.626000,0.064730869
1,Balanced,GA_Energy_Dominance_PC30,200,0.550937,0.015416,0.154619,0.095852,48,16,10693,9.258000,0.047749904
1,Balanced,GA_Energy_Dominance_PC30,201,0.482042,0.006702,0.272366,0.004888,74,38,10743,15.436000,0.047619708
1,Balanced,GA_Energy_Dominance_PC30,202,0.572723,0.012803,0.134746,0.082450,62,14,10752,7.626000,0.048578448
1,Balanced,GA_Energy_Dominance_PC30,203,0.454056,0.029937,0.258690,0.030497,54,16,10811,15.420000,0.046981777
1,Balanced,GA_Energy_Dominance_PC30,204,0.571381,0.025943,0.179926,0.004477,76,0,10536,10.700000,0.048881612
1,Balanced,GA_Energy_Dominance_PC30,205,0.514650,0.019808,0.252876,0.002693,57,24,10084,8.928000,0.052789846
1,Balanced,GA_Energy_Dominance_PC30,206,0.565856,0.036055,0.183586,0.003281,78,0,10547,10.186000,0.049496509
1,Balanced,GA_Energy_Dominance_PC30,207,0.434340,0.044589,0.275842,0.014886,58,2,11395,16.322000,0.047260939
1,Balanced,GA_Energy_Dominance_PC30,208,0.604139,0.012617,0.171486,0.008115,51,18,10058,8.390000,0.049962177
1,Balanced,GA_Energy_Dominance_PC30,209,0.497629,0.047585,0.251869,0.003209,85,0,7643,14.718000,0.047412627
1,Balanced,GA_Energy_Dominance_PC30,MEAN,0.524775,0.025146,0.213601,0.025035,,128,10326,7.626000,0.046981777
1,Balanced,SA_WaitingTime_Dominance_PC30,200,0.102553,0.048428,0.627084,0.000000,1,0,5023,3.440000,0.063632006
1,Balanced,SA_WaitingTime_Dominance_PC30,201,0.075974,0.050415,0.648978,0.000000,1,0,5246,3.402000,0.064159629
1,Balanced,SA_WaitingTime_Dominance_PC30,202,0.101322,0.048911,0.627950,0.000000,1,0,4967,3.450000,0.063655626
1,Balanced,SA_WaitingTime_Dominance_PC30,203,0.102516,0.048769,0.627001,0.000000,1,0,6650,3.450000,0.063632006
1,Balanced,SA_WaitingTime_Dominance_PC30,204,0.102937,0.048794,0.626644,0.000000,1,0,7172,3.452000,0.063623524
1,Balanced,SA_WaitingTime_Dominance_PC30,205,0.102546,0.048496,0.627068,0.000000,1,0,7559,3.442000,0.063632006
1,Balanced,SA_WaitingTime_Dominance_PC30,206,0.102648,0.048347,0.626808,0.000000,2,0,7311,3.414000,0.063632006
1,Balanced,SA_WaitingTime_Dominance_PC30,207,0.099467,0.047870,0.629874,0.000000,1,0,6979,3.410000,0.063695164
1,Balanced,SA_WaitingTime_Dominance_PC30,208,0.102538,0.048565,0.627051,0.000000,1,0,6948,3.444000,0.063632006
1,Balanced,SA_WaitingTime_Dominance_PC30,209,0.098745,0.049129,0.630069,0.000000,1,0,7012,3.444000,0.063707028
1,Balanced,SA_WaitingTime_Dominance_PC30,MEAN,0.099125,0.048773,0.629853,0.000000,,0,6486,3.402000,0.063623524
1,Balanced,SA_Energy_Dominance_PC30,200,0.422861,0.085093,0.309923,0.005434,34,0,5998,14.990000,0.050847613
1,Balanced,SA_Energy_Dominance_PC30,201,0.453762,0.053810,0.294306,0.009061,14,0,4930,13.360000,0.051295725
1,Balanced,SA_Energy_Dominance_PC30,202,0.468075,0.047715,0.356704,0.000571,9,0,4916,8.394000,0.054376439
1,Balanced,SA_Energy_Dominance_PC30,203,0.398487,0.078393,0.329538,0.011335,15,0,4905,14.196000,0.052710786
1,Balanced,SA_Energy_Dominance_PC30,204,0.463009,0.000000,0.344816,0.000672,9,9,4944,10.192000,0.053534331
1,Balanced,SA_Energy_Dominance_PC30,205,0.454642,0.027274,0.345095,0.003401,13,0,4901,9.154000,0.054317863
1,Balanced,SA_Energy_Dominance_PC30,206,0.444526,0.017377,0.337977,0.003486,9,0,4918,10.538000,0.053821174
1,Balanced,SA_Energy_Dominance_PC30,207,0.449867,0.067366,0.294586,0.003801,24,0,4862,12.226000,0.052416109
1,Balanced,SA_Energy_Dominance_PC30,208,0.456493,0.093714,0.275172,0.003249,52,0,4841,12.108000,0.051992529
1,Balanced,SA_Energy_Dominance_PC30,209,0.447145,0.043016,0.312177,0.002136,16,0,4965,13.190000,0.051879974
1,Balanced,SA_Energy_Dominance_PC30,MEAN,0.445887,0.051376,0.320029,0.004315,,9,5018,8.394000,0.050847613
1,Balanced,NSGA-II_PC30,200,0.285649,0.082102,0.452354,0.004700,25,0,9055,3.964000,0.059832633
1,Balanced,NSGA-II_PC30,201,0.340492,0.075670,0.412670,0.002549,33,0,9172,4.068000,0.058684961
1,Balanced,NSGA-II_PC30,202,0.285577,0.065055,0.451608,0.003931,23,0,12365,3.738000,0.059892970
1,Balanced,NSGA-II_PC30,203,0.329284,0.067327,0.420163,0.004771,23,0,12838,3.872000,0.058952337
1,Balanced,NSGA-II_PC30,204,0.335263,0.092060,0.403939,0.004066,32,0,13021,4.152000,0.058761634
1,Balanced,NSGA-II_PC30,205,0.310617,0.062776,0.439063,0.002820,30,0,13851,3.832000,0.059376787
1,Balanced,NSGA-II_PC30,206,0.307254,0.063399,0.438596,0.002610,33,0,13386,3.706000,0.059459079
1,Balanced,NSGA-II_PC30,207,0.316661,0.073304,0.429176,0.002515,33,0,12755,3.848000,0.059197717
1,Balanced,NSGA-II_PC30,208,0.301431,0.087773,0.436887,0.003771,32,0,12529,4.272000,0.059448461
1,Balanced,NSGA-II_PC30,209,0.283059,0.064393,0.462808,0.001643,35,0,12636,3.866000,0.059935635
1,Balanced,NSGA-II_PC30,MEAN,0.309529,0.073386,0.434726,0.003338,,0,12160,3.706000,0.058684961
1,Balanced,SPEA-II_PC30,200,0.327408,0.039424,0.451293,0.001947,27,0,13093,3.462000,0.059159616
1,Balanced,SPEA-II_PC30,201,0.284363,0.047522,0.471284,0.003187,23,0,13243,3.512000,0.059995661
1,Balanced,SPEA-II_PC30,202,0.338099,0.034334,0.450077,0.004381,20,0,13279,3.378000,0.058973850
1,Balanced,SPEA-II_PC30,203,0.330300,0.061561,0.427652,0.003359,29,0,13685,3.750000,0.058994437
1,Balanced,SPEA-II_PC30,204,0.298458,0.058003,0.458450,0.004111,24,0,13333,3.700000,0.059666062
1,Balanced,SPEA-II_PC30,205,0.334347,0.055484,0.431047,0.003135,26,0,13316,3.664000,0.058947503
1,Balanced,SPEA-II_PC30,206,0.358836,0.039657,0.430643,0.005491,15,0,13514,3.560000,0.058515329
1,Balanced,SPEA-II_PC30,207,0.324020,0.049211,0.448088,0.002108,28,0,13458,3.634000,0.059181340
1,Balanced,SPEA-II_PC30,208,0.278546,0.087609,0.447824,0.002488,37,0,13519,3.944000,0.059942817
1,Balanced,SPEA-II_PC30,209,0.310915,0.081160,0.428430,0.002297,26,0,13984,4.238000,0.059239558
1,Balanced,SPEA-II_PC30,MEAN,0.318529,0.055397,0.444479,0.003250,,0,13442,3.378000,0.058515329
1,Balanced,AMOSA_PC30,200,0.262966,0.120378,0.452142,0.004784,23,0,14806,4.982000,0.060030074
1,Balanced,AMOSA_PC30,201,0.225930,0.107474,0.486941,0.006261,20,0,14725,4.490000,0.060909323
1,Balanced,AMOSA_PC30,202,0.221417,0.105419,0.487650,0.008522,23,0,14561,4.400000,0.060994999
1,Balanced,AMOSA_PC30,203,0.190615,0.123353,0.513986,0.006381,17,0,14490,4.820000,0.061604395
1,Balanced,AMOSA_PC30,204,0.192466,0.146013,0.500760,0.004066,29,0,14560,5.222000,0.061443445
1,Balanced,AMOSA_PC30,205,0.248508,0.126849,0.464243,0.004627,22,0,14757,5.132000,0.060293035
1,Balanced,AMOSA_PC30,206,0.228012,0.100244,0.492533,0.007580,21,0,14178,4.646000,0.060884196
1,Balanced,AMOSA_PC30,207,0.211321,0.118394,0.497334,0.007278,26,0,14608,4.908000,0.061130202
1,Balanced,AMOSA_PC30,208,0.215996,0.111368,0.494220,0.009962,18,0,14891,5.014000,0.061031585
1,Balanced,AMOSA_PC30,209,0.201339,0.122631,0.506114,0.015251,18,0,15115,4.902000,0.061368614
1,Balanced,AMOSA_PC30,MEAN,0.219857,0.118212,0.489592,0.007471,,0,14669,4.400000,0.060030074
2,GPU_Stress,GA_WaitingTime_Dominance,200,0.257384,0.034498,0.390238,0.003731,25,4,3120,5.024000,0.079061269
2,GPU_Stress,GA_WaitingTime_Dominance,201,0.248180,0.034597,0.398376,0.002930,25,0,3104,5.034000,0.079240231
2,GPU_Stress,GA_WaitingTime_Dominance,202,0.252262,0.026128,0.395544,0.003593,22,0,3105,5.142000,0.079167766
2,GPU_Stress,GA_WaitingTime_Dominance,203,0.246361,0.027147,0.402615,0.003057,11,0,3213,5.104000,0.079294525
2,GPU_Stress,GA_WaitingTime_Dominance,204,0.253838,0.005460,0.412368,0.004052,9,0,3489,5.100000,0.079173647
2,GPU_Stress,GA_WaitingTime_Dominance,205,0.254691,0.028988,0.391917,0.001999,34,0,4468,5.128000,0.079110779
2,GPU_Stress,GA_WaitingTime_Dominance,206,0.250031,0.027768,0.396614,0.002678,25,0,4450,5.036000,0.079207893
2,GPU_Stress,GA_WaitingTime_Dominance,207,0.272292,0.000000,0.398408,0.007758,7,7,4516,5.086000,0.078837461
2,GPU_Stress,GA_WaitingTime_Dominance,208,0.257378,0.028149,0.391734,0.003049,22,5,4384,5.046000,0.079087014
2,GPU_Stress,GA_WaitingTime_Dominance,209,0.242497,0.027038,0.401908,0.002175,19,0,4600,5.056000,0.079347408
2,GPU_Stress,GA_WaitingTime_Dominance,MEAN,0.253491,0.023977,0.397972,0.003502,,16,3844,5.024000,0.078837461
2,GPU_Stress,GA_Energy_Dominance,200,0.582765,0.115282,0.177675,0.011842,46,2,5090,8.708000,0.068202838
2,GPU_Stress,GA_Energy_Dominance,201,0.543162,0.164644,0.191899,0.007628,62,0,5695,9.356000,0.067019870
2,GPU_Stress,GA_Energy_Dominance,202,0.587470,0.129830,0.174532,0.018362,47,11,5516,9.186000,0.066660547
2,GPU_Stress,GA_Energy_Dominance,203,0.482257,0.205413,0.222349,0.018750,51,0,5870,9.558000,0.066427410
2,GPU_Stress,GA_Energy_Dominance,204,0.564083,0.167633,0.187951,0.013941,53,0,5521,9.216000,0.066834084
2,GPU_Stress,GA_Energy_Dominance,205,0.508098,0.112205,0.225226,0.004282,62,0,4643,8.732000,0.072765190
2,GPU_Stress,GA_Energy_Dominance,206,0.545210,0.137127,0.188886,0.005411,79,9,5716,9.008000,0.065841906
2,GPU_Stress,GA_Energy_Dominance,207,0.597610,0.123557,0.170921,0.008643,62,5,5167,8.658000,0.068309299
2,GPU_Stress,GA_Energy_Dominance,208,0.558242,0.121826,0.192627,0.005648,47,0,5292,8.662000,0.069960580
2,GPU_Stress,GA_Energy_Dominance,209,0.553928,0.157186,0.195810,0.023617,48,0,3776,9.514000,0.069210424
2,GPU_Stress,GA_Energy_Dominance,MEAN,0.552283,0.143470,0.192787,0.011812,,27,5228,8.658000,0.065841906
2,GPU_Stress,SA_WaitingTime_Dominance,200,0.263742,0.054252,0.387278,0.004313,16,0,2019,4.562000,0.079323864
2,GPU_Stress,SA_WaitingTime_Dominance,201,0.251297,0.053833,0.389326,0.002484,21,0,2762,4.508000,0.079293563
2,GPU_Stress,SA_WaitingTime_Dominance,202,0.242469,0.037436,0.392826,0.001167,14,0,3018,4.540000,0.079302811
2,GPU_Stress,SA_WaitingTime_Dominance,203,0.279134,0.037948,0.380803,0.004854,10,0,3017,4.582000,0.079323864
2,GPU_Stress,SA_WaitingTime_Dominance,204,0.234324,0.009323,0.396404,0.003520,12,10,3066,4.496000,0.079302212
2,GPU_Stress,SA_WaitingTime_Dominance,205,0.333812,0.076084,0.361892,0.004308,28,0,3912,4.736000,0.079310216
2,GPU_Stress,SA_WaitingTime_Dominance,206,0.231070,0.030773,0.397383,0.020090,8,0,3337,4.550000,0.079297765
2,GPU_Stress,SA_WaitingTime_Dominance,207,0.290640,0.046786,0.375811,0.001574,15,0,3542,4.636000,0.079238665
2,GPU_Stress,SA_WaitingTime_Dominance,208,0.259137,0.045207,0.387170,0.006134,13,0,3370,4.528000,0.079315994
2,GPU_Stress,SA_WaitingTime_Dominance,209,0.264442,0.045851,0.382905,0.004354,14,0,3307,4.546000,0.079203431
2,GPU_Stress,SA_WaitingTime_Dominance,MEAN,0.265007,0.043749,0.385180,0.005280,,10,3135,4.496000,0.079203431
2,GPU_Stress,SA_Energy_Dominance,200,0.538967,0.213993,0.215144,0.002537,54,4,3428,8.748000,0.069533727
2,GPU_Stress,SA_Energy_Dominance,201,0.520855,0.218882,0.210765,0.003379,35,0,3511,9.084000,0.069021479
2,GPU_Stress,SA_Energy_Dominance,202,0.541281,0.224405,0.210591,0.003991,78,4,3605,9.072000,0.069222367
2,GPU_Stress,SA_Energy_Dominance,203,0.521743,0.236473,0.211799,0.007068,37,3,3505,9.298000,0.068900050
2,GPU_Stress,SA_Energy_Dominance,204,0.514808,0.248730,0.225531,0.002718,43,0,3675,9.376000,0.070198626
2,GPU_Stress,SA_Energy_Dominance,205,0.508017,0.194012,0.219486,0.007793,37,0,3459,8.940000,0.070090305
2,GPU_Stress,SA_Energy_Dominance,206,0.513227,0.229658,0.223839,0.004872,43,0,3520,8.914000,0.070396152
2,GPU_Stress,SA_Energy_Dominance,207,0.510989,0.223318,0.226688,0.009487,51,0,3459,9.154000,0.070639939
2,GPU_Stress,SA_Energy_Dominance,208,0.534161,0.213786,0.209486,0.004285,67,0,3394,9.040000,0.069606332
2,GPU_Stress,SA_Energy_Dominance,209,0.559444,0.181088,0.220810,0.004711,45,4,3503,9.064000,0.069623489
2,GPU_Stress,SA_Energy_Dominance,MEAN,0.526349,0.218435,0.217414,0.005084,,15,3505,8.748000,0.068900050
2,GPU_Stress,NSGA-II,200,0.499062,0.032552,0.235959,0.003877,46,0,8999,6.442000,0.074133774
2,GPU_Stress,NSGA-II,201,0.556628,0.034671,0.186157,0.002164,48,0,9211,6.566000,0.072842347
2,GPU_Stress,NSGA-II,202,0.522700,0.049729,0.213534,0.004999,48,0,8760,6.656000,0.073476614
2,GPU_Stress,NSGA-II,203,0.511396,0.030997,0.221990,0.004023,44,0,8188,6.432000,0.073876164
2,GPU_Stress,NSGA-II,204,0.558283,0.028628,0.185176,0.004580,52,0,8615,6.664000,0.072836864
2,GPU_Stress,NSGA-II,205,0.580600,0.021405,0.181726,0.002832,50,0,8484,6.480000,0.072414724
2,GPU_Stress,NSGA-II,206,0.541385,0.042612,0.191202,0.002894,59,0,8289,6.148000,0.073236277
2,GPU_Stress,NSGA-II,207,0.536698,0.040122,0.206879,0.002878,51,0,8485,6.522000,0.073259557
2,GPU_Stress,NSGA-II,208,0.471246,0.023944,0.255731,0.002891,38,0,8367,6.326000,0.074752831
2,GPU_Stress,NSGA-II,209,0.537493,0.038938,0.203031,0.003062,42,0,8579,6.524000,0.073258693
2,GPU_Stress,NSGA-II,MEAN,0.531549,0.034360,0.208139,0.003420,,0,8597,6.148000,0.072414724
2,GPU_Stress,SPEA-II,200,0.499043,0.034406,0.248003,0.003365,40,0,9310,6.230000,0.074156252
2,GPU_Stress,SPEA-II,201,0.453730,0.034514,0.263957,0.003463,37,0,9198,6.190000,0.075095414
2,GPU_Stress,SPEA-II,202,0.434344,0.002991,0.291593,0.003747,31,14,8812,5.814000,0.075651158
2,GPU_Stress,SPEA-II,203,0.450083,0.051113,0.258115,0.001952,34,0,9355,6.376000,0.075066942
2,GPU_Stress,SPEA-II,204,0.443597,0.036576,0.268566,0.002480,30,0,9445,6.258000,0.075271711
2,GPU_Stress,SPEA-II,205,0.509164,0.034165,0.227441,0.003091,47,0,9253,6.076000,0.073999865
2,GPU_Stress,SPEA-II,206,0.538281,0.027346,0.216899,0.003274,41,0,9487,6.240000,0.073368180
2,GPU_Stress,SPEA-II,207,0.416038,0.018871,0.298471,0.001350,34,0,8791,6.064000,0.075922546
2,GPU_Stress,SPEA-II,208,0.505732,0.043458,0.223945,0.002218,45,0,9336,6.350000,0.073962419
2,GPU_Stress,SPEA-II,209,0.487349,0.016447,0.248382,0.003714,36,0,9483,6.270000,0.074451641
2,GPU_Stress,SPEA-II,MEAN,0.473736,0.029989,0.254537,0.002865,,14,9247,5.814000,0.073368180
2,GPU_Stress,AMOSA,200,0.268174,0.063616,0.373683,0.004161,15,0,8573,6.936000,0.078563161
2,GPU_Stress,AMOSA,201,0.261338,0.084481,0.375414,0.003213,14,0,9088,6.978000,0.078683846
2,GPU_Stress,AMOSA,202,0.246634,0.077450,0.384054,0.004813,9,0,10186,6.994000,0.078986079
2,GPU_Stress,AMOSA,203,0.280969,0.060651,0.366524,0.003188,23,0,9639,6.994000,0.078299903
2,GPU_Stress,AMOSA,204,0.262510,0.046109,0.386007,0.003716,8,0,9742,6.970000,0.078688651
2,GPU_Stress,AMOSA,205,0.280483,0.052921,0.368179,0.006431,13,0,10442,6.982000,0.078326484
2,GPU_Stress,AMOSA,206,0.282671,0.073338,0.354325,0.008428,18,0,8786,7.010000,0.078245967
2,GPU_Stress,AMOSA,207,0.272663,0.071577,0.365162,0.006838,17,0,8790,6.960000,0.078461795
2,GPU_Stress,AMOSA,208,0.269039,0.059286,0.371254,0.011307,17,0,8860,7.020000,0.078542809
2,GPU_Stress,AMOSA,209,0.281954,0.058652,0.360750,0.012031,19,0,8748,6.998000,0.078277395
2,GPU_Stress,AMOSA,MEAN,0.270643,0.064808,0.370535,0.006413,,0,9285,6.936000,0.078245967
2,GPU_Stress,GA_WaitingTime_Dominance_PC90,200,0.256932,0.033903,0.390876,0.002991,32,0,7553,5.036000,0.079061269
2,GPU_Stress,GA_WaitingTime_Dominance_PC90,201,0.247914,0.036717,0.399014,0.004932,28,0,9998,5.038000,0.079240231
2,GPU_Stress,GA_WaitingTime_Dominance_PC90,202,0.252262,0.026128,0.395544,0.003593,22,0,9394,5.142000,0.079167766
2,GPU_Stress,GA_WaitingTime_Dominance_PC90,203,0.246361,0.027147,0.402615,0.003057,11,0,9493,5.104000,0.079294525
2,GPU_Stress,GA_WaitingTime_Dominance_PC90,204,0.253838,0.005460,0.412368,0.004052,9,0,9647,5.100000,0.079173647
2,GPU_Stress,GA_WaitingTime_Dominance_PC90,205,0.254674,0.029775,0.391962,0.001873,36,0,9423,5.128000,0.079110779
2,GPU_Stress,GA_WaitingTime_Dominance_PC90,206,0.249919,0.023551,0.396187,0.002692,29,0,9695,5.036000,0.079207893
2,GPU_Stress,GA_WaitingTime_Dominance_PC90,207,0.272292,0.000000,0.398408,0.007758,7,7,7710,5.086000,0.078837461
2,GPU_Stress,GA_WaitingTime_Dominance_PC90,208,0.257171,0.032320,0.393241,0.003139,19,0,9844,5.056000,0.079087014
2,GPU_Stress,GA_WaitingTime_Dominance_PC90,209,0.241855,0.034129,0.402966,0.002670,20,0,10862,5.078000,0.079347408
2,GPU_Stress,GA_WaitingTime_Dominance_PC90,MEAN,0.253322,0.024913,0.398318,0.003676,,7,9361,5.036000,0.078837461
2,GPU_Stress,GA_Energy_Dominance_PC90,200,0.582765,0.115282,0.177675,0.011842,46,2,10005,8.708000,0.068202838
2,GPU_Stress,GA_Energy_Dominance_PC90,201,0.543162,0.164644,0.191899,0.007628,62,0,10331,9.356000,0.067019870
2,GPU_Stress,GA_Energy_Dominance_PC90,202,0.587470,0.129830,0.174532,0.018362,47,11,11271,9.186000,0.066660547
2,GPU_Stress,GA_Energy_Dominance_PC90,203,0.482257,0.205413,0.222349,0.018750,51,0,10846,9.558000,0.066427410
2,GPU_Stress,GA_Energy_Dominance_PC90,204,0.564083,0.167633,0.187951,0.013941,53,0,9952,9.216000,0.066834084
2,GPU_Stress,GA_Energy_Dominance_PC90,205,0.508098,0.112205,0.225226,0.004282,62,0,9436,8.732000,0.072765190
2,GPU_Stress,GA_Energy_Dominance_PC90,206,0.545210,0.137127,0.188886,0.005411,79,9,10202,9.008000,0.065841906
2,GPU_Stress,GA_Energy_Dominance_PC90,207,0.597610,0.123557,0.170921,0.008643,62,5,9730,8.658000,0.068309299
2,GPU_Stress,GA_Energy_Dominance_PC90,208,0.558242,0.121826,0.192627,0.005648,47,0,9522,8.662000,0.069960580
2,GPU_Stress,GA_Energy_Dominance_PC90,209,0.553928,0.157186,0.195810,0.023617,48,0,9949,9.514000,0.069210424
2,GPU_Stress,GA_Energy_Dominance_PC90,MEAN,0.552283,0.143470,0.192787,0.011812,,27,10124,8.658000,0.065841906
2,GPU_Stress,SA_WaitingTime_Dominance_PC90,200,0.269939,0.054752,0.385009,0.001707,17,0,7478,4.570000,0.079323864
2,GPU_Stress,SA_WaitingTime_Dominance_PC90,201,0.251297,0.053833,0.389326,0.002484,21,0,7221,4.508000,0.079293563
2,GPU_Stress,SA_WaitingTime_Dominance_PC90,202,0.242469,0.037436,0.392826,0.001167,14,0,7126,4.540000,0.079302811
2,GPU_Stress,SA_WaitingTime_Dominance_PC90,203,0.279134,0.037948,0.380803,0.004854,10,0,5327,4.582000,0.079323864
2,GPU_Stress,SA_WaitingTime_Dominance_PC90,204,0.234324,0.009323,0.396404,0.003520,12,10,5010,4.496000,0.079302212
2,GPU_Stress,SA_WaitingTime_Dominance_PC90,205,0.333812,0.076084,0.361892,0.004308,28,0,5225,4.736000,0.079310216
2,GPU_Stress,SA_WaitingTime_Dominance_PC90,206,0.231070,0.030773,0.397383,0.020090,8,0,5068,4.550000,0.079297765
2,GPU_Stress,SA_WaitingTime_Dominance_PC90,207,0.290640,0.046786,0.375811,0.001574,15,0,5104,4.636000,0.079238665
2,GPU_Stress,SA_WaitingTime_Dominance_PC90,208,0.259137,0.045207,0.387170,0.006134,13,0,5101,4.528000,0.079315994
2,GPU_Stress,SA_WaitingTime_Dominance_PC90,209,0.264324,0.048092,0.382907,0.005625,14,0,5143,4.546000,0.079203431
2,GPU_Stress,SA_WaitingTime_Dominance_PC90,MEAN,0.265615,0.044023,0.384953,0.005146,,10,5780,4.496000,0.079203431
2,GPU_Stress,SA_Energy_Dominance_PC90,200,0.538967,0.213993,0.215144,0.002537,54,4,4776,8.748000,0.069533727
2,GPU_Stress,SA_Energy_Dominance_PC90,201,0.520855,0.218882,0.210765,0.003379,35,0,4873,9.084000,0.069021479
2,GPU_Stress,SA_Energy_Dominance_PC90,202,0.541281,0.224405,0.210591,0.003991,78,4,4876,9.072000,0.069222367
2,GPU_Stress,SA_Energy_Dominance_PC90,203,0.521743,0.236473,0.211799,0.007068,37,3,5800,9.298000,0.068900050
2,GPU_Stress,SA_Energy_Dominance_PC90,204,0.514808,0.248730,0.225531,0.002718,43,0,6426,9.376000,0.070198626
2,GPU_Stress,SA_Energy_Dominance_PC90,205,0.508017,0.194012,0.219486,0.007793,37,0,6543,8.940000,0.070090305
2,GPU_Stress,SA_Energy_Dominance_PC90,206,0.513227,0.229658,0.223839,0.004872,43,0,6789,8.914000,0.070396152
2,GPU_Stress,SA_Energy_Dominance_PC90,207,0.510989,0.223318,0.226688,0.009487,51,0,6995,9.154000,0.070639939
2,GPU_Stress,SA_Energy_Dominance_PC90,208,0.534161,0.213786,0.209486,0.004285,67,0,6707,9.040000,0.069606332
2,GPU_Stress,SA_Energy_Dominance_PC90,209,0.559444,0.181088,0.220810,0.004711,45,4,6508,9.064000,0.069623489
2,GPU_Stress,SA_Energy_Dominance_PC90,MEAN,0.526349,0.218435,0.217414,0.005084,,15,6029,8.748000,0.068900050
2,GPU_Stress,NSGA-II_PC90,200,0.489809,0.030621,0.233551,0.005042,41,0,12561,6.448000,0.074310902
2,GPU_Stress,NSGA-II_PC90,201,0.574875,0.004175,0.208157,0.006011,30,26,12930,6.678000,0.072599655
2,GPU_Stress,NSGA-II_PC90,202,0.598238,0.026730,0.167960,0.004169,56,4,12983,6.516000,0.071922411
2,GPU_Stress,NSGA-II_PC90,203,0.540095,0.035013,0.203540,0.005009,43,0,12844,6.422000,0.073236995
2,GPU_Stress,NSGA-II_PC90,204,0.526424,0.047119,0.207822,0.002425,49,0,13072,6.436000,0.073461037
2,GPU_Stress,NSGA-II_PC90,205,0.515246,0.040468,0.217588,0.002231,43,0,12743,6.466000,0.073735686
2,GPU_Stress,NSGA-II_PC90,206,0.525257,0.031408,0.225330,0.004027,37,0,12692,6.530000,0.073563379
2,GPU_Stress,NSGA-II_PC90,207,0.572924,0.036846,0.176747,0.003949,45,0,12635,6.630000,0.072423820
2,GPU_Stress,NSGA-II_PC90,208,0.526581,0.030689,0.209660,0.005791,46,0,13053,6.418000,0.073570356
2,GPU_Stress,NSGA-II_PC90,209,0.575065,0.028915,0.177488,0.003543,49,0,12708,6.504000,0.072479195
2,GPU_Stress,NSGA-II_PC90,MEAN,0.544451,0.031198,0.202784,0.004220,,30,12822,6.418000,0.071922411
2,GPU_Stress,SPEA-II_PC90,200,0.515451,0.020037,0.231274,0.002874,36,0,13465,6.166000,0.073898155
2,GPU_Stress,SPEA-II_PC90,201,0.520579,0.031448,0.227052,0.003465,32,0,13535,6.308000,0.073705214
2,GPU_Stress,SPEA-II_PC90,202,0.428280,0.016904,0.287812,0.002498,29,0,13022,6.066000,0.075685700
2,GPU_Stress,SPEA-II_PC90,203,0.381734,0.033346,0.316870,0.000811,26,0,13236,6.204000,0.076536864
2,GPU_Stress,SPEA-II_PC90,204,0.492938,0.053338,0.238967,0.003769,41,0,13432,6.354000,0.074172601
2,GPU_Stress,SPEA-II_PC90,205,0.476644,0.026725,0.247313,0.003186,44,0,12964,6.232000,0.074653268
2,GPU_Stress,SPEA-II_PC90,206,0.552788,0.026782,0.211240,0.003085,45,0,13420,6.180000,0.073093639
2,GPU_Stress,SPEA-II_PC90,207,0.410593,0.002831,0.314886,0.000969,24,0,9667,5.816000,0.076107951
2,GPU_Stress,SPEA-II_PC90,208,0.513963,0.040576,0.227114,0.003090,37,0,13189,6.364000,0.073796671
2,GPU_Stress,SPEA-II_PC90,209,0.523290,0.024306,0.234501,0.003371,39,0,13603,6.188000,0.073709317
2,GPU_Stress,SPEA-II_PC90,MEAN,0.481626,0.027630,0.253703,0.002712,,0,12953,5.816000,0.073093639
2,GPU_Stress,AMOSA_PC90,200,0.282393,0.072519,0.359141,0.010691,15,0,14496,6.986000,0.078270235
2,GPU_Stress,AMOSA_PC90,201,0.284255,0.050199,0.368001,0.004197,12,0,13657,6.920000,0.078265946
2,GPU_Stress,AMOSA_PC90,202,0.259766,0.054809,0.384041,0.004031,13,0,13848,6.922000,0.078746590
2,GPU_Stress,AMOSA_PC90,203,0.275396,0.058432,0.369481,0.004935,15,0,13942,6.930000,0.078430715
2,GPU_Stress,AMOSA_PC90,204,0.265073,0.064444,0.371258,0.009826,11,0,14402,6.922000,0.078617788
2,GPU_Stress,AMOSA_PC90,205,0.254772,0.052511,0.386878,0.003134,12,0,14278,6.992000,0.078834604
2,GPU_Stress,AMOSA_PC90,206,0.298328,0.104186,0.342123,0.006198,23,0,13972,7.016000,0.077792177
2,GPU_Stress,AMOSA_PC90,207,0.258642,0.070562,0.380934,0.002091,16,0,14728,7.008000,0.078737268
2,GPU_Stress,AMOSA_PC90,208,0.243212,0.073580,0.386923,0.002122,12,0,13683,7.100000,0.079035994
2,GPU_Stress,AMOSA_PC90,209,0.256841,0.057107,0.385319,0.009765,12,0,13990,6.988000,0.078789292
2,GPU_Stress,AMOSA_PC90,MEAN,0.267868,0.065835,0.373410,0.005699,,0,14099,6.920000,0.077792177
2,GPU_Stress,GA_WaitingTime_Dominance_PC60,200,0.243745,0.055631,0.396280,0.008813,6,0,9334,6.924000,0.079061269
2,GPU_Stress,GA_WaitingTime_Dominance_PC60,201,0.233435,0.046499,0.412044,0.000000,2,0,9333,6.614000,0.079317423
2,GPU_Stress,GA_WaitingTime_Dominance_PC60,202,0.243953,0.050069,0.400367,0.006513,8,0,9467,6.178000,0.079167766
2,GPU_Stress,GA_WaitingTime_Dominance_PC60,203,0.237452,0.048425,0.405665,0.015548,6,0,9367,5.520000,0.079365969
2,GPU_Stress,GA_WaitingTime_Dominance_PC60,204,0.227007,0.060981,0.413056,0.002156,4,0,9799,7.092000,0.079365969
2,GPU_Stress,GA_WaitingTime_Dominance_PC60,205,0.243115,0.046326,0.400122,0.017487,5,0,9903,6.678000,0.079118738
2,GPU_Stress,GA_WaitingTime_Dominance_PC60,206,0.231110,0.057834,0.408196,0.004797,14,0,9581,6.956000,0.079306084
2,GPU_Stress,GA_WaitingTime_Dominance_PC60,207,0.243256,0.047425,0.401491,0.002440,11,0,9429,6.734000,0.079106612
2,GPU_Stress,GA_WaitingTime_Dominance_PC60,208,0.245150,0.051531,0.399758,0.002426,12,0,9194,6.594000,0.079087014
2,GPU_Stress,GA_WaitingTime_Dominance_PC60,209,0.230139,0.062981,0.408353,0.005897,9,0,9301,6.754000,0.079347408
2,GPU_Stress,GA_WaitingTime_Dominance_PC60,MEAN,0.237836,0.052770,0.404533,0.006608,,0,9470,5.520000,0.079061269
2,GPU_Stress,GA_Energy_Dominance_PC60,200,0.582765,0.115282,0.177675,0.011842,46,2,9548,8.708000,0.068202838
2,GPU_Stress,GA_Energy_Dominance_PC60,201,0.543162,0.164644,0.191899,0.007628,62,0,9909,9.356000,0.067019870
2,GPU_Stress,GA_Energy_Dominance_PC60,202,0.587470,0.129830,0.174532,0.018362,47,11,9748,9.186000,0.066660547
2,GPU_Stress,GA_Energy_Dominance_PC60,203,0.482257,0.205413,0.222349,0.018750,51,0,9927,9.558000,0.066427410
2,GPU_Stress,GA_Energy_Dominance_PC60,204,0.564083,0.167633,0.187951,0.013941,53,0,9652,9.216000,0.066834084
2,GPU_Stress,GA_Energy_Dominance_PC60,205,0.508098,0.112205,0.225226,0.004282,62,0,9205,8.732000,0.072765190
2,GPU_Stress,GA_Energy_Dominance_PC60,206,0.545210,0.137127,0.188886,0.005411,79,9,10145,9.008000,0.065841906
2,GPU_Stress,GA_Energy_Dominance_PC60,207,0.597610,0.123557,0.170921,0.008643,62,5,9563,8.658000,0.068309299
2,GPU_Stress,GA_Energy_Dominance_PC60,208,0.558242,0.121826,0.192627,0.005648,47,0,9427,8.662000,0.069960580
2,GPU_Stress,GA_Energy_Dominance_PC60,209,0.553928,0.157186,0.195810,0.023617,48,0,10379,9.514000,0.069210424
2,GPU_Stress,GA_Energy_Dominance_PC60,MEAN,0.552283,0.143470,0.192787,0.011812,,27,9750,8.658000,0.065841906
2,GPU_Stress,SA_WaitingTime_Dominance_PC60,200,0.276106,0.053789,0.383160,0.002287,12,0,7108,4.624000,0.079323864
2,GPU_Stress,SA_WaitingTime_Dominance_PC60,201,0.240470,0.044621,0.393854,0.012271,11,0,7147,4.554000,0.079293563
2,GPU_Stress,SA_WaitingTime_Dominance_PC60,202,0.255123,0.028740,0.389038,0.003333,8,0,7608,4.560000,0.079302811
2,GPU_Stress,SA_WaitingTime_Dominance_PC60,203,0.250741,0.056907,0.391851,0.006252,7,0,7130,4.654000,0.079323864
2,GPU_Stress,SA_WaitingTime_Dominance_PC60,204,0.233715,0.038158,0.396865,0.002728,12,1,6978,4.572000,0.079302212
2,GPU_Stress,SA_WaitingTime_Dominance_PC60,205,0.333098,0.080295,0.362232,0.005939,31,0,7281,4.736000,0.079310216
2,GPU_Stress,SA_WaitingTime_Dominance_PC60,206,0.230063,0.026345,0.397867,0.001870,7,0,7035,4.566000,0.079297765
2,GPU_Stress,SA_WaitingTime_Dominance_PC60,207,0.278998,0.052167,0.380761,0.001625,9,0,7071,4.648000,0.079238665
2,GPU_Stress,SA_WaitingTime_Dominance_PC60,208,0.270610,0.061276,0.384640,0.017523,13,0,7158,4.616000,0.079315994
2,GPU_Stress,SA_WaitingTime_Dominance_PC60,209,0.263040,0.051935,0.384380,0.003002,12,0,7133,4.546000,0.079203431
2,GPU_Stress,SA_WaitingTime_Dominance_PC60,MEAN,0.263196,0.049423,0.386465,0.005683,,1,7164,4.546000,0.079203431
2,GPU_Stress,SA_Energy_Dominance_PC60,200,0.538806,0.208137,0.215144,0.002437,48,4,6669,8.748000,0.069533727
2,GPU_Stress,SA_Energy_Dominance_PC60,201,0.520412,0.226766,0.211098,0.003597,38,0,6656,9.084000,0.069021479
2,GPU_Stress,SA_Energy_Dominance_PC60,202,0.541276,0.224410,0.210591,0.004001,78,4,6640,9.072000,0.069222367
2,GPU_Stress,SA_Energy_Dominance_PC60,203,0.521743,0.236473,0.211799,0.007068,37,3,6650,9.298000,0.068900050
2,GPU_Stress,SA_Energy_Dominance_PC60,204,0.514808,0.248730,0.225531,0.002718,43,0,6484,9.376000,0.070198626
2,GPU_Stress,SA_Energy_Dominance_PC60,205,0.508017,0.194012,0.219486,0.007793,37,0,6524,8.940000,0.070090305
2,GPU_Stress,SA_Energy_Dominance_PC60,206,0.513227,0.229658,0.223839,0.004872,43,0,6577,8.914000,0.070396152
2,GPU_Stress,SA_Energy_Dominance_PC60,207,0.510989,0.223318,0.226688,0.009487,51,0,6710,9.154000,0.070639939
2,GPU_Stress,SA_Energy_Dominance_PC60,208,0.534161,0.213786,0.209486,0.004285,67,0,6652,9.040000,0.069606332
2,GPU_Stress,SA_Energy_Dominance_PC60,209,0.559444,0.181088,0.220810,0.004711,45,4,6545,9.064000,0.069623489
2,GPU_Stress,SA_Energy_Dominance_PC60,MEAN,0.526289,0.218638,0.217447,0.005097,,15,6610,8.748000,0.068900050
2,GPU_Stress,NSGA-II_PC60,200,0.434893,0.036557,0.265455,0.003819,33,0,12706,6.636000,0.075366640
2,GPU_Stress,NSGA-II_PC60,201,0.414488,0.034581,0.285246,0.003675,37,0,12420,6.294000,0.075866535
2,GPU_Stress,NSGA-II_PC60,202,0.605200,0.018331,0.163471,0.006008,36,8,12668,6.758000,0.071736343
2,GPU_Stress,NSGA-II_PC60,203,0.543971,0.020035,0.232154,0.003509,40,0,12476,6.790000,0.073151980
2,GPU_Stress,NSGA-II_PC60,204,0.481886,0.030481,0.245214,0.002089,41,0,11957,6.266000,0.074536180
2,GPU_Stress,NSGA-II_PC60,205,0.530089,0.037555,0.206706,0.006374,43,0,12553,6.664000,0.073389034
2,GPU_Stress,NSGA-II_PC60,206,0.494191,0.020150,0.248016,0.001848,32,0,12599,6.768000,0.074180871
2,GPU_Stress,NSGA-II_PC60,207,0.476787,0.053433,0.244264,0.001969,52,0,12294,6.392000,0.074501670
2,GPU_Stress,NSGA-II_PC60,208,0.430358,0.027314,0.277141,0.007645,33,0,11931,6.224000,0.075586316
2,GPU_Stress,NSGA-II_PC60,209,0.541460,0.062199,0.189952,0.003428,51,0,12470,7.118000,0.072793760
2,GPU_Stress,NSGA-II_PC60,MEAN,0.495332,0.034063,0.235762,0.004036,,8,12407,6.224000,0.071736343
2,GPU_Stress,SPEA-II_PC60,200,0.407756,0.037147,0.283146,0.004624,33,0,13239,6.516000,0.075939788
2,GPU_Stress,SPEA-II_PC60,201,0.390162,0.029376,0.306677,0.002476,28,0,13168,6.356000,0.076338888
2,GPU_Stress,SPEA-II_PC60,202,0.414578,0.000158,0.303578,0.005284,23,22,12339,5.784000,0.076041039
2,GPU_Stress,SPEA-II_PC60,203,0.544266,0.026688,0.204768,0.005441,44,0,13440,6.582000,0.073165550
2,GPU_Stress,SPEA-II_PC60,204,0.438685,0.032404,0.271654,0.003160,36,0,13318,6.198000,0.075404125
2,GPU_Stress,SPEA-II_PC60,205,0.569976,0.030874,0.190781,0.007105,40,0,13396,6.498000,0.072569272
2,GPU_Stress,SPEA-II_PC60,206,0.537760,0.034551,0.207049,0.002357,53,0,13374,6.408000,0.073308069
2,GPU_Stress,SPEA-II_PC60,207,0.458808,0.049680,0.258149,0.002260,44,0,13493,6.552000,0.074866291
2,GPU_Stress,SPEA-II_PC60,208,0.470938,0.029631,0.246087,0.002376,32,0,13312,6.632000,0.074668348
2,GPU_Stress,SPEA-II_PC60,209,0.451159,0.034475,0.269462,0.001390,45,0,13459,6.342000,0.075121523
2,GPU_Stress,SPEA-II_PC60,MEAN,0.468409,0.030498,0.254135,0.003647,,22,13253,5.784000,0.072569272
2,GPU_Stress,AMOSA_PC60,200,0.254835,0.053174,0.386885,0.003292,16,0,13692,7.002000,0.078831111
2,GPU_Stress,AMOSA_PC60,201,0.271733,0.064478,0.364246,0.013347,14,0,13457,7.010000,0.078479001
2,GPU_Stress,AMOSA_PC60,202,0.252427,0.065430,0.377514,0.005049,13,0,13527,6.946000,0.078878351
2,GPU_Stress,AMOSA_PC60,203,0.244295,0.060520,0.397148,0.001818,15,0,13635,6.946000,0.079045600
2,GPU_Stress,AMOSA_PC60,204,0.260004,0.059040,0.371695,0.019908,12,0,14105,7.000000,0.078727019
2,GPU_Stress,AMOSA_PC60,205,0.249411,0.052830,0.393107,0.007094,12,0,13984,7.028000,0.078934616
2,GPU_Stress,AMOSA_PC60,206,0.317224,0.083758,0.326558,0.012209,26,0,13437,6.928000,0.077557629
2,GPU_Stress,AMOSA_PC60,207,0.260021,0.062827,0.378216,0.002341,9,0,12430,6.992000,0.078721699
2,GPU_Stress,AMOSA_PC60,208,0.254093,0.088207,0.375073,0.011290,14,0,13967,7.026000,0.078821616
2,GPU_Stress,AMOSA_PC60,209,0.270562,0.061024,0.372334,0.003404,20,0,13952,7.050000,0.078504487
2,GPU_Stress,AMOSA_PC60,MEAN,0.263461,0.065129,0.374277,0.007975,,0,13618,6.928000,0.077557629
2,GPU_Stress,GA_WaitingTime_Dominance_PC30,200,0.041727,0.413854,0.614258,0.036773,3,0,9432,13.536000,0.083461562
2,GPU_Stress,GA_WaitingTime_Dominance_PC30,201,0.037498,0.332594,0.600913,0.000000,1,0,9434,14.704000,0.082817447
2,GPU_Stress,GA_WaitingTime_Dominance_PC30,202,0.193024,0.085874,0.437112,0.000000,1,0,9167,7.670000,0.079955467
2,GPU_Stress,GA_WaitingTime_Dominance_PC30,203,0.057506,0.468815,0.616826,0.124811,4,0,8112,16.278000,0.082278676
2,GPU_Stress,GA_WaitingTime_Dominance_PC30,204,0.072098,0.315043,0.577156,0.000000,2,0,6840,13.348000,0.083036887
2,GPU_Stress,GA_WaitingTime_Dominance_PC30,205,0.214272,0.072017,0.421307,0.000000,1,0,8651,7.600000,0.079539494
2,GPU_Stress,GA_WaitingTime_Dominance_PC30,206,0.131840,0.342280,0.532122,0.020041,3,0,9164,14.288000,0.082466047
2,GPU_Stress,GA_WaitingTime_Dominance_PC30,207,0.040996,0.381357,0.604781,0.068509,3,0,9223,11.884000,0.083688990
2,GPU_Stress,GA_WaitingTime_Dominance_PC30,208,0.113263,0.437973,0.569556,0.052248,6,0,9319,13.802000,0.083571596
2,GPU_Stress,GA_WaitingTime_Dominance_PC30,209,0.096851,0.396974,0.587198,0.035922,5,0,9331,15.702000,0.083368212
2,GPU_Stress,GA_WaitingTime_Dominance_PC30,MEAN,0.099908,0.324678,0.556123,0.033830,,0,8867,7.600000,0.079539494
2,GPU_Stress,GA_Energy_Dominance_PC30,200,0.580510,0.117986,0.174564,0.014059,49,2,9912,8.786000,0.068202838
2,GPU_Stress,GA_Energy_Dominance_PC30,201,0.542805,0.159384,0.192530,0.009350,58,0,10108,9.356000,0.067019870
2,GPU_Stress,GA_Energy_Dominance_PC30,202,0.587058,0.135639,0.174532,0.018662,49,11,9791,9.186000,0.066660547
2,GPU_Stress,GA_Energy_Dominance_PC30,203,0.479656,0.196875,0.222425,0.024289,45,0,9797,9.558000,0.066427410
2,GPU_Stress,GA_Energy_Dominance_PC30,204,0.561836,0.168210,0.193343,0.011665,52,0,9793,9.558000,0.066834084
2,GPU_Stress,GA_Energy_Dominance_PC30,205,0.508098,0.112205,0.225226,0.004282,62,0,9255,8.732000,0.072765190
2,GPU_Stress,GA_Energy_Dominance_PC30,206,0.544744,0.141820,0.188911,0.006558,80,9,10100,9.008000,0.065841906
2,GPU_Stress,GA_Energy_Dominance_PC30,207,0.597611,0.123559,0.170921,0.008716,63,5,9791,8.658000,0.068309299
2,GPU_Stress,GA_Energy_Dominance_PC30,208,0.558242,0.121826,0.192627,0.005648,47,0,9660,8.662000,0.069960580
2,GPU_Stress,GA_Energy_Dominance_PC30,209,0.550807,0.125640,0.203434,0.023067,35,0,10008,9.544000,0.069210424
2,GPU_Stress,GA_Energy_Dominance_PC30,MEAN,0.551137,0.140314,0.193851,0.012630,,27,9821,8.658000,0.065841906
2,GPU_Stress,SA_WaitingTime_Dominance_PC30,200,0.000000,0.196154,0.681257,0.000000,1,0,7387,7.546000,0.087477383
2,GPU_Stress,SA_WaitingTime_Dominance_PC30,201,0.000759,0.104149,0.637100,0.000000,2,0,7278,7.022000,0.085019980
2,GPU_Stress,SA_WaitingTime_Dominance_PC30,202,0.000000,0.179718,0.684060,0.000000,1,0,7180,6.544000,0.087429850
2,GPU_Stress,SA_WaitingTime_Dominance_PC30,203,0.001150,0.210383,0.684334,0.000000,2,0,7039,7.774000,0.087762534
2,GPU_Stress,SA_WaitingTime_Dominance_PC30,204,0.011399,0.054929,0.618397,0.004617,4,0,6972,5.938000,0.084236686
2,GPU_Stress,SA_WaitingTime_Dominance_PC30,205,0.000000,0.099027,0.642928,0.000000,1,0,7364,6.586000,0.085211148
2,GPU_Stress,SA_WaitingTime_Dominance_PC30,206,0.130923,0.084210,0.490086,0.000000,1,0,7108,7.362000,0.081233162
2,GPU_Stress,SA_WaitingTime_Dominance_PC30,207,0.000959,0.141380,0.668383,0.000000,2,0,7126,6.230000,0.086490439
2,GPU_Stress,SA_WaitingTime_Dominance_PC30,208,0.044788,0.130486,0.614679,0.027274,6,0,7168,6.216000,0.085310839
2,GPU_Stress,SA_WaitingTime_Dominance_PC30,209,0.000000,0.143699,0.645464,0.000000,1,0,7194,7.996000,0.085516509
2,GPU_Stress,SA_WaitingTime_Dominance_PC30,MEAN,0.018998,0.134414,0.636669,0.003189,,0,7181,5.938000,0.081233162
2,GPU_Stress,SA_Energy_Dominance_PC30,200,0.533725,0.120112,0.215144,0.003053,26,4,6665,8.748000,0.069533727
2,GPU_Stress,SA_Energy_Dominance_PC30,201,0.502370,0.131814,0.213836,0.003963,17,0,6769,9.084000,0.069021479
2,GPU_Stress,SA_Energy_Dominance_PC30,202,0.521586,0.151882,0.215664,0.005201,26,5,6601,9.354000,0.069222367
2,GPU_Stress,SA_Energy_Dominance_PC30,203,0.511836,0.096736,0.211799,0.008935,16,3,6644,9.298000,0.068900050
2,GPU_Stress,SA_Energy_Dominance_PC30,204,0.513354,0.198471,0.225531,0.007251,24,0,6573,9.376000,0.070198626
2,GPU_Stress,SA_Energy_Dominance_PC30,205,0.505490,0.199701,0.225009,0.004830,23,0,6566,9.292000,0.070090305
2,GPU_Stress,SA_Energy_Dominance_PC30,206,0.510767,0.176100,0.223839,0.005177,25,0,6550,8.914000,0.070396152
2,GPU_Stress,SA_Energy_Dominance_PC30,207,0.509185,0.204895,0.227066,0.012744,32,0,6684,9.154000,0.070639939
2,GPU_Stress,SA_Energy_Dominance_PC30,208,0.529631,0.181629,0.209486,0.004736,42,0,7016,9.040000,0.069606332
2,GPU_Stress,SA_Energy_Dominance_PC30,209,0.548986,0.116459,0.225816,0.004431,22,4,6607,9.064000,0.069623489
2,GPU_Stress,SA_Energy_Dominance_PC30,MEAN,0.518693,0.157780,0.219319,0.006032,,16,6667,8.748000,0.068900050
2,GPU_Stress,NSGA-II_PC30,200,0.574337,0.050869,0.175892,0.006698,43,0,12676,7.240000,0.072063686
2,GPU_Stress,NSGA-II_PC30,201,0.505686,0.048473,0.223437,0.004023,48,0,12454,6.976000,0.073789155
2,GPU_Stress,NSGA-II_PC30,202,0.531244,0.056292,0.205883,0.007231,41,0,12849,7.216000,0.073116960
2,GPU_Stress,NSGA-II_PC30,203,0.477365,0.057600,0.237516,0.004829,42,0,11650,6.818000,0.074364117
2,GPU_Stress,NSGA-II_PC30,204,0.405476,0.032062,0.292030,0.003835,39,0,12351,6.400000,0.076025036
2,GPU_Stress,NSGA-II_PC30,205,0.417172,0.040173,0.289873,0.002151,33,0,12372,6.586000,0.075735207
2,GPU_Stress,NSGA-II_PC30,206,0.420094,0.027331,0.287087,0.001858,41,0,12584,6.290000,0.075770704
2,GPU_Stress,NSGA-II_PC30,207,0.396383,0.038681,0.293540,0.003034,28,0,12608,6.450000,0.076183499
2,GPU_Stress,NSGA-II_PC30,208,0.512375,0.054785,0.225230,0.003015,42,0,13042,7.168000,0.073555353
2,GPU_Stress,NSGA-II_PC30,209,0.466747,0.045914,0.252115,0.002873,42,0,12601,6.928000,0.074617303
2,GPU_Stress,NSGA-II_PC30,MEAN,0.470688,0.045218,0.248260,0.003955,,0,12518,6.290000,0.072063686
2,GPU_Stress,SPEA-II_PC30,200,0.414819,0.026068,0.294114,0.001487,27,0,13678,6.396000,0.075853815
2,GPU_Stress,SPEA-II_PC30,201,0.398366,0.022465,0.307381,0.002300,23,0,12848,6.144000,0.076243040
2,GPU_Stress,SPEA-II_PC30,202,0.425076,0.030759,0.280586,0.003383,28,0,12957,6.408000,0.075636195
2,GPU_Stress,SPEA-II_PC30,203,0.455591,0.050769,0.249366,0.002453,41,0,13264,6.780000,0.074858923
2,GPU_Stress,SPEA-II_PC30,204,0.469740,0.053036,0.249668,0.003966,36,0,13309,6.750000,0.074572035
2,GPU_Stress,SPEA-II_PC30,205,0.399818,0.028420,0.300865,0.002022,36,0,11210,6.190000,0.076191192
2,GPU_Stress,SPEA-II_PC30,206,0.472107,0.047425,0.250143,0.003217,35,0,9826,6.794000,0.074542186
2,GPU_Stress,SPEA-II_PC30,207,0.447806,0.035333,0.267337,0.001654,39,0,9697,6.504000,0.075138300
2,GPU_Stress,SPEA-II_PC30,208,0.397285,0.037577,0.299699,0.001191,40,0,9701,6.276000,0.076204238
2,GPU_Stress,SPEA-II_PC30,209,0.462580,0.052772,0.249304,0.003898,37,0,10814,6.804000,0.074682272
2,GPU_Stress,SPEA-II_PC30,MEAN,0.434319,0.038463,0.274846,0.002557,,0,11730,6.144000,0.074542186
2,GPU_Stress,AMOSA_PC30,200,0.252873,0.087291,0.380026,0.008086,19,0,14445,7.490000,0.078751993
2,GPU_Stress,AMOSA_PC30,201,0.248734,0.093696,0.386168,0.003035,17,0,12265,7.548000,0.078826916
2,GPU_Stress,AMOSA_PC30,202,0.281969,0.105123,0.350371,0.005497,27,0,13884,7.760000,0.078058176
2,GPU_Stress,AMOSA_PC30,203,0.284689,0.089263,0.356825,0.003972,16,0,13936,7.786000,0.078063953
2,GPU_Stress,AMOSA_PC30,204,0.238545,0.106109,0.389945,0.006996,22,0,13715,7.584000,0.079007677
2,GPU_Stress,AMOSA_PC30,205,0.261001,0.079144,0.375197,0.004461,16,0,13782,7.466000,0.078601242
2,GPU_Stress,AMOSA_PC30,206,0.296058,0.092744,0.345419,0.008217,27,0,14319,7.612000,0.077828257
2,GPU_Stress,AMOSA_PC30,207,0.313231,0.111500,0.331359,0.006980,22,0,13717,8.012000,0.077356991
2,GPU_Stress,AMOSA_PC30,208,0.238625,0.105630,0.390793,0.006981,17,0,13833,8.250000,0.078915163
2,GPU_Stress,AMOSA_PC30,209,0.260540,0.080705,0.375724,0.006149,19,0,11879,7.400000,0.078618146
2,GPU_Stress,AMOSA_PC30,MEAN,0.267626,0.095120,0.368183,0.006037,,0,13577,7.400000,0.077356991
3,CPU_Stress,GA_WaitingTime_Dominance,200,0.169225,0.023970,0.522286,0.007847,22,0,3947,1.444000,0.044579944
3,CPU_Stress,GA_WaitingTime_Dominance,201,0.134802,0.026796,0.536474,0.017927,13,0,4139,1.426000,0.044908862
3,CPU_Stress,GA_WaitingTime_Dominance,202,0.169653,0.045715,0.509324,0.011100,9,2,4250,1.434000,0.044263780
3,CPU_Stress,GA_WaitingTime_Dominance,203,0.146528,0.009675,0.545575,0.027882,6,3,4099,1.440000,0.044718838
3,CPU_Stress,GA_WaitingTime_Dominance,204,0.133093,0.019744,0.543258,0.024728,18,0,4050,1.438000,0.044922641
3,CPU_Stress,GA_WaitingTime_Dominance,205,0.140104,0.013658,0.544219,0.028455,11,0,4011,1.418000,0.044820301
3,CPU_Stress,GA_WaitingTime_Dominance,206,0.156245,0.030598,0.524683,0.009079,21,0,3955,1.426000,0.044475040
3,CPU_Stress,GA_WaitingTime_Dominance,207,0.159480,0.042765,0.517768,0.013819,9,0,4002,1.448000,0.044402017
3,CPU_Stress,GA_WaitingTime_Dominance,208,0.142010,0.026696,0.532909,0.007591,25,0,4007,1.434000,0.044744432
3,CPU_Stress,GA_WaitingTime_Dominance,209,0.144959,0.033046,0.535764,0.016122,9,0,4043,1.466000,0.044688685
3,CPU_Stress,GA_WaitingTime_Dominance,MEAN,0.149610,0.027267,0.531226,0.016455,,5,4050,1.418000,0.044263780
3,CPU_Stress,GA_Energy_Dominance,200,0.682747,0.057193,0.076319,0.005947,100,1,5620,3.040000,0.030357896
3,CPU_Stress,GA_Energy_Dominance,201,0.670538,0.063220,0.085847,0.005638,88,5,6149,3.082000,0.030689968
3,CPU_Stress,GA_Energy_Dominance,202,0.683621,0.044771,0.079553,0.008931,88,13,5509,2.980000,0.031613113
3,CPU_Stress,GA_Energy_Dominance,203,0.670980,0.056151,0.083551,0.010644,89,0,5798,3.128000,0.030262372
3,CPU_Stress,GA_Energy_Dominance,204,0.689659,0.039224,0.076517,0.007364,93,15,6077,2.984000,0.029984423
3,CPU_Stress,GA_Energy_Dominance,205,0.658461,0.070428,0.090290,0.010654,85,0,5619,3.178000,0.030471607
3,CPU_Stress,GA_Energy_Dominance,206,0.631757,0.100015,0.107949,0.010265,91,0,5843,3.102000,0.030978648
3,CPU_Stress,GA_Energy_Dominance,207,0.700884,0.038033,0.068046,0.005593,97,23,5833,3.204000,0.029842658
3,CPU_Stress,GA_Energy_Dominance,208,0.685046,0.043203,0.080322,0.004696,92,1,5597,3.204000,0.031050099
3,CPU_Stress,GA_Energy_Dominance,209,0.680814,0.049409,0.083044,0.007527,76,20,5702,3.150000,0.031020090
3,CPU_Stress,GA_Energy_Dominance,MEAN,0.675451,0.056165,0.083144,0.007726,,78,5774,2.980000,0.029842658
3,CPU_Stress,SA_WaitingTime_Dominance,200,0.096505,0.009591,0.595457,0.002117,26,0,2589,1.306000,0.045616334
3,CPU_Stress,SA_WaitingTime_Dominance,201,0.131253,0.017622,0.559056,0.003730,24,0,2620,1.306000,0.044982966
3,CPU_Stress,SA_WaitingTime_Dominance,202,0.096711,0.009302,0.595711,0.006152,15,0,2576,1.312000,0.045604117
3,CPU_Stress,SA_WaitingTime_Dominance,203,0.144717,0.010587,0.553523,0.001228,15,9,2382,1.310000,0.044761734
3,CPU_Stress,SA_WaitingTime_Dominance,204,0.101700,0.012392,0.587899,0.002058,28,0,2531,1.298000,0.045517536
3,CPU_Stress,SA_WaitingTime_Dominance,205,0.113545,0.014517,0.576119,0.008225,16,3,2558,1.282000,0.045307326
3,CPU_Stress,SA_WaitingTime_Dominance,206,0.102921,0.008442,0.588061,0.003540,32,0,2693,1.284000,0.045648560
3,CPU_Stress,SA_WaitingTime_Dominance,207,0.111679,0.017376,0.579482,0.002518,25,4,2550,1.296000,0.045338263
3,CPU_Stress,SA_WaitingTime_Dominance,208,0.094728,0.008743,0.597229,0.002439,21,0,1807,1.314000,0.045640661
3,CPU_Stress,SA_WaitingTime_Dominance,209,0.104324,0.013418,0.583666,0.002088,25,2,1807,1.292000,0.045474168
3,CPU_Stress,SA_WaitingTime_Dominance,MEAN,0.109808,0.012199,0.581620,0.003410,,18,2411,1.282000,0.044761734
3,CPU_Stress,SA_Energy_Dominance,200,0.506998,0.118436,0.253997,0.002988,112,0,2025,3.332000,0.036804011
3,CPU_Stress,SA_Energy_Dominance,201,0.557386,0.122585,0.200484,0.003217,119,0,2054,3.278000,0.035136706
3,CPU_Stress,SA_Energy_Dominance,202,0.495746,0.095383,0.281411,0.001687,107,0,1954,3.240000,0.037514478
3,CPU_Stress,SA_Energy_Dominance,203,0.536902,0.125743,0.229097,0.004747,115,0,2039,3.306000,0.035871423
3,CPU_Stress,SA_Energy_Dominance,204,0.560192,0.136077,0.191722,0.003210,127,0,2108,3.286000,0.034637946
3,CPU_Stress,SA_Energy_Dominance,205,0.545206,0.098885,0.256644,0.001420,125,0,2057,3.158000,0.036406715
3,CPU_Stress,SA_Energy_Dominance,206,0.543257,0.126567,0.244425,0.002634,108,2,2640,3.220000,0.035840442
3,CPU_Stress,SA_Energy_Dominance,207,0.562847,0.133015,0.216100,0.004441,83,3,3001,3.320000,0.035101960
3,CPU_Stress,SA_Energy_Dominance,208,0.531198,0.161918,0.188569,0.005201,129,0,3360,3.330000,0.034110616
3,CPU_Stress,SA_Energy_Dominance,209,0.533200,0.101906,0.257683,0.002909,126,0,2883,3.284000,0.036602302
3,CPU_Stress,SA_Energy_Dominance,MEAN,0.537293,0.122052,0.232013,0.003245,,5,2412,3.158000,0.034110616
3,CPU_Stress,NSGA-II,200,0.559118,0.005696,0.279891,0.006689,45,21,8688,1.752000,0.037223072
3,CPU_Stress,NSGA-II,201,0.569114,0.010806,0.268007,0.010844,51,0,8618,1.744000,0.036999214
3,CPU_Stress,NSGA-II,202,0.573357,0.015300,0.252935,0.004214,59,0,8850,1.744000,0.036868528
3,CPU_Stress,NSGA-II,203,0.556041,0.017389,0.266829,0.004251,56,0,8466,1.764000,0.037215604
3,CPU_Stress,NSGA-II,204,0.558024,0.016880,0.258028,0.004638,58,0,8593,1.774000,0.037180098
3,CPU_Stress,NSGA-II,205,0.511008,0.012393,0.303289,0.003151,55,0,10047,1.738000,0.038105332
3,CPU_Stress,NSGA-II,206,0.539330,0.010806,0.282643,0.003861,48,0,8649,1.752000,0.037578684
3,CPU_Stress,NSGA-II,207,0.540927,0.017188,0.280861,0.003641,55,0,6420,1.738000,0.037493415
3,CPU_Stress,NSGA-II,208,0.554003,0.010470,0.274928,0.005984,54,0,6289,1.734000,0.037292909
3,CPU_Stress,NSGA-II,209,0.528565,0.014109,0.281916,0.005702,50,0,9468,1.754000,0.037769281
3,CPU_Stress,NSGA-II,MEAN,0.548949,0.013104,0.274933,0.005297,,21,8408,1.734000,0.036868528
3,CPU_Stress,SPEA-II,200,0.537801,0.012302,0.280725,0.005340,57,0,10689,1.738000,0.037583574
3,CPU_Stress,SPEA-II,201,0.484480,0.014216,0.317239,0.009343,49,0,9555,1.742000,0.038582077
3,CPU_Stress,SPEA-II,202,0.528203,0.015576,0.288480,0.003844,55,0,10419,1.716000,0.037768967
3,CPU_Stress,SPEA-II,203,0.516092,0.017484,0.296276,0.009030,46,0,10071,1.728000,0.037980971
3,CPU_Stress,SPEA-II,204,0.508563,0.011820,0.304296,0.004714,49,5,9471,1.706000,0.038160162
3,CPU_Stress,SPEA-II,205,0.505698,0.014475,0.307770,0.003386,42,0,8992,1.708000,0.038188076
3,CPU_Stress,SPEA-II,206,0.491651,0.011376,0.318381,0.003239,47,0,8250,1.714000,0.038462546
3,CPU_Stress,SPEA-II,207,0.468818,0.011498,0.336952,0.006741,36,0,7930,1.690000,0.038911461
3,CPU_Stress,SPEA-II,208,0.513689,0.013800,0.297952,0.005141,53,4,8255,1.672000,0.038052355
3,CPU_Stress,SPEA-II,209,0.540569,0.019025,0.274911,0.004058,52,0,8270,1.716000,0.037502862
3,CPU_Stress,SPEA-II,MEAN,0.509556,0.014157,0.302298,0.005483,,9,9190,1.672000,0.037502862
3,CPU_Stress,AMOSA,200,0.212459,0.058033,0.475381,0.005615,25,0,6891,1.784000,0.043403528
3,CPU_Stress,AMOSA,201,0.212316,0.055136,0.475830,0.006340,26,0,6974,1.784000,0.043403528
3,CPU_Stress,AMOSA,202,0.213379,0.059633,0.476606,0.002460,25,0,7209,1.784000,0.043372140
3,CPU_Stress,AMOSA,203,0.212731,0.062857,0.476009,0.005909,23,0,7147,1.784000,0.043403528
3,CPU_Stress,AMOSA,204,0.212427,0.059958,0.474057,0.005163,26,0,7032,1.782000,0.043403528
3,CPU_Stress,AMOSA,205,0.211040,0.061743,0.477025,0.003998,28,0,6830,1.784000,0.043403528
3,CPU_Stress,AMOSA,206,0.221586,0.040624,0.475734,0.011268,20,0,7092,1.780000,0.043254927
3,CPU_Stress,AMOSA,207,0.218968,0.061790,0.473535,0.007179,24,0,6786,1.782000,0.043294098
3,CPU_Stress,AMOSA,208,0.212748,0.060469,0.472314,0.010862,26,0,6583,1.778000,0.043403528
3,CPU_Stress,AMOSA,209,0.213167,0.053227,0.472424,0.006051,26,0,6584,1.780000,0.043403528
3,CPU_Stress,AMOSA,MEAN,0.214082,0.057347,0.474891,0.006484,,0,6912,1.778000,0.043254927
3,CPU_Stress,GA_WaitingTime_Dominance_PC90,200,0.169218,0.023989,0.522289,0.007849,22,0,6476,1.444000,0.044579944
3,CPU_Stress,GA_WaitingTime_Dominance_PC90,201,0.134802,0.026796,0.536474,0.017927,13,0,6343,1.426000,0.044908862
3,CPU_Stress,GA_WaitingTime_Dominance_PC90,202,0.169653,0.045715,0.509324,0.011100,9,2,6511,1.434000,0.044263780
3,CPU_Stress,GA_WaitingTime_Dominance_PC90,203,0.146528,0.009675,0.545575,0.027882,6,3,6527,1.440000,0.044718838
3,CPU_Stress,GA_WaitingTime_Dominance_PC90,204,0.133093,0.019744,0.543258,0.024728,18,0,8259,1.438000,0.044922641
3,CPU_Stress,GA_WaitingTime_Dominance_PC90,205,0.140104,0.013658,0.544219,0.028455,11,0,8043,1.418000,0.044820301
3,CPU_Stress,GA_WaitingTime_Dominance_PC90,206,0.156245,0.030598,0.524683,0.009079,21,0,6353,1.426000,0.044475040
3,CPU_Stress,GA_WaitingTime_Dominance_PC90,207,0.159480,0.042765,0.517768,0.013819,9,0,7949,1.448000,0.044402017
3,CPU_Stress,GA_WaitingTime_Dominance_PC90,208,0.142010,0.026696,0.532909,0.007591,25,0,8995,1.434000,0.044744432
3,CPU_Stress,GA_WaitingTime_Dominance_PC90,209,0.144959,0.033046,0.535764,0.016122,9,0,9193,1.466000,0.044688685
3,CPU_Stress,GA_WaitingTime_Dominance_PC90,MEAN,0.149609,0.027268,0.531226,0.016455,,5,7464,1.418000,0.044263780
3,CPU_Stress,GA_Energy_Dominance_PC90,200,0.682747,0.057193,0.076319,0.005947,100,1,10390,3.040000,0.030357896
3,CPU_Stress,GA_Energy_Dominance_PC90,201,0.670538,0.063220,0.085847,0.005638,88,5,10314,3.082000,0.030689968
3,CPU_Stress,GA_Energy_Dominance_PC90,202,0.683621,0.044771,0.079553,0.008931,88,13,10376,2.980000,0.031613113
3,CPU_Stress,GA_Energy_Dominance_PC90,203,0.670980,0.056151,0.083551,0.010644,89,0,10741,3.128000,0.030262372
3,CPU_Stress,GA_Energy_Dominance_PC90,204,0.689659,0.039224,0.076517,0.007364,93,15,10300,2.984000,0.029984423
3,CPU_Stress,GA_Energy_Dominance_PC90,205,0.658461,0.070428,0.090290,0.010654,85,0,10113,3.178000,0.030471607
3,CPU_Stress,GA_Energy_Dominance_PC90,206,0.631757,0.100015,0.107949,0.010265,91,0,10302,3.102000,0.030978648
3,CPU_Stress,GA_Energy_Dominance_PC90,207,0.700884,0.038033,0.068046,0.005593,97,23,10625,3.204000,0.029842658
3,CPU_Stress,GA_Energy_Dominance_PC90,208,0.685046,0.043203,0.080322,0.004696,92,1,10651,3.204000,0.031050099
3,CPU_Stress,GA_Energy_Dominance_PC90,209,0.680814,0.049409,0.083044,0.007527,76,20,10362,3.150000,0.031020090
3,CPU_Stress,GA_Energy_Dominance_PC90,MEAN,0.675451,0.056165,0.083144,0.007726,,78,10417,2.980000,0.029842658
3,CPU_Stress,SA_WaitingTime_Dominance_PC90,200,0.096505,0.009608,0.595460,0.002142,26,0,6518,1.306000,0.045616334
3,CPU_Stress,SA_WaitingTime_Dominance_PC90,201,0.131253,0.017622,0.559056,0.003730,24,0,6924,1.306000,0.044982966
3,CPU_Stress,SA_WaitingTime_Dominance_PC90,202,0.096711,0.009302,0.595711,0.006152,15,0,7024,1.312000,0.045604117
3,CPU_Stress,SA_WaitingTime_Dominance_PC90,203,0.144717,0.010587,0.553523,0.001228,15,9,6647,1.310000,0.044761734
3,CPU_Stress,SA_WaitingTime_Dominance_PC90,204,0.101698,0.012719,0.587899,0.002105,27,0,7052,1.298000,0.045517536
3,CPU_Stress,SA_WaitingTime_Dominance_PC90,205,0.113546,0.015337,0.576119,0.008464,15,4,4796,1.282000,0.045307326
3,CPU_Stress,SA_WaitingTime_Dominance_PC90,206,0.102921,0.008442,0.588061,0.003540,32,0,6376,1.284000,0.045648560
3,CPU_Stress,SA_WaitingTime_Dominance_PC90,207,0.111679,0.016847,0.579482,0.002713,24,4,7913,1.296000,0.045338263
3,CPU_Stress,SA_WaitingTime_Dominance_PC90,208,0.094728,0.008743,0.597229,0.002439,21,0,6979,1.314000,0.045640661
3,CPU_Stress,SA_WaitingTime_Dominance_PC90,209,0.104321,0.013316,0.583666,0.001839,25,2,6720,1.292000,0.045474168
3,CPU_Stress,SA_WaitingTime_Dominance_PC90,MEAN,0.109808,0.012252,0.581621,0.003435,,19,6694,1.282000,0.044761734
3,CPU_Stress,SA_Energy_Dominance_PC90,200,0.506998,0.118436,0.253997,0.002988,112,0,6613,3.332000,0.036804011
3,CPU_Stress,SA_Energy_Dominance_PC90,201,0.557386,0.122585,0.200484,0.003217,119,0,6556,3.278000,0.035136706
3,CPU_Stress,SA_Energy_Dominance_PC90,202,0.495746,0.095383,0.281411,0.001687,107,0,6706,3.240000,0.037514478
3,CPU_Stress,SA_Energy_Dominance_PC90,203,0.536900,0.125968,0.229097,0.004746,114,0,7179,3.306000,0.035871423
3,CPU_Stress,SA_Energy_Dominance_PC90,204,0.560192,0.136077,0.191722,0.003210,127,0,6649,3.286000,0.034637946
3,CPU_Stress,SA_Energy_Dominance_PC90,205,0.545206,0.098885,0.256644,0.001420,125,0,6860,3.158000,0.036406715
3,CPU_Stress,SA_Energy_Dominance_PC90,206,0.543257,0.126567,0.244425,0.002634,108,2,6682,3.220000,0.035840442
3,CPU_Stress,SA_Energy_Dominance_PC90,207,0.562847,0.133015,0.216100,0.004441,83,3,6460,3.320000,0.035101960
3,CPU_Stress,SA_Energy_Dominance_PC90,208,0.531198,0.161918,0.188569,0.005201,129,0,6606,3.330000,0.034110616
3,CPU_Stress,SA_Energy_Dominance_PC90,209,0.533200,0.101906,0.257683,0.002909,126,0,6629,3.284000,0.036602302
3,CPU_Stress,SA_Energy_Dominance_PC90,MEAN,0.537293,0.122074,0.232013,0.003245,,5,6694,3.158000,0.034110616
3,CPU_Stress,NSGA-II_PC90,200,0.548743,0.010192,0.281222,0.005515,51,0,12601,1.732000,0.037404222
3,CPU_Stress,NSGA-II_PC90,201,0.558371,0.011294,0.277060,0.003699,56,0,12825,1.762000,0.037195159
3,CPU_Stress,NSGA-II_PC90,202,0.603738,0.009331,0.235010,0.005444,54,0,12642,1.750000,0.036313670
3,CPU_Stress,NSGA-II_PC90,203,0.553858,0.012846,0.275512,0.006015,54,0,12831,1.730000,0.037280284
3,CPU_Stress,NSGA-II_PC90,204,0.560914,0.011050,0.264568,0.005319,45,1,12784,1.736000,0.037169899
3,CPU_Stress,NSGA-II_PC90,205,0.506469,0.008725,0.307303,0.006092,43,6,12621,1.704000,0.038224710
3,CPU_Stress,NSGA-II_PC90,206,0.565477,0.011290,0.258335,0.003889,53,0,12702,1.748000,0.037066853
3,CPU_Stress,NSGA-II_PC90,207,0.601064,0.015052,0.237291,0.006909,51,0,12923,1.716000,0.036306309
3,CPU_Stress,NSGA-II_PC90,208,0.556045,0.015551,0.272043,0.005802,54,0,12823,1.732000,0.037216474
3,CPU_Stress,NSGA-II_PC90,209,0.548645,0.017256,0.269265,0.003521,61,0,12658,1.730000,0.037363970
3,CPU_Stress,NSGA-II_PC90,MEAN,0.560333,0.012259,0.267761,0.005220,,7,12741,1.704000,0.036306309
3,CPU_Stress,SPEA-II_PC90,200,0.525760,0.014773,0.287662,0.004009,51,0,13453,1.716000,0.037814640
3,CPU_Stress,SPEA-II_PC90,201,0.505979,0.013809,0.307560,0.002930,49,0,13382,1.744000,0.038185116
3,CPU_Stress,SPEA-II_PC90,202,0.508643,0.008440,0.314538,0.002761,55,2,13509,1.724000,0.038169478
3,CPU_Stress,SPEA-II_PC90,203,0.505261,0.019805,0.307580,0.004012,48,2,13571,1.688000,0.038204942
3,CPU_Stress,SPEA-II_PC90,204,0.486509,0.009300,0.317802,0.003257,43,1,13496,1.716000,0.038573943
3,CPU_Stress,SPEA-II_PC90,205,0.482428,0.016595,0.314702,0.003434,49,0,12654,1.698000,0.038616819
3,CPU_Stress,SPEA-II_PC90,206,0.525214,0.016455,0.289549,0.007160,52,0,14306,1.746000,0.037807548
3,CPU_Stress,SPEA-II_PC90,207,0.510014,0.006533,0.317180,0.004840,43,16,13539,1.728000,0.038150686
3,CPU_Stress,SPEA-II_PC90,208,0.473692,0.013465,0.320841,0.002981,51,0,13478,1.714000,0.038799424
3,CPU_Stress,SPEA-II_PC90,209,0.520786,0.010107,0.297470,0.006280,47,0,13786,1.726000,0.037921444
3,CPU_Stress,SPEA-II_PC90,MEAN,0.504429,0.012928,0.307488,0.004166,,21,13517,1.688000,0.037807548
3,CPU_Stress,AMOSA_PC90,200,0.212674,0.057655,0.475485,0.003225,30,0,13728,1.784000,0.043403528
3,CPU_Stress,AMOSA_PC90,201,0.212316,0.055136,0.475830,0.006340,26,0,13702,1.784000,0.043403528
3,CPU_Stress,AMOSA_PC90,202,0.213379,0.059633,0.476606,0.002460,25,0,13724,1.784000,0.043372140
3,CPU_Stress,AMOSA_PC90,203,0.212731,0.062857,0.476009,0.005909,23,0,13823,1.784000,0.043403528
3,CPU_Stress,AMOSA_PC90,204,0.212283,0.058283,0.474250,0.003619,30,0,13642,1.780000,0.043403528
3,CPU_Stress,AMOSA_PC90,205,0.211040,0.061743,0.477025,0.003998,28,0,13627,1.784000,0.043403528
3,CPU_Stress,AMOSA_PC90,206,0.221925,0.041512,0.477348,0.008664,20,0,13638,1.784000,0.043254927
3,CPU_Stress,AMOSA_PC90,207,0.218968,0.061790,0.473535,0.007179,24,0,13666,1.782000,0.043294098
3,CPU_Stress,AMOSA_PC90,208,0.212611,0.059805,0.473167,0.005839,28,0,13557,1.780000,0.043403528
3,CPU_Stress,AMOSA_PC90,209,0.213167,0.053227,0.472424,0.006051,26,0,13650,1.780000,0.043403528
3,CPU_Stress,AMOSA_PC90,MEAN,0.214109,0.057164,0.475168,0.005328,,0,13675,1.780000,0.043254927
3,CPU_Stress,GA_WaitingTime_Dominance_PC60,200,0.175007,0.025075,0.520068,0.038200,12,0,8567,1.640000,0.044579944
3,CPU_Stress,GA_WaitingTime_Dominance_PC60,201,0.131606,0.021496,0.546163,0.028368,16,0,8775,1.656000,0.044916076
3,CPU_Stress,GA_WaitingTime_Dominance_PC60,202,0.165565,0.055490,0.509697,0.013137,10,0,8615,1.606000,0.044263780
3,CPU_Stress,GA_WaitingTime_Dominance_PC60,203,0.115551,0.031351,0.561843,0.005826,11,0,8762,1.612000,0.045251962
3,CPU_Stress,GA_WaitingTime_Dominance_PC60,204,0.132163,0.024414,0.543955,0.030097,13,0,8614,1.636000,0.044922641
3,CPU_Stress,GA_WaitingTime_Dominance_PC60,205,0.139065,0.018678,0.545961,0.029725,9,0,8565,1.546000,0.044820301
3,CPU_Stress,GA_WaitingTime_Dominance_PC60,206,0.155299,0.026222,0.524886,0.016256,20,0,8529,1.618000,0.044475040
3,CPU_Stress,GA_WaitingTime_Dominance_PC60,207,0.157095,0.038571,0.517533,0.012868,20,0,8607,1.634000,0.044402017
3,CPU_Stress,GA_WaitingTime_Dominance_PC60,208,0.134762,0.027053,0.551302,0.007524,22,0,8578,1.648000,0.045210484
3,CPU_Stress,GA_WaitingTime_Dominance_PC60,209,0.143534,0.029096,0.535399,0.013981,19,0,8489,1.652000,0.044688685
3,CPU_Stress,GA_WaitingTime_Dominance_PC60,MEAN,0.144965,0.029744,0.535681,0.019598,,0,8610,1.546000,0.044263780
3,CPU_Stress,GA_Energy_Dominance_PC60,200,0.682561,0.059164,0.077903,0.005092,103,1,10124,3.042000,0.030357896
3,CPU_Stress,GA_Energy_Dominance_PC60,201,0.669532,0.065149,0.087221,0.004839,92,5,10065,3.082000,0.030689968
3,CPU_Stress,GA_Energy_Dominance_PC60,202,0.683032,0.044383,0.078897,0.006920,90,13,10028,3.316000,0.031619823
3,CPU_Stress,GA_Energy_Dominance_PC60,203,0.670974,0.056063,0.083551,0.010782,88,0,10282,3.128000,0.030262372
3,CPU_Stress,GA_Energy_Dominance_PC60,204,0.689310,0.039349,0.077151,0.007252,93,15,10244,2.984000,0.029984423
3,CPU_Stress,GA_Energy_Dominance_PC60,205,0.658460,0.070368,0.090290,0.010673,84,0,10028,3.178000,0.030471607
3,CPU_Stress,GA_Energy_Dominance_PC60,206,0.631619,0.100226,0.108018,0.010541,91,0,10127,3.102000,0.030978648
3,CPU_Stress,GA_Energy_Dominance_PC60,207,0.700884,0.038033,0.068046,0.005593,97,23,10070,3.204000,0.029842658
3,CPU_Stress,GA_Energy_Dominance_PC60,208,0.685046,0.043203,0.080322,0.004696,92,1,10117,3.204000,0.031050099
3,CPU_Stress,GA_Energy_Dominance_PC60,209,0.680304,0.050847,0.083242,0.007326,78,20,9999,3.150000,0.031020090
3,CPU_Stress,GA_Energy_Dominance_PC60,MEAN,0.675172,0.056678,0.083464,0.007371,,78,10108,2.984000,0.029842658
3,CPU_Stress,SA_WaitingTime_Dominance_PC60,200,0.095109,0.020262,0.597744,0.010514,4,0,6523,1.776000,0.045616334
3,CPU_Stress,SA_WaitingTime_Dominance_PC60,201,0.093662,0.017947,0.598673,0.001247,4,0,6474,1.770000,0.045642343
3,CPU_Stress,SA_WaitingTime_Dominance_PC60,202,0.095802,0.019184,0.597569,0.010797,5,0,6472,1.774000,0.045604117
3,CPU_Stress,SA_WaitingTime_Dominance_PC60,203,0.101716,0.018939,0.592849,0.001752,8,0,6497,1.780000,0.045498056
3,CPU_Stress,SA_WaitingTime_Dominance_PC60,204,0.092407,0.018015,0.601465,0.000054,5,0,6840,1.778000,0.045664384
3,CPU_Stress,SA_WaitingTime_Dominance_PC60,205,0.099511,0.024216,0.589284,0.001529,7,0,6453,1.776000,0.045535562
3,CPU_Stress,SA_WaitingTime_Dominance_PC60,206,0.093234,0.024867,0.594460,0.002460,6,0,6391,1.772000,0.045649260
3,CPU_Stress,SA_WaitingTime_Dominance_PC60,207,0.092953,0.017675,0.601164,0.000357,3,0,6356,1.774000,0.045654917
3,CPU_Stress,SA_WaitingTime_Dominance_PC60,208,0.093753,0.017909,0.600315,0.000222,4,0,6503,1.774000,0.045640661
3,CPU_Stress,SA_WaitingTime_Dominance_PC60,209,0.093364,0.017944,0.600417,0.002851,6,0,6378,1.772000,0.045647691
3,CPU_Stress,SA_WaitingTime_Dominance_PC60,MEAN,0.095151,0.019696,0.597394,0.003178,,0,6488,1.770000,0.045498056
3,CPU_Stress,SA_Energy_Dominance_PC60,200,0.505620,0.128722,0.255099,0.004457,77,0,6471,3.332000,0.036804011
3,CPU_Stress,SA_Energy_Dominance_PC60,201,0.556241,0.125558,0.201185,0.002856,99,0,6509,3.278000,0.035136706
3,CPU_Stress,SA_Energy_Dominance_PC60,202,0.495746,0.095383,0.281411,0.001687,107,0,6734,3.240000,0.037514478
3,CPU_Stress,SA_Energy_Dominance_PC60,203,0.535067,0.125684,0.230409,0.004645,101,0,6565,3.306000,0.035871423
3,CPU_Stress,SA_Energy_Dominance_PC60,204,0.559659,0.137432,0.192632,0.002556,128,0,6587,3.286000,0.034637946
3,CPU_Stress,SA_Energy_Dominance_PC60,205,0.542303,0.107970,0.258666,0.001813,95,0,6481,3.158000,0.036406715
3,CPU_Stress,SA_Energy_Dominance_PC60,206,0.543244,0.126232,0.244452,0.002644,109,2,6521,3.220000,0.035840442
3,CPU_Stress,SA_Energy_Dominance_PC60,207,0.562149,0.137030,0.216325,0.004439,80,3,6543,3.320000,0.035101960
3,CPU_Stress,SA_Energy_Dominance_PC60,208,0.530856,0.163866,0.188649,0.005367,117,0,6523,3.330000,0.034110616
3,CPU_Stress,SA_Energy_Dominance_PC60,209,0.533162,0.101976,0.257711,0.002664,126,0,6636,3.284000,0.036602302
3,CPU_Stress,SA_Energy_Dominance_PC60,MEAN,0.536405,0.124985,0.232654,0.003313,,5,6557,3.158000,0.034110616
3,CPU_Stress,NSGA-II_PC60,200,0.547941,0.019501,0.268590,0.005585,54,0,12650,1.750000,0.037348051
3,CPU_Stress,NSGA-II_PC60,201,0.530162,0.015135,0.287469,0.002837,48,0,12365,1.750000,0.037712406
3,CPU_Stress,NSGA-II_PC60,202,0.588176,0.017727,0.244001,0.006677,59,0,13325,1.742000,0.036533091
3,CPU_Stress,NSGA-II_PC60,203,0.596097,0.014857,0.242848,0.007450,53,0,12834,1.754000,0.036413434
3,CPU_Stress,NSGA-II_PC60,204,0.543623,0.012702,0.284615,0.005359,47,0,12803,1.756000,0.037466446
3,CPU_Stress,NSGA-II_PC60,205,0.573465,0.013535,0.259161,0.005520,54,0,12638,1.756000,0.036883483
3,CPU_Stress,NSGA-II_PC60,206,0.544436,0.015135,0.274547,0.003847,60,0,12749,1.780000,0.037433182
3,CPU_Stress,NSGA-II_PC60,207,0.533609,0.019819,0.277249,0.003771,55,0,12825,1.768000,0.037610377
3,CPU_Stress,NSGA-II_PC60,208,0.566442,0.016652,0.262676,0.003538,52,0,12829,1.718000,0.037008562
3,CPU_Stress,NSGA-II_PC60,209,0.557800,0.021099,0.254166,0.005232,53,0,12871,1.766000,0.037135044
3,CPU_Stress,NSGA-II_PC60,MEAN,0.558175,0.016616,0.265532,0.004982,,0,12788,1.718000,0.036413434
3,CPU_Stress,SPEA-II_PC60,200,0.504242,0.014135,0.309014,0.002696,51,0,13682,1.708000,0.038221800
3,CPU_Stress,SPEA-II_PC60,201,0.503698,0.010482,0.308701,0.005029,42,0,13241,1.750000,0.038237589
3,CPU_Stress,SPEA-II_PC60,202,0.515338,0.015326,0.294309,0.003640,47,0,13278,1.738000,0.037998816
3,CPU_Stress,SPEA-II_PC60,203,0.521196,0.017486,0.289595,0.006676,49,0,13306,1.712000,0.037890262
3,CPU_Stress,SPEA-II_PC60,204,0.477559,0.015372,0.321939,0.003145,43,0,11398,1.690000,0.038709589
3,CPU_Stress,SPEA-II_PC60,205,0.476393,0.019936,0.308130,0.004291,51,0,11513,1.740000,0.038719097
3,CPU_Stress,SPEA-II_PC60,206,0.390264,0.011793,0.377567,0.006286,42,0,12900,1.706000,0.040331463
3,CPU_Stress,SPEA-II_PC60,207,0.450094,0.017524,0.337216,0.002112,54,0,13334,1.714000,0.039215186
3,CPU_Stress,SPEA-II_PC60,208,0.477011,0.010611,0.320562,0.003835,42,0,13283,1.720000,0.038741024
3,CPU_Stress,SPEA-II_PC60,209,0.454363,0.011903,0.340048,0.003225,45,0,13281,1.726000,0.039158298
3,CPU_Stress,SPEA-II_PC60,MEAN,0.477016,0.014457,0.320708,0.004094,,0,12921,1.690000,0.037890262
3,CPU_Stress,AMOSA_PC60,200,0.211196,0.064243,0.477030,0.004222,25,0,13545,1.784000,0.043403528
3,CPU_Stress,AMOSA_PC60,201,0.216612,0.046533,0.474093,0.005067,25,0,13588,1.766000,0.043366202
3,CPU_Stress,AMOSA_PC60,202,0.212718,0.048956,0.470196,0.011048,24,0,13569,1.766000,0.043403528
3,CPU_Stress,AMOSA_PC60,203,0.213807,0.053999,0.472124,0.007829,25,0,13567,1.780000,0.043403528
3,CPU_Stress,AMOSA_PC60,204,0.211667,0.062117,0.476469,0.007566,23,0,13528,1.784000,0.043403528
3,CPU_Stress,AMOSA_PC60,205,0.211812,0.059435,0.476556,0.003236,29,0,14129,1.784000,0.043403528
3,CPU_Stress,AMOSA_PC60,206,0.212020,0.055693,0.475131,0.005800,28,0,11317,1.778000,0.043403528
3,CPU_Stress,AMOSA_PC60,207,0.222771,0.041240,0.469906,0.005678,20,0,11941,1.784000,0.043234645
3,CPU_Stress,AMOSA_PC60,208,0.213253,0.048601,0.474754,0.004822,30,0,13713,1.784000,0.043403528
3,CPU_Stress,AMOSA_PC60,209,0.211285,0.059415,0.473991,0.011126,22,0,13545,1.774000,0.043403528
3,CPU_Stress,AMOSA_PC60,MEAN,0.213714,0.054023,0.474025,0.006639,,0,13244,1.766000,0.043234645
3,CPU_Stress,GA_WaitingTime_Dominance_PC30,200,0.096307,0.125718,0.572591,0.006967,5,0,8530,4.110000,0.045377900
3,CPU_Stress,GA_WaitingTime_Dominance_PC30,201,0.114444,0.118141,0.550630,0.031267,6,0,8614,3.680000,0.045020459
3,CPU_Stress,GA_WaitingTime_Dominance_PC30,202,0.150004,0.118222,0.520723,0.045431,5,0,8694,3.998000,0.044295801
3,CPU_Stress,GA_WaitingTime_Dominance_PC30,203,0.143015,0.114780,0.549154,0.078411,3,0,8692,3.854000,0.045407013
3,CPU_Stress,GA_WaitingTime_Dominance_PC30,204,0.095037,0.116059,0.574445,0.040761,3,0,8658,3.600000,0.045521397
3,CPU_Stress,GA_WaitingTime_Dominance_PC30,205,0.124106,0.102954,0.548295,0.030163,4,0,8611,3.724000,0.044879848
3,CPU_Stress,GA_WaitingTime_Dominance_PC30,206,0.107618,0.137049,0.543569,0.036104,4,0,8573,3.890000,0.045174750
3,CPU_Stress,GA_WaitingTime_Dominance_PC30,207,0.098623,0.142695,0.558674,0.000000,2,0,8631,3.956000,0.045377655
3,CPU_Stress,GA_WaitingTime_Dominance_PC30,208,0.106227,0.117799,0.562608,0.017215,6,0,8629,3.292000,0.045232402
3,CPU_Stress,GA_WaitingTime_Dominance_PC30,209,0.096190,0.113469,0.572938,0.002176,5,0,8602,3.778000,0.045426681
3,CPU_Stress,GA_WaitingTime_Dominance_PC30,MEAN,0.113157,0.120689,0.555363,0.028849,,0,8623,3.292000,0.044295801
3,CPU_Stress,GA_Energy_Dominance_PC30,200,0.677312,0.053091,0.080785,0.014635,90,2,10224,3.314000,0.030357896
3,CPU_Stress,GA_Energy_Dominance_PC30,201,0.665259,0.057026,0.090026,0.007371,82,5,10106,3.444000,0.030689968
3,CPU_Stress,GA_Energy_Dominance_PC30,202,0.679563,0.044505,0.082779,0.008675,91,15,7476,3.346000,0.031619823
3,CPU_Stress,GA_Energy_Dominance_PC30,203,0.665521,0.055930,0.092211,0.008600,84,0,9312,3.540000,0.030262372
3,CPU_Stress,GA_Energy_Dominance_PC30,204,0.685734,0.032747,0.079438,0.009509,83,15,10224,2.984000,0.029984423
3,CPU_Stress,GA_Energy_Dominance_PC30,205,0.653206,0.070497,0.095679,0.009894,79,0,10972,3.182000,0.030471607
3,CPU_Stress,GA_Energy_Dominance_PC30,206,0.626157,0.102504,0.111972,0.006928,95,0,10907,3.310000,0.030978648
3,CPU_Stress,GA_Energy_Dominance_PC30,207,0.698355,0.036135,0.065616,0.008736,91,22,10371,3.252000,0.029842658
3,CPU_Stress,GA_Energy_Dominance_PC30,208,0.683623,0.042195,0.080452,0.007004,90,1,10467,3.204000,0.031050099
3,CPU_Stress,GA_Energy_Dominance_PC30,209,0.675664,0.043909,0.089981,0.009824,67,21,9960,3.300000,0.031020090
3,CPU_Stress,GA_Energy_Dominance_PC30,MEAN,0.671039,0.053854,0.086894,0.009117,,81,10001,2.984000,0.029842658
3,CPU_Stress,SA_WaitingTime_Dominance_PC30,200,0.049917,0.027076,0.634321,0.000000,1,0,6918,2.010000,0.046412867
3,CPU_Stress,SA_WaitingTime_Dominance_PC30,201,0.024330,0.029655,0.656458,0.000000,1,0,6538,2.050000,0.046872004
3,CPU_Stress,SA_WaitingTime_Dominance_PC30,202,0.024915,0.030684,0.655719,0.000000,1,0,6542,2.074000,0.046861046
3,CPU_Stress,SA_WaitingTime_Dominance_PC30,203,0.063406,0.033488,0.622076,0.000000,1,0,6952,2.084000,0.046167091
3,CPU_Stress,SA_WaitingTime_Dominance_PC30,204,0.022639,0.042518,0.655139,0.000000,1,0,7521,2.392000,0.046896828
3,CPU_Stress,SA_WaitingTime_Dominance_PC30,205,0.043352,0.032083,0.638862,0.000000,1,0,6792,2.130000,0.046527118
3,CPU_Stress,SA_WaitingTime_Dominance_PC30,206,0.050844,0.037858,0.630890,0.000000,1,0,6525,2.288000,0.046386026
3,CPU_Stress,SA_WaitingTime_Dominance_PC30,207,0.000000,0.049220,0.676844,0.000000,1,0,6868,2.552000,0.047400156
3,CPU_Stress,SA_WaitingTime_Dominance_PC30,208,0.000000,0.041414,0.679898,0.000000,1,0,7050,2.330000,0.047470892
3,CPU_Stress,SA_WaitingTime_Dominance_PC30,209,0.046507,0.024275,0.638024,0.000000,1,0,6481,1.934000,0.046476662
3,CPU_Stress,SA_WaitingTime_Dominance_PC30,MEAN,0.032591,0.034827,0.648823,0.000000,,0,6818,1.934000,0.046167091
3,CPU_Stress,SA_Energy_Dominance_PC30,200,0.493623,0.127088,0.261958,0.006885,52,0,6632,3.508000,0.036804011
3,CPU_Stress,SA_Energy_Dominance_PC30,201,0.528665,0.099375,0.216806,0.009822,43,0,6413,3.386000,0.035136706
3,CPU_Stress,SA_Energy_Dominance_PC30,202,0.491340,0.105920,0.285795,0.002581,80,0,5293,3.616000,0.037514478
3,CPU_Stress,SA_Energy_Dominance_PC30,203,0.514514,0.103510,0.241150,0.006750,54,0,5106,3.636000,0.035871423
3,CPU_Stress,SA_Energy_Dominance_PC30,204,0.537457,0.109706,0.203601,0.022068,50,0,6795,3.874000,0.034637946
3,CPU_Stress,SA_Energy_Dominance_PC30,205,0.530499,0.122296,0.269144,0.002685,77,0,6961,4.168000,0.036406715
3,CPU_Stress,SA_Energy_Dominance_PC30,206,0.540849,0.130648,0.245346,0.002605,95,2,6769,3.366000,0.035840442
3,CPU_Stress,SA_Energy_Dominance_PC30,207,0.530262,0.097605,0.228093,0.004726,44,3,6629,3.442000,0.035101960
3,CPU_Stress,SA_Energy_Dominance_PC30,208,0.498900,0.144281,0.197730,0.044387,36,0,6539,3.584000,0.034110616
3,CPU_Stress,SA_Energy_Dominance_PC30,209,0.530360,0.113766,0.260551,0.002158,87,0,6705,3.432000,0.036602302
3,CPU_Stress,SA_Energy_Dominance_PC30,MEAN,0.519647,0.115419,0.241017,0.010467,,5,6384,3.366000,0.034110616
3,CPU_Stress,NSGA-II_PC30,200,0.567178,0.021351,0.270578,0.004371,48,0,13588,2.362000,0.036844398
3,CPU_Stress,NSGA-II_PC30,201,0.561804,0.029731,0.267953,0.011628,37,0,13345,2.424000,0.036892332
3,CPU_Stress,NSGA-II_PC30,202,0.616408,0.007362,0.271499,0.003728,55,16,13236,2.462000,0.035867246
3,CPU_Stress,NSGA-II_PC30,203,0.561016,0.029641,0.261598,0.005553,46,0,13263,2.334000,0.036918129
3,CPU_Stress,NSGA-II_PC30,204,0.559182,0.023155,0.278796,0.004724,50,0,12793,2.458000,0.036973370
3,CPU_Stress,NSGA-II_PC30,205,0.537042,0.021530,0.297237,0.003165,41,0,12763,2.392000,0.037436444
3,CPU_Stress,NSGA-II_PC30,206,0.572179,0.015528,0.287347,0.003332,41,0,12835,2.434000,0.036748270
3,CPU_Stress,NSGA-II_PC30,207,0.590833,0.005802,0.296433,0.003119,42,15,13707,2.352000,0.036449884
3,CPU_Stress,NSGA-II_PC30,208,0.577494,0.019843,0.286995,0.002793,44,0,13135,2.470000,0.036612744
3,CPU_Stress,NSGA-II_PC30,209,0.559102,0.019623,0.292326,0.002002,55,0,13830,2.198000,0.037055477
3,CPU_Stress,NSGA-II_PC30,MEAN,0.570224,0.019357,0.281076,0.004442,,31,13249,2.198000,0.035867246
3,CPU_Stress,SPEA-II_PC30,200,0.359399,0.019430,0.408449,0.001346,47,0,13318,2.154000,0.040795956
3,CPU_Stress,SPEA-II_PC30,201,0.507324,0.022390,0.311573,0.003598,32,0,13645,2.238000,0.038016889
3,CPU_Stress,SPEA-II_PC30,202,0.523755,0.020898,0.307798,0.003431,46,0,13741,2.212000,0.037726480
3,CPU_Stress,SPEA-II_PC30,203,0.526791,0.017866,0.311935,0.003368,47,0,13655,2.244000,0.037689678
3,CPU_Stress,SPEA-II_PC30,204,0.509436,0.011381,0.324809,0.002966,48,0,13741,2.030000,0.038079236
3,CPU_Stress,SPEA-II_PC30,205,0.463499,0.027165,0.337769,0.005604,45,0,13926,2.228000,0.038841045
3,CPU_Stress,SPEA-II_PC30,206,0.524468,0.018252,0.325486,0.002255,53,0,13527,2.170000,0.037759449
3,CPU_Stress,SPEA-II_PC30,207,0.468206,0.028006,0.339781,0.002673,41,0,13345,2.262000,0.038747130
3,CPU_Stress,SPEA-II_PC30,208,0.550524,0.013441,0.309291,0.004741,42,0,13512,2.242000,0.037242900
3,CPU_Stress,SPEA-II_PC30,209,0.524270,0.025124,0.302547,0.001724,39,0,13375,2.310000,0.037679740
3,CPU_Stress,SPEA-II_PC30,MEAN,0.495767,0.020395,0.327944,0.003171,,0,13578,2.030000,0.037242900
3,CPU_Stress,AMOSA_PC30,200,0.279418,0.048804,0.438132,0.007843,25,0,13880,2.562000,0.042142870
3,CPU_Stress,AMOSA_PC30,201,0.302460,0.048235,0.420847,0.003460,27,0,13803,2.486000,0.041718536
3,CPU_Stress,AMOSA_PC30,202,0.287994,0.041002,0.437175,0.008389,17,0,13820,2.440000,0.042023706
3,CPU_Stress,AMOSA_PC30,203,0.273240,0.042663,0.450151,0.002783,25,0,13825,2.452000,0.042290376
3,CPU_Stress,AMOSA_PC30,204,0.358747,0.051940,0.376618,0.006365,34,0,14758,2.520000,0.040642636
3,CPU_Stress,AMOSA_PC30,205,0.255322,0.044727,0.454162,0.003654,20,0,13917,2.422000,0.042608380
3,CPU_Stress,AMOSA_PC30,206,0.309243,0.049393,0.409955,0.004391,33,0,13930,2.382000,0.041594814
3,CPU_Stress,AMOSA_PC30,207,0.283030,0.044849,0.435424,0.004943,30,0,13864,2.294000,0.042110248
3,CPU_Stress,AMOSA_PC30,208,0.265625,0.043687,0.447256,0.004394,28,0,14012,2.184000,0.042441844
3,CPU_Stress,AMOSA_PC30,209,0.288354,0.045559,0.431507,0.002371,30,0,14264,2.502000,0.041990412
3,CPU_Stress,AMOSA_PC30,MEAN,0.290343,0.046086,0.430123,0.004859,,0,14007,2.184000,0.040642636
