Algorithm,Seed,HV,GD,IGD,Spacing,NonDomSolutions,TotalSolutions,ParetoContribution,TimeMs,HV_fixed,ScoredSeeds
GA_WaitingTime_Dominance,200,0.169225,0.023970,0.491621,0.007847,22,22,0,3987,0.245278,
GA_WaitingTime_Dominance,201,0.134802,0.026758,0.504671,0.017927,13,13,0,3878,0.231151,
GA_WaitingTime_Dominance,202,0.169653,0.045072,0.477638,0.011100,9,9,2,4026,0.262418,
GA_WaitingTime_Dominance,203,0.146528,0.009675,0.511493,0.027882,6,6,3,3900,0.241386,
GA_WaitingTime_Dominance,204,0.133093,0.019732,0.510935,0.024728,18,18,0,3916,0.229735,
GA_WaitingTime_Dominance,205,0.140104,0.013625,0.511160,0.028455,11,11,0,3926,0.235853,
GA_WaitingTime_Dominance,206,0.156245,0.030580,0.493648,0.009079,21,21,0,4008,0.250740,
GA_WaitingTime_Dominance,207,0.159480,0.042559,0.486022,0.013819,9,9,0,3833,0.253687,
GA_WaitingTime_Dominance,208,0.142010,0.026696,0.500993,0.007591,25,25,0,3946,0.237876,
GA_WaitingTime_Dominance,209,0.144959,0.033046,0.504281,0.016122,9,9,0,4017,0.240421,
GA_WaitingTime_Dominance,MEAN,0.149610,0.027171,0.499246,0.016455,14,14,5,3943,0.242855,10
GA_WaitingTime_Dominance,STDDEV,0.012646,0.010765,0.011035,0.007668,,,,,0.009793,
GA_Energy_Dominance,200,0.682747,0.061966,0.080852,0.005947,100,100,1,5879,0.757451,
GA_Energy_Dominance,201,0.670538,0.069249,0.093547,0.005638,88,88,5,5912,0.745378,
GA_Energy_Dominance,202,0.683621,0.051650,0.083074,0.008931,88,88,9,5789,0.746926,
GA_Energy_Dominance,203,0.670980,0.061398,0.089798,0.010644,89,89,0,5985,0.749413,
GA_Energy_Dominance,204,0.689659,0.043258,0.081391,0.007364,93,93,14,5792,0.766081,
GA_Energy_Dominance,205,0.658461,0.074859,0.094835,0.010654,85,85,0,5988,0.738198,
GA_Energy_Dominance,206,0.631757,0.105246,0.114076,0.010265,91,91,0,5872,0.714372,
GA_Energy_Dominance,207,0.700884,0.043254,0.074026,0.005593,97,97,9,6059,0.774786,
GA_Energy_Dominance,208,0.685046,0.048887,0.084300,0.004696,92,92,0,5899,0.752278,
GA_Energy_Dominance,209,0.680814,0.053615,0.087293,0.007527,76,76,21,5968,0.749650,
GA_Energy_Dominance,MEAN,0.675451,0.061338,0.088319,0.007726,90,90,59,5914,0.749453,10
GA_Energy_Dominance,STDDEV,0.018252,0.017709,0.010431,0.002154,,,,,0.015397,
SA_WaitingTime_Dominance,200,0.096505,0.009663,0.560778,0.002117,26,26,0,2398,0.197197,
SA_WaitingTime_Dominance,201,0.131253,0.017613,0.525436,0.003730,24,24,0,2517,0.228311,
SA_WaitingTime_Dominance,202,0.096711,0.009302,0.560922,0.006152,15,15,0,2273,0.197437,
SA_WaitingTime_Dominance,203,0.144717,0.010587,0.519112,0.001228,15,15,9,2271,0.240134,
SA_WaitingTime_Dominance,204,0.101700,0.012392,0.553594,0.002058,28,28,0,2369,0.201914,
SA_WaitingTime_Dominance,205,0.113545,0.014509,0.541727,0.008225,16,16,4,2280,0.212525,
SA_WaitingTime_Dominance,206,0.102921,0.008481,0.554059,0.003540,32,32,0,2331,0.195492,
SA_WaitingTime_Dominance,207,0.111679,0.017359,0.545091,0.002518,25,25,4,2398,0.210833,
SA_WaitingTime_Dominance,208,0.094728,0.008829,0.562494,0.002439,21,21,0,2309,0.195651,
SA_WaitingTime_Dominance,209,0.104324,0.013413,0.549701,0.002088,25,25,2,2295,0.204244,
SA_WaitingTime_Dominance,MEAN,0.109808,0.012215,0.547291,0.003410,23,23,19,2344,0.208374,10
SA_WaitingTime_Dominance,STDDEV,0.015541,0.003246,0.014134,0.002063,,,,,0.014355,
SA_Energy_Dominance,200,0.506998,0.120454,0.237866,0.002988,112,113,0,2830,0.569664,
SA_Energy_Dominance,201,0.557386,0.129781,0.188110,0.003217,119,119,0,2823,0.621759,
SA_Energy_Dominance,202,0.495746,0.098496,0.260658,0.001687,107,109,0,2647,0.555333,
SA_Energy_Dominance,203,0.536902,0.129530,0.215063,0.004747,115,117,0,2912,0.600044,
SA_Energy_Dominance,204,0.560192,0.142821,0.180622,0.003210,127,129,0,2991,0.628300,
SA_Energy_Dominance,205,0.545206,0.101504,0.237938,0.001420,125,127,0,2822,0.601779,
SA_Energy_Dominance,206,0.543257,0.129460,0.227643,0.002634,108,109,0,2768,0.605269,
SA_Energy_Dominance,207,0.562847,0.139449,0.202191,0.004441,83,84,0,2861,0.625914,
SA_Energy_Dominance,208,0.531198,0.168678,0.185147,0.005201,129,129,0,3186,0.611751,
SA_Energy_Dominance,209,0.533200,0.104738,0.239315,0.002909,126,127,0,2738,0.590795,
SA_Energy_Dominance,MEAN,0.537293,0.126491,0.217455,0.003245,115,116,0,2857,0.601061,10
SA_Energy_Dominance,STDDEV,0.020922,0.020398,0.026047,0.001176,,,,,0.022592,
NSGA-II,200,0.559118,0.006226,0.249269,0.006689,45,45,4,8978,0.609505,
NSGA-II,201,0.569114,0.013835,0.240062,0.010844,51,51,2,8335,0.618862,
NSGA-II,202,0.573357,0.016680,0.225253,0.004214,59,59,0,8636,0.623144,
NSGA-II,203,0.556041,0.018836,0.237937,0.004251,56,56,0,8724,0.607284,
NSGA-II,204,0.558024,0.018823,0.231010,0.004638,58,58,0,8622,0.609018,
NSGA-II,205,0.511008,0.013758,0.272577,0.003151,55,55,0,8619,0.566427,
NSGA-II,206,0.539330,0.011159,0.251812,0.003861,48,48,0,8585,0.591832,
NSGA-II,207,0.540927,0.019705,0.251925,0.003641,55,55,0,8656,0.593821,
NSGA-II,208,0.554003,0.011918,0.246686,0.005984,54,54,0,8505,0.605201,
NSGA-II,209,0.528565,0.014615,0.252510,0.005702,50,50,0,8362,0.582237,
NSGA-II,MEAN,0.548949,0.014555,0.245904,0.005297,53,53,6,8602,0.600733,10
NSGA-II,STDDEV,0.018100,0.003957,0.012586,0.002132,,,,,0.016387,
SPEA-II,200,0.537801,0.013693,0.251547,0.005340,57,57,0,9336,0.590721,
SPEA-II,201,0.484480,0.016778,0.286975,0.009343,49,49,1,9797,0.542721,
SPEA-II,202,0.528203,0.015049,0.259240,0.003844,55,55,0,9386,0.582110,
SPEA-II,203,0.516092,0.018491,0.266881,0.009030,46,46,2,9553,0.571302,
SPEA-II,204,0.508563,0.013896,0.274053,0.004714,49,49,5,8924,0.564258,
SPEA-II,205,0.505698,0.014002,0.276880,0.003386,42,42,1,9091,0.561906,
SPEA-II,206,0.491651,0.011282,0.284680,0.003239,47,47,0,9204,0.549139,
SPEA-II,207,0.468818,0.008012,0.304570,0.006741,36,36,7,9110,0.528482,
SPEA-II,208,0.513689,0.018406,0.268422,0.005141,53,53,7,9260,0.569098,
SPEA-II,209,0.540569,0.021290,0.247149,0.004058,52,52,1,9403,0.593551,
SPEA-II,MEAN,0.509556,0.015090,0.272040,0.005483,49,49,24,9306,0.565329,10
SPEA-II,STDDEV,0.021890,0.003647,0.016467,0.002096,,,,,0.019790,
AMOSA,200,0.212459,0.056631,0.446381,0.005615,25,25,0,7503,0.300237,
AMOSA,201,0.212316,0.052589,0.447046,0.006340,26,26,0,7388,0.300133,
AMOSA,202,0.213379,0.057298,0.447208,0.002460,25,25,0,7235,0.301193,
AMOSA,203,0.212731,0.060905,0.446313,0.005909,23,23,0,7503,0.300435,
AMOSA,204,0.212427,0.058227,0.445296,0.005163,26,26,0,7479,0.300221,
AMOSA,205,0.211040,0.060428,0.447954,0.003998,28,28,0,7544,0.299201,
AMOSA,206,0.221586,0.039052,0.446237,0.011268,20,20,0,7788,0.308263,
AMOSA,207,0.218968,0.058880,0.443592,0.007179,24,24,0,7572,0.305989,
AMOSA,208,0.212748,0.057774,0.444146,0.010862,26,26,0,7417,0.300469,
AMOSA,209,0.213167,0.051374,0.443769,0.006051,26,26,0,7563,0.300768,
AMOSA,MEAN,0.214082,0.055316,0.445794,0.006484,25,25,0,7499,0.301691,10
AMOSA,STDDEV,0.003207,0.006146,0.001448,0.002607,,,,,0.002806,
GA_WaitingTime_Dominance_PC90,200,0.140764,0.051029,0.504748,0.007380,20,20,0,14326,0.237295,
GA_WaitingTime_Dominance_PC90,201,0.148675,0.037671,0.501000,0.010323,16,16,0,14384,0.244053,
GA_WaitingTime_Dominance_PC90,202,0.167368,0.040627,0.479886,0.015464,16,16,0,14399,0.260481,
GA_WaitingTime_Dominance_PC90,203,0.188988,0.034722,0.472337,0.011690,14,14,0,14368,0.279930,
GA_WaitingTime_Dominance_PC90,204,0.120669,0.034710,0.523927,0.007283,11,11,0,14500,0.218331,
GA_WaitingTime_Dominance_PC90,205,0.155974,0.051909,0.490364,0.009587,17,17,0,13997,0.250331,
GA_WaitingTime_Dominance_PC90,206,0.157790,0.033343,0.494108,0.008013,13,13,0,14497,0.251636,
GA_WaitingTime_Dominance_PC90,207,0.156437,0.051569,0.489446,0.007035,22,22,0,14153,0.251330,
GA_WaitingTime_Dominance_PC90,208,0.133429,0.041318,0.514445,0.004144,29,29,0,14095,0.230419,
GA_WaitingTime_Dominance_PC90,209,0.143936,0.042699,0.505343,0.011414,12,12,0,14106,0.239526,
GA_WaitingTime_Dominance_PC90,MEAN,0.151403,0.041960,0.497560,0.009233,17,17,0,14282,0.246333,10
GA_WaitingTime_Dominance_PC90,STDDEV,0.017884,0.006884,0.014773,0.003006,,,,,0.016027,
GA_Energy_Dominance_PC90,200,0.656337,0.079544,0.095176,0.005384,104,104,0,15941,0.738313,
GA_Energy_Dominance_PC90,201,0.666384,0.071080,0.094075,0.006784,100,100,0,15357,0.743812,
GA_Energy_Dominance_PC90,202,0.661378,0.062807,0.100696,0.006701,83,83,1,15256,0.722514,
GA_Energy_Dominance_PC90,203,0.670578,0.083014,0.101602,0.008235,86,86,0,15381,0.726526,
GA_Energy_Dominance_PC90,204,0.648227,0.076024,0.101549,0.007499,83,83,0,15242,0.720871,
GA_Energy_Dominance_PC90,205,0.690166,0.052331,0.079278,0.004624,105,105,17,15805,0.752529,
GA_Energy_Dominance_PC90,206,0.621111,0.105763,0.118270,0.009686,95,95,0,15836,0.707577,
GA_Energy_Dominance_PC90,207,0.666827,0.074452,0.095849,0.006000,107,107,0,16042,0.744339,
GA_Energy_Dominance_PC90,208,0.654634,0.080208,0.093901,0.007052,103,103,0,15911,0.736415,
GA_Energy_Dominance_PC90,209,0.651021,0.080733,0.099659,0.007040,94,94,0,15513,0.734795,
GA_Energy_Dominance_PC90,MEAN,0.658667,0.076595,0.098005,0.006900,96,96,18,15628,0.732769,10
GA_Energy_Dominance_PC90,STDDEV,0.016933,0.013210,0.009175,0.001352,,,,,0.012707,
SA_WaitingTime_Dominance_PC90,200,0.129402,0.020298,0.526499,0.002784,29,29,0,11543,0.226284,
SA_WaitingTime_Dominance_PC90,201,0.118445,0.011996,0.540499,0.001986,28,28,0,11856,0.216431,
SA_WaitingTime_Dominance_PC90,202,0.115194,0.022627,0.535220,0.003902,14,14,0,11765,0.213472,
SA_WaitingTime_Dominance_PC90,203,0.149976,0.006712,0.520843,0.003057,20,20,8,12187,0.244380,
SA_WaitingTime_Dominance_PC90,204,0.145651,0.018550,0.513146,0.002693,23,23,0,11395,0.240901,
SA_WaitingTime_Dominance_PC90,205,0.102260,0.012184,0.551596,0.006814,22,22,0,11498,0.199362,
SA_WaitingTime_Dominance_PC90,206,0.104332,0.012190,0.552463,0.007004,11,11,0,11668,0.203731,
SA_WaitingTime_Dominance_PC90,207,0.120900,0.024595,0.529930,0.003700,32,32,0,11804,0.218568,
SA_WaitingTime_Dominance_PC90,208,0.122357,0.003887,0.545268,0.002180,6,6,1,11436,0.219877,
SA_WaitingTime_Dominance_PC90,209,0.131806,0.017801,0.526687,0.003048,33,33,0,11866,0.228373,
SA_WaitingTime_Dominance_PC90,MEAN,0.124032,0.015084,0.534215,0.003717,22,22,9,11701,0.221138,10
SA_WaitingTime_Dominance_PC90,STDDEV,0.014879,0.006448,0.012470,0.001691,,,,,0.013696,
SA_Energy_Dominance_PC90,200,0.531520,0.139704,0.217445,0.003637,106,107,0,12191,0.595835,
SA_Energy_Dominance_PC90,201,0.545413,0.134111,0.208610,0.002211,109,109,0,11641,0.609527,
SA_Energy_Dominance_PC90,202,0.551063,0.127565,0.207910,0.002013,131,132,0,11962,0.613229,
SA_Energy_Dominance_PC90,203,0.582250,0.124050,0.181323,0.003176,120,120,0,11937,0.644211,
SA_Energy_Dominance_PC90,204,0.536253,0.142130,0.213298,0.002036,101,101,0,12020,0.600620,
SA_Energy_Dominance_PC90,205,0.536007,0.128404,0.221063,0.001803,132,135,0,11806,0.597775,
SA_Energy_Dominance_PC90,206,0.531245,0.130231,0.229515,0.003172,108,111,0,11896,0.593842,
SA_Energy_Dominance_PC90,207,0.541853,0.141482,0.202246,0.005859,104,104,0,12154,0.607582,
SA_Energy_Dominance_PC90,208,0.532522,0.160395,0.206348,0.002920,116,116,0,11862,0.602744,
SA_Energy_Dominance_PC90,209,0.532194,0.110016,0.235792,0.001820,134,135,0,11996,0.590564,
SA_Energy_Dominance_PC90,MEAN,0.542032,0.133809,0.212355,0.002865,116,117,0,11946,0.605593,10
SA_Energy_Dominance_PC90,STDDEV,0.014813,0.012697,0.014427,0.001175,,,,,0.014568,
NSGA-II_PC90,200,0.586106,0.034301,0.239278,0.007166,49,49,0,19328,0.634379,
NSGA-II_PC90,201,0.595280,0.017610,0.223680,0.003523,47,47,0,19162,0.642164,
NSGA-II_PC90,202,0.585782,0.025570,0.257764,0.002586,62,62,0,19283,0.633984,
NSGA-II_PC90,203,0.622033,0.014461,0.211846,0.007851,48,48,10,18900,0.666747,
NSGA-II_PC90,204,0.607933,0.021040,0.244648,0.002267,63,63,0,18816,0.653858,
NSGA-II_PC90,205,0.589865,0.016535,0.222246,0.005292,47,47,0,19090,0.637290,
NSGA-II_PC90,206,0.586845,0.016144,0.274561,0.002178,52,52,0,18890,0.634359,
NSGA-II_PC90,207,0.595810,0.011276,0.231240,0.008151,52,52,1,19165,0.642348,
NSGA-II_PC90,208,0.607419,0.008465,0.239275,0.003585,50,50,12,19331,0.652756,
NSGA-II_PC90,209,0.578786,0.007465,0.259476,0.002798,49,49,11,19253,0.626755,
NSGA-II_PC90,MEAN,0.595586,0.017287,0.240401,0.004540,52,52,34,19121,0.642464,10
NSGA-II_PC90,STDDEV,0.012528,0.007698,0.018334,0.002259,,,,,0.011411,
SPEA-II_PC90,200,0.538530,0.026940,0.267001,0.003514,47,47,0,20329,0.591241,
SPEA-II_PC90,201,0.513589,0.027239,0.271219,0.004480,42,42,0,19737,0.568958,
SPEA-II_PC90,202,0.578943,0.018811,0.251097,0.003089,52,52,0,19817,0.627628,
SPEA-II_PC90,203,0.606786,0.010144,0.237349,0.003941,49,49,6,20053,0.652539,
SPEA-II_PC90,204,0.565822,0.026151,0.243786,0.004210,49,49,0,20049,0.616036,
SPEA-II_PC90,205,0.575398,0.006094,0.287613,0.001376,56,56,33,20251,0.623605,
SPEA-II_PC90,206,0.544640,0.021113,0.275388,0.002296,47,47,0,20069,0.596407,
SPEA-II_PC90,207,0.553280,0.024671,0.282413,0.002045,61,61,0,19869,0.604131,
SPEA-II_PC90,208,0.549131,0.020923,0.251838,0.003078,55,55,0,20051,0.600588,
SPEA-II_PC90,209,0.568539,0.013200,0.260067,0.003095,49,49,0,20087,0.617916,
SPEA-II_PC90,MEAN,0.559466,0.019529,0.262777,0.003112,51,51,39,20031,0.609905,10
SPEA-II_PC90,STDDEV,0.024296,0.007059,0.015879,0.000935,,,,,0.021791,
AMOSA_PC90,200,0.322184,0.051123,0.358801,0.006690,39,39,0,20443,0.398728,
AMOSA_PC90,201,0.234944,0.044660,0.433845,0.002859,30,30,0,19995,0.319997,
AMOSA_PC90,202,0.245310,0.049379,0.422736,0.002889,35,35,0,19855,0.329185,
AMOSA_PC90,203,0.250660,0.035729,0.426875,0.004990,25,25,0,19992,0.333710,
AMOSA_PC90,204,0.222597,0.042999,0.444885,0.005892,19,19,0,20078,0.308594,
AMOSA_PC90,205,0.253482,0.037016,0.423488,0.005022,27,27,0,20595,0.336454,
AMOSA_PC90,206,0.214481,0.048158,0.444769,0.005326,26,26,0,20223,0.301491,
AMOSA_PC90,207,0.213998,0.053670,0.442339,0.008768,22,22,0,20501,0.301348,
AMOSA_PC90,208,0.218176,0.039270,0.443118,0.010680,19,19,0,20518,0.304956,
AMOSA_PC90,209,0.212048,0.053728,0.445679,0.006340,23,23,0,20166,0.299940,
AMOSA_PC90,MEAN,0.238788,0.045573,0.428654,0.005946,27,27,0,20236,0.323440,10
AMOSA_PC90,STDDEV,0.031586,0.006335,0.024861,0.002283,,,,,0.028411,
GA_WaitingTime_Dominance_PC80,200,0.181266,0.030474,0.479590,0.006166,13,13,0,14354,0.272045,
GA_WaitingTime_Dominance_PC80,201,0.171609,0.053134,0.478315,0.014021,12,12,0,14214,0.264042,
GA_WaitingTime_Dominance_PC80,202,0.209869,0.069385,0.439800,0.013838,15,15,0,14241,0.298696,
GA_WaitingTime_Dominance_PC80,203,0.134362,0.026572,0.507240,0.046433,8,8,0,13936,0.230239,
GA_WaitingTime_Dominance_PC80,204,0.187582,0.038907,0.468853,0.017289,14,14,0,13869,0.278412,
GA_WaitingTime_Dominance_PC80,205,0.144509,0.044883,0.492392,0.020848,13,13,0,13751,0.239031,
GA_WaitingTime_Dominance_PC80,206,0.163561,0.052645,0.484633,0.009379,15,15,0,14132,0.256644,
GA_WaitingTime_Dominance_PC80,207,0.122478,0.013128,0.541957,0.002312,9,9,0,14135,0.219301,
GA_WaitingTime_Dominance_PC80,208,0.150798,0.043566,0.488559,0.026011,8,8,0,13873,0.245309,
GA_WaitingTime_Dominance_PC80,209,0.200351,0.036860,0.463783,0.008920,14,14,0,14569,0.289509,
GA_WaitingTime_Dominance_PC80,MEAN,0.166639,0.040956,0.484512,0.016522,12,12,0,14107,0.259323,10
GA_WaitingTime_Dominance_PC80,STDDEV,0.027248,0.014925,0.025752,0.011981,,,,,0.024643,
GA_Energy_Dominance_PC80,200,0.633818,0.068445,0.141147,0.005069,74,74,6,15440,0.690119,
GA_Energy_Dominance_PC80,201,0.466691,0.117059,0.267032,0.006453,70,70,0,14620,0.529872,
GA_Energy_Dominance_PC80,202,0.660598,0.075166,0.114696,0.004232,110,110,4,15833,0.718735,
GA_Energy_Dominance_PC80,203,0.636333,0.067576,0.131086,0.005810,94,94,0,15627,0.692094,
GA_Energy_Dominance_PC80,204,0.635704,0.076922,0.123976,0.009408,78,78,0,15321,0.700206,
GA_Energy_Dominance_PC80,205,0.438951,0.113999,0.287280,0.004348,56,56,0,14456,0.503675,
GA_Energy_Dominance_PC80,206,0.619591,0.085749,0.141462,0.009496,86,86,0,15188,0.678234,
GA_Energy_Dominance_PC80,207,0.464624,0.113389,0.268956,0.008414,61,61,0,14771,0.527404,
GA_Energy_Dominance_PC80,208,0.670796,0.049822,0.095322,0.014206,95,95,7,15758,0.727089,
GA_Energy_Dominance_PC80,209,0.651477,0.071797,0.110481,0.010428,100,100,0,15513,0.711352,
GA_Energy_Dominance_PC80,MEAN,0.587858,0.083992,0.168144,0.007786,82,82,17,15252,0.647878,10
GA_Energy_Dominance_PC80,STDDEV,0.087188,0.021947,0.070982,0.003028,,,,,0.084828,
SA_WaitingTime_Dominance_PC80,200,0.160667,0.011017,0.509735,0.007159,10,10,0,11314,0.253207,
SA_WaitingTime_Dominance_PC80,201,0.138507,0.014397,0.522877,0.004375,15,15,0,11565,0.233541,
SA_WaitingTime_Dominance_PC80,202,0.137067,0.013589,0.527219,0.005883,9,9,0,11478,0.232212,
SA_WaitingTime_Dominance_PC80,203,0.145276,0.014882,0.520192,0.001747,25,25,0,11880,0.239501,
SA_WaitingTime_Dominance_PC80,204,0.135520,0.011154,0.529751,0.003681,7,7,0,11427,0.230988,
SA_WaitingTime_Dominance_PC80,205,0.149433,0.013583,0.518521,0.001774,18,18,0,11497,0.243303,
SA_WaitingTime_Dominance_PC80,206,0.150645,0.015484,0.514608,0.002323,19,20,0,11445,0.244602,
SA_WaitingTime_Dominance_PC80,207,0.155633,0.010554,0.514293,0.004546,14,14,0,11674,0.248984,
SA_WaitingTime_Dominance_PC80,208,0.128192,0.032660,0.524285,0.003709,18,18,0,12164,0.224553,
SA_WaitingTime_Dominance_PC80,209,0.129504,0.013335,0.534867,0.001578,23,23,0,11678,0.225631,
SA_WaitingTime_Dominance_PC80,MEAN,0.143044,0.015065,0.521635,0.003677,16,16,0,11612,0.237652,10
SA_WaitingTime_Dominance_PC80,STDDEV,0.010438,0.006080,0.007331,0.001784,,,,,0.009279,
SA_Energy_Dominance_PC80,200,0.526286,0.150406,0.215951,0.003325,91,94,0,12028,0.594105,
SA_Energy_Dominance_PC80,201,0.573352,0.134958,0.150604,0.003388,126,127,0,12131,0.646079,
SA_Energy_Dominance_PC80,202,0.538836,0.149474,0.182220,0.005343,105,105,0,12059,0.612573,
SA_Energy_Dominance_PC80,203,0.577663,0.121867,0.163403,0.002622,136,138,0,11806,0.642020,
SA_Energy_Dominance_PC80,204,0.503764,0.168127,0.216874,0.002697,104,105,0,11807,0.576619,
SA_Energy_Dominance_PC80,205,0.533868,0.128848,0.230123,0.002290,95,96,0,11813,0.596129,
SA_Energy_Dominance_PC80,206,0.512243,0.146885,0.223238,0.004330,87,87,0,11920,0.579884,
SA_Energy_Dominance_PC80,207,0.538854,0.146730,0.185717,0.003395,134,134,0,12189,0.609222,
SA_Energy_Dominance_PC80,208,0.527515,0.150666,0.209035,0.003980,87,88,0,12097,0.594184,
SA_Energy_Dominance_PC80,209,0.530209,0.132202,0.224221,0.002070,108,109,0,11591,0.593128,
SA_Energy_Dominance_PC80,MEAN,0.536259,0.143016,0.200138,0.003344,107,108,0,11944,0.604394,10
SA_Energy_Dominance_PC80,STDDEV,0.022259,0.012822,0.026371,0.000951,,,,,0.022408,
NSGA-II_PC80,200,0.575037,0.018249,0.278940,0.005901,41,41,0,18832,0.623449,
NSGA-II_PC80,201,0.553595,0.016271,0.290069,0.007923,45,45,0,19059,0.603905,
NSGA-II_PC80,202,0.573602,0.019163,0.280132,0.003650,43,43,0,19267,0.622228,
NSGA-II_PC80,203,0.543875,0.012491,0.320726,0.001258,46,46,0,19125,0.595021,
NSGA-II_PC80,204,0.588033,0.017985,0.258608,0.004526,51,51,0,19057,0.635407,
NSGA-II_PC80,205,0.518559,0.030669,0.262897,0.011268,48,48,0,19220,0.572877,
NSGA-II_PC80,206,0.567849,0.022136,0.264396,0.002218,51,51,0,19141,0.617093,
NSGA-II_PC80,207,0.592748,0.020219,0.267997,0.001935,56,56,0,18957,0.639737,
NSGA-II_PC80,208,0.589076,0.038863,0.239944,0.002722,60,60,0,18887,0.637355,
NSGA-II_PC80,209,0.567350,0.024658,0.261906,0.004191,49,49,0,19597,0.616750,
NSGA-II_PC80,MEAN,0.566972,0.022070,0.272561,0.004559,49,49,0,19114,0.616382,10
NSGA-II_PC80,STDDEV,0.021823,0.007288,0.020682,0.002928,,,,,0.019841,
SPEA-II_PC80,200,0.510505,0.017757,0.304481,0.002442,41,41,0,19879,0.565362,
SPEA-II_PC80,201,0.483436,0.019055,0.319350,0.001708,46,46,0,19913,0.540961,
SPEA-II_PC80,202,0.550789,0.030095,0.271700,0.002125,54,54,0,19951,0.602184,
SPEA-II_PC80,203,0.489211,0.031434,0.318218,0.001993,48,48,0,19606,0.546187,
SPEA-II_PC80,204,0.345752,0.022537,0.396381,0.002138,34,34,0,19105,0.417665,
SPEA-II_PC80,205,0.395188,0.033744,0.359002,0.002245,44,44,0,19428,0.461769,
SPEA-II_PC80,206,0.567223,0.016830,0.272779,0.002756,52,52,0,19940,0.616486,
SPEA-II_PC80,207,0.514193,0.024063,0.307965,0.002408,37,37,0,19751,0.568489,
SPEA-II_PC80,208,0.483655,0.035513,0.284522,0.005809,38,38,0,19754,0.541523,
SPEA-II_PC80,209,0.569709,0.014414,0.263116,0.003301,45,45,0,20112,0.618634,
SPEA-II_PC80,MEAN,0.490966,0.024544,0.309751,0.002692,44,44,0,19743,0.547926,10
SPEA-II_PC80,STDDEV,0.068476,0.007251,0.039688,0.001119,,,,,0.061526,
AMOSA_PC80,200,0.328254,0.044690,0.377905,0.004914,26,26,0,20750,0.401936,
AMOSA_PC80,201,0.267505,0.047926,0.419991,0.004243,23,23,0,20528,0.347023,
AMOSA_PC80,202,0.305650,0.056763,0.393155,0.003234,30,30,0,20413,0.381444,
AMOSA_PC80,203,0.332461,0.049138,0.379576,0.003102,23,23,0,20719,0.405216,
AMOSA_PC80,204,0.349792,0.055245,0.354176,0.006446,41,41,0,21231,0.421079,
AMOSA_PC80,205,0.330006,0.048980,0.374582,0.003241,28,28,0,20928,0.403281,
AMOSA_PC80,206,0.306979,0.061562,0.379061,0.005765,23,23,0,21405,0.382930,
AMOSA_PC80,207,0.331396,0.059746,0.368435,0.004262,32,32,0,20917,0.404485,
AMOSA_PC80,208,0.316629,0.060220,0.371360,0.003555,27,27,0,20620,0.391290,
AMOSA_PC80,209,0.330722,0.052546,0.376495,0.003809,23,23,0,20573,0.403831,
AMOSA_PC80,MEAN,0.319939,0.053682,0.379474,0.004257,28,28,0,20808,0.394252,10
AMOSA_PC80,STDDEV,0.021444,0.005582,0.016407,0.001077,,,,,0.019258,
GA_WaitingTime_Dominance_PC70,200,0.222192,0.070044,0.431510,0.013646,12,12,0,14110,0.308941,
GA_WaitingTime_Dominance_PC70,201,0.182731,0.078829,0.466741,0.005072,26,26,0,13955,0.273683,
GA_WaitingTime_Dominance_PC70,202,0.208574,0.053724,0.444120,0.005858,13,13,0,14192,0.296248,
GA_WaitingTime_Dominance_PC70,203,0.102611,0.030011,0.553049,0.002624,12,12,0,13927,0.200712,
GA_WaitingTime_Dominance_PC70,204,0.223861,0.060224,0.436631,0.005334,31,31,0,14142,0.310146,
GA_WaitingTime_Dominance_PC70,205,0.134444,0.045818,0.508019,0.012389,9,9,0,14008,0.229448,
GA_WaitingTime_Dominance_PC70,206,0.245361,0.070848,0.405381,0.031016,16,16,0,14174,0.331829,
GA_WaitingTime_Dominance_PC70,207,0.161833,0.026619,0.487234,0.029667,12,12,0,14583,0.253787,
GA_WaitingTime_Dominance_PC70,208,0.156889,0.055197,0.488587,0.016769,12,12,0,14420,0.250237,
GA_WaitingTime_Dominance_PC70,209,0.169948,0.050108,0.475988,0.004554,13,13,0,14166,0.261400,
GA_WaitingTime_Dominance_PC70,MEAN,0.180844,0.054142,0.469726,0.012693,16,16,0,14167,0.271643,10
GA_WaitingTime_Dominance_PC70,STDDEV,0.042217,0.016140,0.040585,0.009839,,,,,0.038470,
GA_Energy_Dominance_PC70,200,0.618714,0.087548,0.131250,0.006010,91,91,0,15253,0.682852,
GA_Energy_Dominance_PC70,201,0.595945,0.106078,0.145298,0.004539,111,111,0,15619,0.661056,
GA_Energy_Dominance_PC70,202,0.649507,0.066784,0.101166,0.009070,107,107,0,15425,0.714085,
GA_Energy_Dominance_PC70,203,0.486445,0.180975,0.225744,0.003794,96,96,0,15527,0.558926,
GA_Energy_Dominance_PC70,204,0.624463,0.096443,0.125216,0.005221,101,101,0,15724,0.688940,
GA_Energy_Dominance_PC70,205,0.570830,0.132640,0.161450,0.005679,98,98,0,15251,0.640092,
GA_Energy_Dominance_PC70,206,0.567153,0.146112,0.165152,0.003497,108,108,0,15520,0.648428,
GA_Energy_Dominance_PC70,207,0.566320,0.121270,0.168801,0.003933,116,116,0,15130,0.631339,
GA_Energy_Dominance_PC70,208,0.607143,0.094059,0.141601,0.007739,101,101,0,15141,0.665631,
GA_Energy_Dominance_PC70,209,0.568703,0.103998,0.193219,0.003594,89,89,0,15212,0.627277,
GA_Energy_Dominance_PC70,MEAN,0.585522,0.113591,0.155890,0.005308,102,102,0,15380,0.651863,10
GA_Energy_Dominance_PC70,STDDEV,0.042789,0.031166,0.033787,0.001780,,,,,0.040366,
SA_WaitingTime_Dominance_PC70,200,0.209199,0.017657,0.470427,0.002509,21,21,0,11461,0.296154,
SA_WaitingTime_Dominance_PC70,201,0.140437,0.024874,0.523134,0.002454,14,14,0,11506,0.234450,
SA_WaitingTime_Dominance_PC70,202,0.199233,0.014422,0.478975,0.002915,15,16,0,11312,0.287148,
SA_WaitingTime_Dominance_PC70,203,0.145609,0.019714,0.518635,0.000971,26,26,0,11593,0.239251,
SA_WaitingTime_Dominance_PC70,204,0.157988,0.017025,0.509678,0.005068,10,11,0,11387,0.250108,
SA_WaitingTime_Dominance_PC70,205,0.200486,0.010939,0.482300,0.004037,10,10,0,11531,0.288148,
SA_WaitingTime_Dominance_PC70,206,0.198754,0.007407,0.484826,0.000663,13,13,0,11539,0.286736,
SA_WaitingTime_Dominance_PC70,207,0.151331,0.017646,0.514482,0.002998,16,16,0,11430,0.244467,
SA_WaitingTime_Dominance_PC70,208,0.183106,0.010396,0.494513,0.001710,11,11,0,11574,0.272806,
SA_WaitingTime_Dominance_PC70,209,0.146759,0.015518,0.517533,0.002507,15,15,0,11357,0.240443,
SA_WaitingTime_Dominance_PC70,MEAN,0.173290,0.015560,0.499450,0.002583,15,15,0,11469,0.263971,10
SA_WaitingTime_Dominance_PC70,STDDEV,0.025909,0.004803,0.018386,0.001251,,,,,0.023157,
SA_Energy_Dominance_PC70,200,0.512732,0.160676,0.223243,0.004131,109,109,0,11968,0.580797,
SA_Energy_Dominance_PC70,201,0.531832,0.161101,0.207115,0.002643,94,95,0,11825,0.600673,
SA_Energy_Dominance_PC70,202,0.526371,0.173609,0.185144,0.005594,87,89,0,11805,0.600857,
SA_Energy_Dominance_PC70,203,0.546560,0.152076,0.193998,0.002942,100,101,0,11943,0.615028,
SA_Energy_Dominance_PC70,204,0.523455,0.171240,0.187963,0.003292,118,120,0,12027,0.602061,
SA_Energy_Dominance_PC70,205,0.538385,0.150974,0.191121,0.002660,99,99,0,12213,0.608300,
SA_Energy_Dominance_PC70,206,0.529451,0.167780,0.192639,0.008518,104,104,0,11952,0.601882,
SA_Energy_Dominance_PC70,207,0.536631,0.143842,0.217698,0.008842,85,87,0,11822,0.598628,
SA_Energy_Dominance_PC70,208,0.570308,0.137520,0.169266,0.003627,137,138,0,11764,0.637755,
SA_Energy_Dominance_PC70,209,0.496908,0.200028,0.217147,0.006078,97,97,0,11507,0.579930,
SA_Energy_Dominance_PC70,MEAN,0.531263,0.161885,0.198533,0.004833,103,104,0,11882,0.602591,10
SA_Energy_Dominance_PC70,STDDEV,0.018575,0.016885,0.016297,0.002218,,,,,0.015606,
NSGA-II_PC70,200,0.529216,0.055096,0.280834,0.003213,42,42,0,18962,0.582809,
NSGA-II_PC70,201,0.544827,0.037072,0.268275,0.012447,40,40,0,18794,0.596344,
NSGA-II_PC70,202,0.542201,0.050790,0.272809,0.003351,50,50,0,18805,0.594620,
NSGA-II_PC70,203,0.547961,0.042999,0.273968,0.005216,41,41,0,18678,0.599508,
NSGA-II_PC70,204,0.545451,0.049310,0.260153,0.003068,47,47,0,18841,0.597543,
NSGA-II_PC70,205,0.527986,0.044444,0.261487,0.003667,42,42,0,18755,0.581807,
NSGA-II_PC70,206,0.550216,0.030081,0.286237,0.004541,36,36,0,18649,0.601122,
NSGA-II_PC70,207,0.546110,0.028473,0.299871,0.001488,47,47,0,18584,0.597304,
NSGA-II_PC70,208,0.505829,0.034889,0.298393,0.006489,28,28,0,18878,0.561054,
NSGA-II_PC70,209,0.521315,0.048072,0.287393,0.002938,46,46,0,18699,0.575335,
NSGA-II_PC70,MEAN,0.536111,0.042123,0.278942,0.004642,42,42,0,18764,0.588745,10
NSGA-II_PC70,STDDEV,0.013745,0.008636,0.013336,0.002910,,,,,0.012418,
SPEA-II_PC70,200,0.551473,0.018346,0.284707,0.004190,44,44,0,19726,0.602035,
SPEA-II_PC70,201,0.543877,0.030836,0.284391,0.002430,49,49,0,19760,0.595478,
SPEA-II_PC70,202,0.517942,0.031560,0.296979,0.004345,41,41,0,19526,0.572024,
SPEA-II_PC70,203,0.536928,0.034535,0.289230,0.002405,46,46,0,20397,0.589406,
SPEA-II_PC70,204,0.537150,0.035185,0.274176,0.001726,49,49,0,20159,0.589612,
SPEA-II_PC70,205,0.542846,0.037134,0.287719,0.002174,50,50,0,20159,0.594703,
SPEA-II_PC70,206,0.466563,0.043133,0.317094,0.004012,47,47,0,19762,0.525888,
SPEA-II_PC70,207,0.494986,0.037767,0.309661,0.001145,48,48,0,19758,0.551395,
SPEA-II_PC70,208,0.563807,0.025840,0.275934,0.002024,54,54,0,19847,0.613572,
SPEA-II_PC70,209,0.514218,0.028735,0.291113,0.003421,49,49,0,19878,0.568811,
SPEA-II_PC70,MEAN,0.526979,0.032307,0.291100,0.002787,48,48,0,19897,0.580292,10
SPEA-II_PC70,STDDEV,0.027594,0.006601,0.012931,0.001065,,,,,0.024867,
AMOSA_PC70,200,0.266830,0.092110,0.404743,0.009470,20,20,0,20710,0.345659,
AMOSA_PC70,201,0.335006,0.072568,0.365836,0.008481,21,21,0,20855,0.407124,
AMOSA_PC70,202,0.343318,0.079729,0.355449,0.005161,29,29,0,20937,0.415171,
AMOSA_PC70,203,0.272763,0.094245,0.409375,0.003964,19,19,0,20765,0.349967,
AMOSA_PC70,204,0.233255,0.083485,0.433664,0.007357,24,24,0,20469,0.315165,
AMOSA_PC70,205,0.339766,0.058786,0.375253,0.003517,31,31,0,20707,0.411602,
AMOSA_PC70,206,0.333079,0.071188,0.371956,0.005783,22,22,0,20669,0.405531,
AMOSA_PC70,207,0.312312,0.071913,0.378250,0.003383,28,28,0,20788,0.386736,
AMOSA_PC70,208,0.384763,0.073038,0.324471,0.004804,35,35,0,20850,0.453065,
AMOSA_PC70,209,0.242236,0.062068,0.437711,0.002332,21,21,0,20714,0.323459,
AMOSA_PC70,MEAN,0.306333,0.075913,0.385671,0.005425,25,25,0,20746,0.381348,10
AMOSA_PC70,STDDEV,0.047272,0.011014,0.033677,0.002226,,,,,0.042978,
GA_WaitingTime_Dominance_PC60,200,0.209652,0.077387,0.441035,0.009470,21,21,0,14883,0.296610,
GA_WaitingTime_Dominance_PC60,201,0.190938,0.079009,0.455366,0.010363,10,10,0,14379,0.279648,
GA_WaitingTime_Dominance_PC60,202,0.213316,0.044392,0.442437,0.024600,14,14,0,14246,0.299064,
GA_WaitingTime_Dominance_PC60,203,0.100594,0.048674,0.550415,0.006909,6,6,0,14237,0.197584,
GA_WaitingTime_Dominance_PC60,204,0.199927,0.051785,0.450163,0.025716,11,11,0,14625,0.287666,
GA_WaitingTime_Dominance_PC60,205,0.183658,0.038200,0.476238,0.016670,13,13,0,14318,0.272335,
GA_WaitingTime_Dominance_PC60,206,0.176200,0.071729,0.472370,0.009882,15,15,0,14294,0.265816,
GA_WaitingTime_Dominance_PC60,207,0.135894,0.037202,0.524587,0.002235,10,10,0,14274,0.229331,
GA_WaitingTime_Dominance_PC60,208,0.172260,0.034887,0.495427,0.001665,13,13,0,14399,0.261708,
GA_WaitingTime_Dominance_PC60,209,0.156197,0.026441,0.510547,0.001872,11,11,0,14097,0.247721,
GA_WaitingTime_Dominance_PC60,MEAN,0.173864,0.050971,0.481858,0.010938,12,12,0,14375,0.263748,10
GA_WaitingTime_Dominance_PC60,STDDEV,0.033218,0.017825,0.035470,0.008377,,,,,0.030089,
GA_Energy_Dominance_PC60,200,0.536818,0.149037,0.191509,0.007225,86,86,0,15626,0.606719,
GA_Energy_Dominance_PC60,201,0.523881,0.138858,0.204745,0.004003,97,97,0,15293,0.587581,
GA_Energy_Dominance_PC60,202,0.582121,0.106981,0.156375,0.008758,96,96,0,15512,0.649437,
GA_Energy_Dominance_PC60,203,0.488193,0.174033,0.225930,0.004307,94,94,0,15379,0.560111,
GA_Energy_Dominance_PC60,204,0.585334,0.111547,0.155402,0.007118,98,98,0,15501,0.651141,
GA_Energy_Dominance_PC60,205,0.547323,0.141622,0.179609,0.004251,95,95,0,15390,0.618763,
GA_Energy_Dominance_PC60,206,0.553350,0.151488,0.181681,0.004340,98,98,0,14877,0.627849,
GA_Energy_Dominance_PC60,207,0.551423,0.126896,0.187208,0.003047,103,103,0,14796,0.615472,
GA_Energy_Dominance_PC60,208,0.549480,0.108010,0.189572,0.011099,97,97,0,15172,0.608093,
GA_Energy_Dominance_PC60,209,0.542541,0.115699,0.203216,0.005135,82,82,0,15189,0.603891,
GA_Energy_Dominance_PC60,MEAN,0.546046,0.132417,0.187525,0.005928,95,95,0,15273,0.612906,10
GA_Energy_Dominance_PC60,STDDEV,0.026223,0.021181,0.020339,0.002418,,,,,0.025753,
SA_WaitingTime_Dominance_PC60,200,0.173413,0.030754,0.494192,0.002973,19,20,0,11590,0.263015,
SA_WaitingTime_Dominance_PC60,201,0.166984,0.035398,0.497382,0.006620,9,9,0,11328,0.257216,
SA_WaitingTime_Dominance_PC60,202,0.181192,0.032015,0.490404,0.001999,10,10,0,11363,0.269715,
SA_WaitingTime_Dominance_PC60,203,0.182804,0.032519,0.487174,0.001802,19,21,0,11659,0.271355,
SA_WaitingTime_Dominance_PC60,204,0.172549,0.034511,0.492388,0.002643,21,21,0,11616,0.262102,
SA_WaitingTime_Dominance_PC60,205,0.177495,0.037040,0.490383,0.001406,16,16,0,11671,0.266520,
SA_WaitingTime_Dominance_PC60,206,0.196181,0.028574,0.476897,0.002913,16,16,0,11548,0.283647,
SA_WaitingTime_Dominance_PC60,207,0.176995,0.031815,0.491048,0.003288,17,17,0,11384,0.266387,
SA_WaitingTime_Dominance_PC60,208,0.229776,0.023643,0.456608,0.001699,18,19,0,11426,0.313860,
SA_WaitingTime_Dominance_PC60,209,0.195959,0.031036,0.478323,0.001899,16,16,0,11622,0.283080,
SA_WaitingTime_Dominance_PC60,MEAN,0.185335,0.031730,0.485480,0.002724,16,17,0,11520,0.273690,10
SA_WaitingTime_Dominance_PC60,STDDEV,0.017328,0.003562,0.011428,0.001430,,,,,0.015641,
SA_Energy_Dominance_PC60,200,0.489311,0.192977,0.215510,0.004681,88,88,0,11664,0.566903,
SA_Energy_Dominance_PC60,201,0.545478,0.151865,0.198371,0.006062,91,93,0,11893,0.609301,
SA_Energy_Dominance_PC60,202,0.535460,0.159043,0.180880,0.008186,95,96,0,12025,0.613475,
SA_Energy_Dominance_PC60,203,0.480461,0.208144,0.230538,0.003585,92,92,0,11806,0.557958,
SA_Energy_Dominance_PC60,204,0.541417,0.165867,0.180367,0.004278,102,102,0,12017,0.615542,
SA_Energy_Dominance_PC60,205,0.497218,0.185815,0.208821,0.003457,80,80,0,12063,0.574559,
SA_Energy_Dominance_PC60,206,0.471290,0.201730,0.238290,0.004555,94,95,0,12104,0.546581,
SA_Energy_Dominance_PC60,207,0.504408,0.205828,0.207537,0.005292,92,93,0,11941,0.585454,
SA_Energy_Dominance_PC60,208,0.500815,0.200649,0.213732,0.003843,99,101,0,12009,0.575298,
SA_Energy_Dominance_PC60,209,0.502675,0.193652,0.206998,0.004661,118,118,0,11939,0.580264,
SA_Energy_Dominance_PC60,MEAN,0.506853,0.186557,0.208104,0.004860,95,96,0,11946,0.582534,10
SA_Energy_Dominance_PC60,STDDEV,0.024345,0.019357,0.017630,0.001335,,,,,0.022436,
NSGA-II_PC60,200,0.490530,0.091976,0.263875,0.004738,43,43,0,19010,0.548164,
NSGA-II_PC60,201,0.556414,0.051115,0.267032,0.003748,45,45,0,18885,0.607461,
NSGA-II_PC60,202,0.539965,0.077606,0.251961,0.004386,46,46,0,18777,0.593368,
NSGA-II_PC60,203,0.506246,0.054532,0.294210,0.003712,38,38,0,18708,0.561571,
NSGA-II_PC60,204,0.496916,0.062493,0.278698,0.008386,31,31,0,18860,0.553287,
NSGA-II_PC60,205,0.485014,0.071450,0.281297,0.004537,43,43,0,18682,0.542796,
NSGA-II_PC60,206,0.472754,0.061277,0.297131,0.004142,29,29,0,18814,0.531188,
NSGA-II_PC60,207,0.479857,0.077523,0.284327,0.004330,45,45,0,18633,0.538278,
NSGA-II_PC60,208,0.478462,0.063178,0.284680,0.005184,36,36,0,18433,0.536723,
NSGA-II_PC60,209,0.486715,0.065082,0.299722,0.003397,34,34,0,18370,0.543999,
NSGA-II_PC60,MEAN,0.499287,0.067623,0.280293,0.004656,39,39,0,18717,0.555683,10
NSGA-II_PC60,STDDEV,0.026317,0.011585,0.014635,0.001340,,,,,0.024006,
SPEA-II_PC60,200,0.527758,0.043989,0.285986,0.004108,38,38,0,19230,0.580863,
SPEA-II_PC60,201,0.452877,0.051441,0.339477,0.003831,27,27,0,19607,0.513114,
SPEA-II_PC60,202,0.471559,0.048053,0.330368,0.003249,26,26,0,19434,0.530033,
SPEA-II_PC60,203,0.470462,0.071897,0.297316,0.004550,45,45,0,19797,0.529796,
SPEA-II_PC60,204,0.451953,0.068936,0.322490,0.003220,31,31,0,19928,0.512365,
SPEA-II_PC60,205,0.449411,0.066103,0.319945,0.008104,33,33,0,19413,0.510111,
SPEA-II_PC60,206,0.483446,0.056588,0.319144,0.002221,43,43,0,19410,0.540767,
SPEA-II_PC60,207,0.522957,0.047316,0.288004,0.009309,34,34,0,19607,0.576537,
SPEA-II_PC60,208,0.493968,0.057215,0.307295,0.001956,42,42,0,19313,0.550471,
SPEA-II_PC60,209,0.436695,0.057575,0.323120,0.015990,24,24,0,19761,0.498647,
SPEA-II_PC60,MEAN,0.476108,0.056911,0.313314,0.005654,34,34,0,19550,0.534271,10
SPEA-II_PC60,STDDEV,0.029457,0.009065,0.017068,0.004127,,,,,0.026609,
AMOSA_PC60,200,0.210506,0.119764,0.453469,0.008482,7,7,0,20854,0.291966,
AMOSA_PC60,201,0.219913,0.123394,0.441127,0.003631,16,16,0,20453,0.301155,
AMOSA_PC60,202,0.240388,0.098272,0.425809,0.003440,18,18,0,20614,0.320874,
AMOSA_PC60,203,0.260365,0.114985,0.419400,0.005458,11,11,0,20897,0.338108,
AMOSA_PC60,204,0.201726,0.097919,0.459392,0.011967,8,8,0,20968,0.285401,
AMOSA_PC60,205,0.241808,0.105512,0.422174,0.010944,13,13,0,20777,0.321790,
AMOSA_PC60,206,0.249556,0.111616,0.424270,0.004458,10,10,0,20575,0.328748,
AMOSA_PC60,207,0.231148,0.122195,0.433004,0.005365,15,15,0,21065,0.312028,
AMOSA_PC60,208,0.178343,0.097273,0.478987,0.003063,12,12,0,20345,0.263674,
AMOSA_PC60,209,0.199199,0.082069,0.464127,0.002780,11,11,0,20492,0.283635,
AMOSA_PC60,MEAN,0.223295,0.107300,0.442176,0.005959,12,12,0,20704,0.304738,10
AMOSA_PC60,STDDEV,0.024499,0.012743,0.019630,0.003169,,,,,0.022306,
GA_WaitingTime_Dominance_PC50,200,0.209867,0.067439,0.451099,0.007408,13,13,0,14199,0.294499,
GA_WaitingTime_Dominance_PC50,201,0.205511,0.157229,0.437255,0.008716,19,19,0,14544,0.292228,
GA_WaitingTime_Dominance_PC50,202,0.195552,0.063733,0.471764,0.003625,10,10,0,15070,0.281203,
GA_WaitingTime_Dominance_PC50,203,0.098340,0.112317,0.518117,0.036457,18,18,0,14066,0.192557,
GA_WaitingTime_Dominance_PC50,204,0.226797,0.121031,0.436327,0.002965,16,16,0,14677,0.309617,
GA_WaitingTime_Dominance_PC50,205,0.159155,0.076316,0.488348,0.006363,9,9,0,14114,0.248301,
GA_WaitingTime_Dominance_PC50,206,0.183351,0.084711,0.460642,0.029048,6,6,0,14386,0.270578,
GA_WaitingTime_Dominance_PC50,207,0.131681,0.091702,0.512503,0.005593,23,23,0,14669,0.223020,
GA_WaitingTime_Dominance_PC50,208,0.127876,0.066631,0.524700,0.009013,3,3,0,14049,0.220067,
GA_WaitingTime_Dominance_PC50,209,0.145105,0.071442,0.505968,0.009708,13,13,0,14468,0.235726,
GA_WaitingTime_Dominance_PC50,MEAN,0.168324,0.091255,0.480672,0.011890,13,13,0,14424,0.256780,10
GA_WaitingTime_Dominance_PC50,STDDEV,0.039993,0.028762,0.032030,0.010767,,,,,0.036586,
GA_Energy_Dominance_PC50,200,0.485285,0.172387,0.230966,0.004421,70,70,0,14814,0.555697,
GA_Energy_Dominance_PC50,201,0.443587,0.204753,0.256514,0.005133,83,83,0,15328,0.517464,
GA_Energy_Dominance_PC50,202,0.571742,0.085977,0.186247,0.002957,90,90,0,14925,0.635992,
GA_Energy_Dominance_PC50,203,0.407865,0.218951,0.288283,0.008074,70,70,0,14638,0.481173,
GA_Energy_Dominance_PC50,204,0.528833,0.154504,0.197079,0.004309,88,88,0,15434,0.601228,
GA_Energy_Dominance_PC50,205,0.521063,0.142024,0.209941,0.010519,87,87,0,14970,0.585405,
GA_Energy_Dominance_PC50,206,0.485603,0.191674,0.224951,0.004614,85,85,0,15491,0.565205,
GA_Energy_Dominance_PC50,207,0.474441,0.174990,0.232562,0.012855,61,61,0,14574,0.544211,
GA_Energy_Dominance_PC50,208,0.483473,0.169676,0.239991,0.005964,65,65,0,14784,0.549612,
GA_Energy_Dominance_PC50,209,0.499172,0.150883,0.228479,0.002769,100,100,0,14901,0.562948,
GA_Energy_Dominance_PC50,MEAN,0.490106,0.166582,0.229501,0.006162,80,80,0,14985,0.559893,10
GA_Energy_Dominance_PC50,STDDEV,0.042971,0.035264,0.027628,0.003149,,,,,0.040687,
SA_WaitingTime_Dominance_PC50,200,0.159982,0.064158,0.499854,0.002716,7,8,0,11557,0.248746,
SA_WaitingTime_Dominance_PC50,201,0.201584,0.057572,0.466512,0.002108,21,21,0,11131,0.286820,
SA_WaitingTime_Dominance_PC50,202,0.209293,0.051739,0.469818,0.007993,6,6,0,12034,0.293651,
SA_WaitingTime_Dominance_PC50,203,0.195137,0.050543,0.477719,0.000471,20,20,0,11248,0.281411,
SA_WaitingTime_Dominance_PC50,204,0.162351,0.057064,0.495062,0.002468,11,11,0,11394,0.251707,
SA_WaitingTime_Dominance_PC50,205,0.255709,0.056850,0.436857,0.002586,19,19,0,11555,0.335412,
SA_WaitingTime_Dominance_PC50,206,0.233103,0.049430,0.447105,0.001568,27,27,0,11606,0.315495,
SA_WaitingTime_Dominance_PC50,207,0.216988,0.067846,0.450948,0.003052,18,18,0,11602,0.300653,
SA_WaitingTime_Dominance_PC50,208,0.211286,0.055847,0.462287,0.004693,12,12,0,11844,0.295798,
SA_WaitingTime_Dominance_PC50,209,0.224849,0.053815,0.451695,0.004678,17,17,0,11385,0.307662,
SA_WaitingTime_Dominance_PC50,MEAN,0.207028,0.056486,0.465786,0.003233,16,16,0,11535,0.291736,10
SA_WaitingTime_Dominance_PC50,STDDEV,0.028054,0.005520,0.019477,0.001996,,,,,0.025311,
SA_Energy_Dominance_PC50,200,0.479191,0.210755,0.219856,0.004048,109,110,0,11723,0.558146,
SA_Energy_Dominance_PC50,201,0.510657,0.185604,0.210466,0.004699,110,110,0,12130,0.585633,
SA_Energy_Dominance_PC50,202,0.510257,0.185406,0.197083,0.004879,119,119,0,12070,0.592897,
SA_Energy_Dominance_PC50,203,0.503784,0.194084,0.200075,0.006127,72,75,0,12087,0.590368,
SA_Energy_Dominance_PC50,204,0.475532,0.204539,0.234404,0.003586,108,108,0,11886,0.554118,
SA_Energy_Dominance_PC50,205,0.468571,0.213400,0.236658,0.004237,102,103,0,11985,0.547727,
SA_Energy_Dominance_PC50,206,0.488563,0.189340,0.212749,0.003723,95,95,0,11940,0.572405,
SA_Energy_Dominance_PC50,207,0.471440,0.211721,0.230627,0.003667,115,116,0,11955,0.556019,
SA_Energy_Dominance_PC50,208,0.485185,0.197490,0.229293,0.004736,114,116,0,11765,0.563439,
SA_Energy_Dominance_PC50,209,0.513080,0.180046,0.195969,0.006630,100,100,0,12005,0.600062,
SA_Energy_Dominance_PC50,MEAN,0.490626,0.197238,0.216718,0.004633,104,105,0,11954,0.572081,10
SA_Energy_Dominance_PC50,STDDEV,0.016465,0.011620,0.014899,0.000982,,,,,0.017824,
NSGA-II_PC50,200,0.451862,0.116841,0.308612,0.003567,29,29,0,18236,0.512497,
NSGA-II_PC50,201,0.497509,0.087514,0.292352,0.005005,36,36,0,18911,0.553960,
NSGA-II_PC50,202,0.435495,0.106386,0.300303,0.004289,33,33,0,18392,0.498044,
NSGA-II_PC50,203,0.435885,0.112655,0.287898,0.007138,29,29,0,18206,0.498222,
NSGA-II_PC50,204,0.484499,0.092760,0.296422,0.003186,36,36,0,18541,0.542165,
NSGA-II_PC50,205,0.471729,0.108975,0.294124,0.003243,34,34,0,18613,0.530802,
NSGA-II_PC50,206,0.369057,0.124860,0.333951,0.004611,17,17,0,19202,0.437319,
NSGA-II_PC50,207,0.386282,0.118592,0.336578,0.006344,25,25,0,19035,0.452753,
NSGA-II_PC50,208,0.416926,0.099737,0.328086,0.011801,18,18,0,18744,0.480487,
NSGA-II_PC50,209,0.378767,0.111043,0.335379,0.007596,23,23,0,18490,0.445985,
NSGA-II_PC50,MEAN,0.432801,0.107936,0.311371,0.005678,28,28,0,18637,0.495223,10
NSGA-II_PC50,STDDEV,0.042608,0.011087,0.018881,0.002527,,,,,0.038772,
SPEA-II_PC50,200,0.458836,0.080538,0.326240,0.002563,24,24,0,19415,0.518347,
SPEA-II_PC50,201,0.408524,0.109925,0.323562,0.014422,26,26,0,19347,0.472680,
SPEA-II_PC50,202,0.385966,0.104295,0.334402,0.009374,27,27,0,18878,0.452384,
SPEA-II_PC50,203,0.388708,0.094761,0.349969,0.006349,19,19,0,18995,0.454978,
SPEA-II_PC50,204,0.459800,0.104463,0.290278,0.006779,33,33,0,19422,0.519794,
SPEA-II_PC50,205,0.433697,0.100132,0.325815,0.002454,30,30,0,19654,0.495761,
SPEA-II_PC50,206,0.431493,0.090165,0.326582,0.003222,29,29,0,19228,0.493787,
SPEA-II_PC50,207,0.454300,0.077687,0.309603,0.018245,26,26,0,19184,0.514211,
SPEA-II_PC50,208,0.456542,0.091781,0.317922,0.005432,27,27,0,19634,0.516365,
SPEA-II_PC50,209,0.417091,0.095225,0.329721,0.006308,19,19,0,19232,0.480519,
SPEA-II_PC50,MEAN,0.429496,0.094897,0.323409,0.007515,26,26,0,19298,0.491882,10
SPEA-II_PC50,STDDEV,0.027018,0.009837,0.014861,0.004925,,,,,0.024528,
AMOSA_PC50,200,0.067835,0.202392,0.573955,0.000000,1,1,0,20560,0.155681,
AMOSA_PC50,201,0.190557,0.163719,0.465368,0.013088,6,6,0,20500,0.271644,
AMOSA_PC50,202,0.179464,0.164820,0.475792,0.020400,3,3,0,20932,0.260757,
AMOSA_PC50,203,0.166300,0.200470,0.487087,0.000000,2,2,0,21080,0.246838,
AMOSA_PC50,204,0.097771,0.217201,0.544140,0.007173,9,9,0,20697,0.184055,
AMOSA_PC50,205,0.165998,0.147206,0.488178,0.004707,5,5,0,20166,0.249418,
AMOSA_PC50,206,0.153245,0.164987,0.495534,0.025417,4,4,0,20698,0.237199,
AMOSA_PC50,207,0.168496,0.198596,0.479607,0.011834,11,11,0,20669,0.250346,
AMOSA_PC50,208,0.168836,0.174345,0.480518,0.027064,5,5,0,20509,0.250904,
AMOSA_PC50,209,0.170346,0.144555,0.481591,0.007905,8,8,0,20789,0.253835,
AMOSA_PC50,MEAN,0.152885,0.177829,0.497177,0.011759,5,5,0,20660,0.236068,10
AMOSA_PC50,STDDEV,0.036813,0.023849,0.032533,0.009270,,,,,0.034753,
Universal_Pareto,ALL,0.787044,0.000000,0.000000,0.000000,230,230,230,0,0.844489,
