CapTier,CapWatts,WaitingTime,Energy
Uncapped,,1.282000,0.047309953
Uncapped,,1.284000,0.047267848
Uncapped,,1.290000,0.047203664
Uncapped,,1.292000,0.047010248
Uncapped,,1.294000,0.046968143
Uncapped,,1.296000,0.046546632
Uncapped,,1.298000,0.046543406
Uncapped,,1.302000,0.046468872
Uncapped,,1.304000,0.046452698
Uncapped,,1.308000,0.046430149
Uncapped,,1.310000,0.045763054
Uncapped,,1.312000,0.045742001
Uncapped,,1.316000,0.045709173
Uncapped,,1.318000,0.045678843
Uncapped,,1.320000,0.045657790
Uncapped,,1.322000,0.045365675
Uncapped,,1.324000,0.045344622
Uncapped,,1.340000,0.045301739
Uncapped,,1.344000,0.045244282
Uncapped,,1.436000,0.045150086
Uncapped,,1.442000,0.045073331
Uncapped,,1.446000,0.045025267
Uncapped,,1.462000,0.044994958
Uncapped,,1.502000,0.044967345
Uncapped,,1.672000,0.044627588
Uncapped,,1.686000,0.044558738
Uncapped,,1.690000,0.044331101
Uncapped,,1.698000,0.044320828
Uncapped,,1.702000,0.044302933
Uncapped,,1.710000,0.044215185
Uncapped,,1.716000,0.044083460
Uncapped,,1.742000,0.044045275
Uncapped,,1.748000,0.043924527
Uncapped,,1.752000,0.043808191
Uncapped,,1.756000,0.043749331
Uncapped,,1.768000,0.043710874
Uncapped,,1.770000,0.043589753
Uncapped,,1.772000,0.043561468
Uncapped,,1.780000,0.043183647
Uncapped,,1.802000,0.043149467
Uncapped,,1.804000,0.042853861
Uncapped,,1.808000,0.042823103
Uncapped,,1.826000,0.042406080
Uncapped,,1.834000,0.042356957
Uncapped,,1.860000,0.042200947
Uncapped,,1.870000,0.041959035
Uncapped,,1.916000,0.041616845
Uncapped,,1.936000,0.041613210
Uncapped,,1.964000,0.041549714
Uncapped,,1.970000,0.041418941
Uncapped,,1.990000,0.041387361
Uncapped,,1.998000,0.041329224
Uncapped,,2.022000,0.041328176
Uncapped,,2.050000,0.041319738
Uncapped,,2.052000,0.041100644
Uncapped,,2.062000,0.040993974
Uncapped,,2.120000,0.040945080
Uncapped,,2.144000,0.040894156
Uncapped,,2.146000,0.040178104
Uncapped,,2.160000,0.040040789
Uncapped,,2.186000,0.040006474
Uncapped,,2.218000,0.039487332
Uncapped,,2.244000,0.039229034
Uncapped,,2.286000,0.039088508
Uncapped,,2.300000,0.038810674
Uncapped,,2.412000,0.038667946
Uncapped,,2.468000,0.038443830
Uncapped,,2.522000,0.038412365
Uncapped,,2.598000,0.038219302
Uncapped,,2.642000,0.038203431
Uncapped,,2.684000,0.038078220
Uncapped,,2.728000,0.038024039
Uncapped,,2.770000,0.037962886
Uncapped,,2.814000,0.037956451
Uncapped,,2.844000,0.037843151
Uncapped,,2.896000,0.037741207
Uncapped,,2.948000,0.037613457
Uncapped,,3.012000,0.037523882
Uncapped,,3.116000,0.037498750
Uncapped,,3.190000,0.037467007
Uncapped,,3.194000,0.037372124
Uncapped,,3.276000,0.037342495
Uncapped,,3.316000,0.037292781
Uncapped,,3.366000,0.037270250
Uncapped,,3.384000,0.037223072
Uncapped,,3.772000,0.037064085
Uncapped,,3.948000,0.036999214
Uncapped,,4.134000,0.036959322
Uncapped,,4.310000,0.036934533
Uncapped,,4.362000,0.036931718
Uncapped,,4.404000,0.036891334
Uncapped,,4.778000,0.036868528
Uncapped,,6.878000,0.036430913
Uncapped,,6.926000,0.036406715
Uncapped,,8.514000,0.036166912
Uncapped,,8.532000,0.035874466
Uncapped,,8.596000,0.035840442
Uncapped,,8.744000,0.035840442
Uncapped,,9.730000,0.035827199
Uncapped,,9.746000,0.035782738
Uncapped,,9.836000,0.035698241
Uncapped,,9.954000,0.035677619
Uncapped,,10.206000,0.035565920
Uncapped,,10.234000,0.035516899
Uncapped,,10.296000,0.035456601
Uncapped,,10.554000,0.035256848
Uncapped,,10.658000,0.035138046
Uncapped,,10.810000,0.035101960
Uncapped,,10.860000,0.035086997
Uncapped,,11.062000,0.035001357
Uncapped,,11.272000,0.034973916
Uncapped,,11.336000,0.034872672
Uncapped,,11.410000,0.034650692
Uncapped,,11.416000,0.034466803
Uncapped,,11.766000,0.034427212
Uncapped,,12.062000,0.034296122
Uncapped,,12.426000,0.034220925
Uncapped,,12.792000,0.033961281
Uncapped,,12.926000,0.033792462
Uncapped,,13.208000,0.033657258
Uncapped,,13.498000,0.033559441
Uncapped,,13.626000,0.033483347
Uncapped,,13.772000,0.033329464
Uncapped,,14.022000,0.033304656
Uncapped,,14.368000,0.033270221
Uncapped,,14.374000,0.033072334
Uncapped,,14.522000,0.033028187
Uncapped,,14.858000,0.032916616
Uncapped,,15.012000,0.032854277
Uncapped,,15.182000,0.032815801
Uncapped,,15.362000,0.032712289
Uncapped,,15.540000,0.032670192
Uncapped,,15.710000,0.032568176
Uncapped,,15.880000,0.032565239
Uncapped,,16.000000,0.032462590
Uncapped,,16.240000,0.032342907
Uncapped,,16.468000,0.032224328
Uncapped,,16.636000,0.032148907
Uncapped,,16.916000,0.032109647
Uncapped,,17.126000,0.032049464
Uncapped,,17.328000,0.031989139
Uncapped,,17.418000,0.031974382
Uncapped,,17.616000,0.031888218
Uncapped,,17.842000,0.031759712
Uncapped,,18.026000,0.031750653
Uncapped,,18.182000,0.031578082
Uncapped,,18.366000,0.031491248
Uncapped,,18.544000,0.031436423
Uncapped,,18.732000,0.031407049
Uncapped,,19.008000,0.031375381
Uncapped,,19.246000,0.031344594
Uncapped,,19.456000,0.031293746
Uncapped,,19.706000,0.031204585
Uncapped,,19.784000,0.031143560
Uncapped,,20.084000,0.031097196
Uncapped,,20.266000,0.031063288
Uncapped,,20.444000,0.031044324
Uncapped,,20.562000,0.031043776
Uncapped,,20.628000,0.031025834
Uncapped,,20.744000,0.030986659
Uncapped,,20.842000,0.030926321
Uncapped,,21.068000,0.030881811
Uncapped,,21.130000,0.030837160
Uncapped,,21.470000,0.030757328
Uncapped,,21.730000,0.030685441
Uncapped,,21.750000,0.030682545
Uncapped,,22.046000,0.030594684
Uncapped,,22.268000,0.030502138
Uncapped,,22.584000,0.030369055
Uncapped,,22.862000,0.030292909
Uncapped,,23.078000,0.030207785
Uncapped,,23.368000,0.030143547
Uncapped,,23.620000,0.030021772
Uncapped,,24.094000,0.030002378
Uncapped,,24.316000,0.029998819
Uncapped,,24.836000,0.029984423
Uncapped,,25.406000,0.029942072
Uncapped,,25.874000,0.029877093
Uncapped,,26.172000,0.029868888
Uncapped,,26.784000,0.029852208
Uncapped,,27.226000,0.029842658
PC90,15824.323,1.392000,0.045465986
PC90,15824.323,1.404000,0.045452880
PC90,15824.323,1.406000,0.045394426
PC90,15824.323,1.420000,0.045292439
PC90,15824.323,1.424000,0.045170921
PC90,15824.323,1.526000,0.045069918
PC90,15824.323,1.534000,0.045045720
PC90,15824.323,1.536000,0.044796802
PC90,15824.323,1.544000,0.044782174
PC90,15824.323,1.546000,0.044767104
PC90,15824.323,1.554000,0.044756140
PC90,15824.323,1.558000,0.044746106
PC90,15824.323,1.562000,0.044745473
PC90,15824.323,1.564000,0.044738422
PC90,15824.323,1.566000,0.044670185
PC90,15824.323,1.942000,0.044515250
PC90,15824.323,1.978000,0.044495371
PC90,15824.323,1.980000,0.044016102
PC90,15824.323,1.984000,0.039952223
PC90,15824.323,2.030000,0.039860784
PC90,15824.323,2.044000,0.039768148
PC90,15824.323,2.064000,0.039672206
PC90,15824.323,2.094000,0.039662341
PC90,15824.323,2.108000,0.039624700
PC90,15824.323,2.120000,0.039561908
PC90,15824.323,2.128000,0.039439234
PC90,15824.323,2.130000,0.039350519
PC90,15824.323,2.158000,0.039263219
PC90,15824.323,2.184000,0.039198061
PC90,15824.323,2.188000,0.039065413
PC90,15824.323,2.208000,0.039004618
PC90,15824.323,2.246000,0.038892201
PC90,15824.323,2.280000,0.038723797
PC90,15824.323,2.310000,0.038709686
PC90,15824.323,2.350000,0.038677718
PC90,15824.323,2.390000,0.038616241
PC90,15824.323,2.414000,0.038580372
PC90,15824.323,2.446000,0.038552393
PC90,15824.323,2.462000,0.038483080
PC90,15824.323,2.466000,0.038434278
PC90,15824.323,2.472000,0.038343379
PC90,15824.323,2.530000,0.038337086
PC90,15824.323,2.556000,0.038253917
PC90,15824.323,2.574000,0.038215022
PC90,15824.323,2.618000,0.038132465
PC90,15824.323,2.662000,0.038024915
PC90,15824.323,2.724000,0.037973041
PC90,15824.323,2.800000,0.037956267
PC90,15824.323,2.808000,0.037884454
PC90,15824.323,2.862000,0.037883472
PC90,15824.323,2.866000,0.037796384
PC90,15824.323,2.894000,0.037739886
PC90,15824.323,2.972000,0.037709101
PC90,15824.323,3.012000,0.037671514
PC90,15824.323,3.038000,0.037478055
PC90,15824.323,3.172000,0.037366263
PC90,15824.323,3.256000,0.037297776
PC90,15824.323,3.292000,0.037287464
PC90,15824.323,3.324000,0.037226384
PC90,15824.323,3.350000,0.037207073
PC90,15824.323,3.392000,0.037145640
PC90,15824.323,3.408000,0.037137934
PC90,15824.323,3.446000,0.037105984
PC90,15824.323,3.474000,0.037068622
PC90,15824.323,3.520000,0.037018305
PC90,15824.323,3.536000,0.037009630
PC90,15824.323,3.582000,0.036942361
PC90,15824.323,3.622000,0.036895193
PC90,15824.323,3.750000,0.036872720
PC90,15824.323,3.772000,0.036798929
PC90,15824.323,3.878000,0.036749908
PC90,15824.323,3.892000,0.036727347
PC90,15824.323,3.964000,0.036611840
PC90,15824.323,4.044000,0.036574416
PC90,15824.323,4.120000,0.036532408
PC90,15824.323,4.218000,0.036475314
PC90,15824.323,4.224000,0.036432326
PC90,15824.323,4.304000,0.036391971
PC90,15824.323,4.344000,0.036391148
PC90,15824.323,4.348000,0.036388897
PC90,15824.323,4.400000,0.036374024
PC90,15824.323,4.414000,0.036350744
PC90,15824.323,4.472000,0.036283296
PC90,15824.323,4.476000,0.036274104
PC90,15824.323,4.574000,0.036271237
PC90,15824.323,4.578000,0.036131193
PC90,15824.323,4.778000,0.036079741
PC90,15824.323,4.852000,0.036009768
PC90,15824.323,4.942000,0.035991214
PC90,15824.323,5.030000,0.035959454
PC90,15824.323,5.134000,0.035904489
PC90,15824.323,5.382000,0.035855226
PC90,15824.323,5.516000,0.035803852
PC90,15824.323,5.612000,0.035769054
PC90,15824.323,9.506000,0.035730196
PC90,15824.323,9.666000,0.035718371
PC90,15824.323,9.718000,0.035579346
PC90,15824.323,9.858000,0.035485654
PC90,15824.323,10.362000,0.035352638
PC90,15824.323,10.394000,0.035188070
PC90,15824.323,10.530000,0.035098313
PC90,15824.323,10.654000,0.034834917
PC90,15824.323,10.734000,0.034720441
PC90,15824.323,10.836000,0.034612762
PC90,15824.323,11.054000,0.034588988
PC90,15824.323,11.144000,0.034572741
PC90,15824.323,11.268000,0.034422926
PC90,15824.323,11.576000,0.034266513
PC90,15824.323,11.826000,0.034210046
PC90,15824.323,11.988000,0.034160408
PC90,15824.323,12.202000,0.034063713
PC90,15824.323,12.308000,0.033938952
PC90,15824.323,12.434000,0.033920340
PC90,15824.323,12.710000,0.033844612
PC90,15824.323,12.832000,0.033790013
PC90,15824.323,12.964000,0.033787796
PC90,15824.323,13.110000,0.033775070
PC90,15824.323,13.166000,0.033635690
PC90,15824.323,13.658000,0.033562700
PC90,15824.323,13.802000,0.033332107
PC90,15824.323,14.152000,0.033306375
PC90,15824.323,14.324000,0.033226271
PC90,15824.323,14.466000,0.033210094
PC90,15824.323,14.670000,0.033178980
PC90,15824.323,14.762000,0.033140275
PC90,15824.323,14.984000,0.033131884
PC90,15824.323,14.994000,0.033110861
PC90,15824.323,15.114000,0.033085436
PC90,15824.323,15.140000,0.033067850
PC90,15824.323,15.250000,0.032995586
PC90,15824.323,15.274000,0.032919656
PC90,15824.323,15.406000,0.032917623
PC90,15824.323,15.596000,0.032835479
PC90,15824.323,15.730000,0.032620748
PC90,15824.323,15.954000,0.032580595
PC90,15824.323,16.130000,0.032464627
PC90,15824.323,16.408000,0.032417226
PC90,15824.323,16.560000,0.032412347
PC90,15824.323,16.728000,0.032409430
PC90,15824.323,17.246000,0.032399028
PC90,15824.323,17.482000,0.032370220
PC90,15824.323,17.698000,0.032174281
PC90,15824.323,17.894000,0.032149762
PC90,15824.323,17.922000,0.032014100
PC90,15824.323,18.130000,0.031949131
PC90,15824.323,18.310000,0.031825993
PC90,15824.323,18.566000,0.031760478
PC90,15824.323,18.850000,0.031720309
PC90,15824.323,19.168000,0.031612191
PC90,15824.323,19.412000,0.031542434
PC90,15824.323,19.974000,0.031508801
PC90,15824.323,20.182000,0.031501722
PC90,15824.323,20.374000,0.031496511
PC90,15824.323,21.116000,0.031446205
PC90,15824.323,21.334000,0.031444227
PC90,15824.323,21.588000,0.031438512
PC90,15824.323,21.600000,0.031382295
PC90,15824.323,21.832000,0.031345939
PC90,15824.323,22.156000,0.031322769
PC90,15824.323,22.408000,0.031113080
PC90,15824.323,22.792000,0.031068195
PC90,15824.323,22.900000,0.030998880
PC90,15824.323,22.936000,0.030906565
PC90,15824.323,23.166000,0.030858339
PC90,15824.323,23.400000,0.030826032
PC90,15824.323,23.632000,0.030742497
PC90,15824.323,23.880000,0.030652628
PC90,15824.323,24.128000,0.030626830
PC90,15824.323,24.390000,0.030597754
PC90,15824.323,24.872000,0.030454383
PC90,15824.323,25.324000,0.030370726
PC90,15824.323,25.680000,0.030301413
PC90,15824.323,27.644000,0.030198623
PC90,15824.323,28.626000,0.030032569
PC90,15824.323,29.106000,0.029930471
PC90,15824.323,29.696000,0.029927910
PC90,15824.323,29.980000,0.029926511
PC80,14066.065,1.596000,0.045875851
PC80,14066.065,1.598000,0.045854895
PC80,14066.065,1.600000,0.045775529
PC80,14066.065,1.604000,0.045751698
PC80,14066.065,1.612000,0.045045240
PC80,14066.065,1.614000,0.045024187
PC80,14066.065,1.618000,0.044997594
PC80,14066.065,1.622000,0.044931332
PC80,14066.065,1.628000,0.044849781
PC80,14066.065,1.644000,0.044819006
PC80,14066.065,1.650000,0.044804027
PC80,14066.065,1.714000,0.044731017
PC80,14066.065,1.720000,0.044711383
PC80,14066.065,1.730000,0.044642094
PC80,14066.065,1.796000,0.044457158
PC80,14066.065,2.132000,0.041853390
PC80,14066.065,2.136000,0.041805639
PC80,14066.065,2.150000,0.041737038
PC80,14066.065,2.154000,0.041695555
PC80,14066.065,2.160000,0.041594348
PC80,14066.065,2.176000,0.041464344
PC80,14066.065,2.180000,0.041390103
PC80,14066.065,2.186000,0.041389230
PC80,14066.065,2.200000,0.041251194
PC80,14066.065,2.230000,0.040955764
PC80,14066.065,2.242000,0.040934139
PC80,14066.065,2.252000,0.040486541
PC80,14066.065,2.270000,0.040481562
PC80,14066.065,2.304000,0.040200227
PC80,14066.065,2.318000,0.040078243
PC80,14066.065,2.324000,0.039979149
PC80,14066.065,2.348000,0.039939151
PC80,14066.065,2.350000,0.039902529
PC80,14066.065,2.370000,0.039624345
PC80,14066.065,2.390000,0.039215704
PC80,14066.065,2.442000,0.039181479
PC80,14066.065,2.462000,0.039097268
PC80,14066.065,2.492000,0.039021095
PC80,14066.065,2.538000,0.038932355
PC80,14066.065,2.574000,0.038883594
PC80,14066.065,2.588000,0.038749579
PC80,14066.065,2.590000,0.038741580
PC80,14066.065,2.596000,0.038704027
PC80,14066.065,2.618000,0.038622121
PC80,14066.065,2.656000,0.038573063
PC80,14066.065,2.688000,0.038554417
PC80,14066.065,2.712000,0.038502290
PC80,14066.065,2.716000,0.038497108
PC80,14066.065,2.740000,0.038395980
PC80,14066.065,2.768000,0.038382920
PC80,14066.065,2.794000,0.038373687
PC80,14066.065,2.802000,0.038303477
PC80,14066.065,2.842000,0.038278070
PC80,14066.065,2.900000,0.038263318
PC80,14066.065,2.906000,0.038251252
PC80,14066.065,2.910000,0.038183887
PC80,14066.065,2.930000,0.038047931
PC80,14066.065,2.990000,0.038032124
PC80,14066.065,3.026000,0.038027858
PC80,14066.065,3.034000,0.037998755
PC80,14066.065,3.048000,0.037954840
PC80,14066.065,3.054000,0.037944024
PC80,14066.065,3.070000,0.037931082
PC80,14066.065,3.092000,0.037808279
PC80,14066.065,3.194000,0.037802536
PC80,14066.065,3.218000,0.037765350
PC80,14066.065,3.238000,0.037756239
PC80,14066.065,3.256000,0.037688959
PC80,14066.065,3.268000,0.037638061
PC80,14066.065,3.332000,0.037598914
PC80,14066.065,3.364000,0.037575175
PC80,14066.065,3.370000,0.037565203
PC80,14066.065,3.392000,0.037555664
PC80,14066.065,3.396000,0.037457322
PC80,14066.065,3.414000,0.037399094
PC80,14066.065,3.452000,0.037368847
PC80,14066.065,3.468000,0.037362258
PC80,14066.065,3.510000,0.037342995
PC80,14066.065,3.546000,0.037304834
PC80,14066.065,3.624000,0.037291040
PC80,14066.065,3.626000,0.037270487
PC80,14066.065,3.640000,0.037236542
PC80,14066.065,3.642000,0.037187666
PC80,14066.065,3.728000,0.037155589
PC80,14066.065,3.798000,0.037155507
PC80,14066.065,3.802000,0.037153729
PC80,14066.065,3.812000,0.037139204
PC80,14066.065,3.840000,0.037122353
PC80,14066.065,3.876000,0.037077650
PC80,14066.065,3.914000,0.037033960
PC80,14066.065,3.958000,0.037010272
PC80,14066.065,3.980000,0.036973736
PC80,14066.065,4.082000,0.036957918
PC80,14066.065,4.110000,0.036931976
PC80,14066.065,4.148000,0.036922937
PC80,14066.065,4.160000,0.036856942
PC80,14066.065,4.214000,0.036758855
PC80,14066.065,4.370000,0.036681989
PC80,14066.065,4.672000,0.036617830
PC80,14066.065,4.844000,0.036598819
PC80,14066.065,4.916000,0.036589761
PC80,14066.065,4.982000,0.036535029
PC80,14066.065,5.378000,0.036523487
PC80,14066.065,5.420000,0.036522294
PC80,14066.065,5.458000,0.036471300
PC80,14066.065,5.544000,0.036435040
PC80,14066.065,5.656000,0.036413987
PC80,14066.065,5.808000,0.036351107
PC80,14066.065,5.844000,0.036348405
PC80,14066.065,6.926000,0.036334026
PC80,14066.065,8.432000,0.036325003
PC80,14066.065,8.508000,0.036204947
PC80,14066.065,8.566000,0.036139061
PC80,14066.065,8.668000,0.036099865
PC80,14066.065,8.672000,0.036041234
PC80,14066.065,8.900000,0.036031527
PC80,14066.065,8.996000,0.036025783
PC80,14066.065,9.064000,0.035901174
PC80,14066.065,9.124000,0.035787534
PC80,14066.065,9.254000,0.035574752
PC80,14066.065,9.418000,0.035499494
PC80,14066.065,9.520000,0.035448526
PC80,14066.065,9.604000,0.035443761
PC80,14066.065,9.780000,0.035297533
PC80,14066.065,9.932000,0.035251992
PC80,14066.065,10.042000,0.035167423
PC80,14066.065,10.148000,0.034942377
PC80,14066.065,10.358000,0.034932254
PC80,14066.065,10.524000,0.034919210
PC80,14066.065,10.702000,0.034881871
PC80,14066.065,10.736000,0.034807772
PC80,14066.065,10.858000,0.034776908
PC80,14066.065,10.950000,0.034766014
PC80,14066.065,10.970000,0.034756072
PC80,14066.065,11.054000,0.034682051
PC80,14066.065,11.160000,0.034514182
PC80,14066.065,11.330000,0.034508143
PC80,14066.065,11.408000,0.034400279
PC80,14066.065,11.750000,0.034347585
PC80,14066.065,11.912000,0.034232490
PC80,14066.065,12.028000,0.034214340
PC80,14066.065,12.030000,0.034201493
PC80,14066.065,12.130000,0.034181645
PC80,14066.065,12.262000,0.034145811
PC80,14066.065,12.366000,0.034119966
PC80,14066.065,12.468000,0.034010220
PC80,14066.065,12.582000,0.033927642
PC80,14066.065,12.734000,0.033881794
PC80,14066.065,12.866000,0.033831759
PC80,14066.065,12.986000,0.033819363
PC80,14066.065,13.068000,0.033787734
PC80,14066.065,13.186000,0.033778349
PC80,14066.065,13.202000,0.033761183
PC80,14066.065,13.254000,0.033715071
PC80,14066.065,13.374000,0.033484538
PC80,14066.065,13.694000,0.033430655
PC80,14066.065,13.842000,0.033359583
PC80,14066.065,14.118000,0.033268243
PC80,14066.065,14.344000,0.033253615
PC80,14066.065,14.574000,0.033181048
PC80,14066.065,14.604000,0.033117145
PC80,14066.065,14.846000,0.033060636
PC80,14066.065,14.870000,0.032892521
PC80,14066.065,15.046000,0.032885581
PC80,14066.065,15.228000,0.032855664
PC80,14066.065,15.402000,0.032832047
PC80,14066.065,15.604000,0.032816096
PC80,14066.065,15.738000,0.032811806
PC80,14066.065,16.048000,0.032809470
PC80,14066.065,16.190000,0.032712243
PC80,14066.065,16.302000,0.032685227
PC80,14066.065,16.458000,0.032649092
PC80,14066.065,16.728000,0.032624626
PC80,14066.065,16.862000,0.032619776
PC70,12307.807,1.830000,0.045172557
PC70,12307.807,1.836000,0.045130354
PC70,12307.807,1.838000,0.045089523
PC70,12307.807,1.846000,0.045040365
PC70,12307.807,1.852000,0.044994251
PC70,12307.807,1.854000,0.044958770
PC70,12307.807,1.866000,0.044666349
PC70,12307.807,1.876000,0.044528113
PC70,12307.807,1.878000,0.044480362
PC70,12307.807,1.884000,0.044288031
PC70,12307.807,1.888000,0.044266978
PC70,12307.807,1.892000,0.044238763
PC70,12307.807,1.896000,0.044203820
PC70,12307.807,1.900000,0.044198263
PC70,12307.807,1.904000,0.044165566
PC70,12307.807,1.910000,0.043882751
PC70,12307.807,1.930000,0.043851218
PC70,12307.807,1.942000,0.043804266
PC70,12307.807,1.946000,0.043773094
PC70,12307.807,1.952000,0.043757039
PC70,12307.807,2.080000,0.043715072
PC70,12307.807,2.242000,0.043625014
PC70,12307.807,2.260000,0.043591897
PC70,12307.807,2.266000,0.043579134
PC70,12307.807,2.274000,0.043561055
PC70,12307.807,2.290000,0.043555553
PC70,12307.807,2.318000,0.041955993
PC70,12307.807,2.326000,0.041755707
PC70,12307.807,2.336000,0.041700181
PC70,12307.807,2.366000,0.041633146
PC70,12307.807,2.372000,0.041444181
PC70,12307.807,2.402000,0.041036554
PC70,12307.807,2.420000,0.040359137
PC70,12307.807,2.448000,0.039965778
PC70,12307.807,2.460000,0.039730993
PC70,12307.807,2.468000,0.039442232
PC70,12307.807,2.512000,0.039392352
PC70,12307.807,2.536000,0.039371947
PC70,12307.807,2.544000,0.039228029
PC70,12307.807,2.548000,0.039086131
PC70,12307.807,2.586000,0.039038643
PC70,12307.807,2.610000,0.038937312
PC70,12307.807,2.642000,0.038900971
PC70,12307.807,2.662000,0.038848412
PC70,12307.807,2.668000,0.038753895
PC70,12307.807,2.704000,0.038731534
PC70,12307.807,2.708000,0.038695991
PC70,12307.807,2.734000,0.038608305
PC70,12307.807,2.744000,0.038574381
PC70,12307.807,2.772000,0.038515656
PC70,12307.807,2.818000,0.038480885
PC70,12307.807,2.828000,0.038443600
PC70,12307.807,2.836000,0.038357479
PC70,12307.807,2.858000,0.038311014
PC70,12307.807,2.886000,0.038291154
PC70,12307.807,2.916000,0.038236824
PC70,12307.807,2.930000,0.038190617
PC70,12307.807,2.976000,0.038136677
PC70,12307.807,3.018000,0.037958895
PC70,12307.807,3.100000,0.037953806
PC70,12307.807,3.114000,0.037867166
PC70,12307.807,3.176000,0.037751215
PC70,12307.807,3.326000,0.037730092
PC70,12307.807,3.398000,0.037729239
PC70,12307.807,3.428000,0.037713413
PC70,12307.807,3.444000,0.037638804
PC70,12307.807,3.558000,0.037624435
PC70,12307.807,3.664000,0.037522439
PC70,12307.807,3.764000,0.037470488
PC70,12307.807,3.836000,0.037466219
PC70,12307.807,3.892000,0.037440829
PC70,12307.807,3.914000,0.037374949
PC70,12307.807,3.990000,0.037312380
PC70,12307.807,4.028000,0.037225919
PC70,12307.807,4.084000,0.037214778
PC70,12307.807,4.116000,0.037212261
PC70,12307.807,4.158000,0.037181039
PC70,12307.807,4.160000,0.037127638
PC70,12307.807,4.190000,0.037115105
PC70,12307.807,4.248000,0.037088699
PC70,12307.807,4.288000,0.037025541
PC70,12307.807,4.324000,0.037023840
PC70,12307.807,4.450000,0.037008640
PC70,12307.807,4.530000,0.036977609
PC70,12307.807,4.594000,0.036937782
PC70,12307.807,4.690000,0.036930567
PC70,12307.807,4.724000,0.036898916
PC70,12307.807,8.656000,0.036811295
PC70,12307.807,8.754000,0.036631985
PC70,12307.807,8.866000,0.036561922
PC70,12307.807,9.042000,0.036535284
PC70,12307.807,9.078000,0.036269303
PC70,12307.807,9.094000,0.036189377
PC70,12307.807,9.226000,0.036175524
PC70,12307.807,9.376000,0.036072852
PC70,12307.807,9.500000,0.036023341
PC70,12307.807,9.628000,0.036022188
PC70,12307.807,9.714000,0.035943204
PC70,12307.807,9.728000,0.035814630
PC70,12307.807,10.010000,0.035719591
PC70,12307.807,10.086000,0.035701010
PC70,12307.807,10.170000,0.035582208
PC70,12307.807,10.252000,0.035577711
PC70,12307.807,10.256000,0.035459256
PC70,12307.807,10.468000,0.035398234
PC70,12307.807,10.544000,0.035366089
PC70,12307.807,10.648000,0.035307257
PC70,12307.807,10.730000,0.035229746
PC70,12307.807,10.826000,0.035213747
PC70,12307.807,10.832000,0.035184568
PC70,12307.807,10.948000,0.035174824
PC70,12307.807,11.016000,0.035133195
PC70,12307.807,11.060000,0.034984081
PC70,12307.807,11.392000,0.034873238
PC70,12307.807,11.556000,0.034872215
PC70,12307.807,11.650000,0.034847969
PC70,12307.807,11.874000,0.034769997
PC70,12307.807,11.994000,0.034627278
PC70,12307.807,12.152000,0.034620633
PC70,12307.807,12.154000,0.034501640
PC70,12307.807,12.368000,0.034464826
PC70,12307.807,12.606000,0.034406898
PC70,12307.807,12.736000,0.034306576
PC70,12307.807,12.892000,0.034238265
PC70,12307.807,12.990000,0.034171190
PC70,12307.807,13.102000,0.034131269
PC70,12307.807,13.258000,0.034104057
PC70,12307.807,13.370000,0.034012445
PC70,12307.807,13.520000,0.033928843
PC70,12307.807,13.642000,0.033848675
PC70,12307.807,13.812000,0.033783807
PC70,12307.807,14.062000,0.033714815
PC70,12307.807,14.180000,0.033602667
PC70,12307.807,14.288000,0.033560751
PC70,12307.807,14.496000,0.033492618
PC70,12307.807,14.620000,0.033362821
PC70,12307.807,14.884000,0.033361610
PC70,12307.807,15.056000,0.033229275
PC70,12307.807,15.314000,0.033221404
PC70,12307.807,15.442000,0.033197914
PC70,12307.807,15.674000,0.033138938
PC70,12307.807,15.846000,0.033111441
PC70,12307.807,16.008000,0.032971358
PC70,12307.807,16.346000,0.032863279
PC70,12307.807,16.536000,0.032861295
PC70,12307.807,16.668000,0.032827542
PC70,12307.807,16.884000,0.032813011
PC70,12307.807,17.030000,0.032767804
PC70,12307.807,17.350000,0.032707619
PC70,12307.807,17.494000,0.032683941
PC70,12307.807,17.698000,0.032640786
PC70,12307.807,17.852000,0.032603314
PC70,12307.807,18.316000,0.032549688
PC70,12307.807,18.472000,0.032538799
PC70,12307.807,18.890000,0.032303627
PC70,12307.807,19.142000,0.032287454
PC70,12307.807,19.386000,0.032218575
PC70,12307.807,19.570000,0.032203655
PC70,12307.807,19.812000,0.032170292
PC70,12307.807,19.992000,0.032151592
PC70,12307.807,20.336000,0.032090330
PC70,12307.807,20.586000,0.032060367
PC70,12307.807,20.766000,0.032057670
PC70,12307.807,21.024000,0.032018046
PC70,12307.807,21.316000,0.032017455
PC60,10549.549,2.170000,0.045046566
PC60,10549.549,2.188000,0.045033460
PC60,10549.549,2.198000,0.045013139
PC60,10549.549,2.202000,0.044960854
PC60,10549.549,2.234000,0.044924726
PC60,10549.549,2.236000,0.044915598
PC60,10549.549,2.242000,0.044814274
PC60,10549.549,2.246000,0.044736497
PC60,10549.549,2.260000,0.044711698
PC60,10549.549,2.268000,0.044364682
PC60,10549.549,2.290000,0.043346202
PC60,10549.549,2.292000,0.043337008
PC60,10549.549,2.298000,0.043329702
PC60,10549.549,2.300000,0.043328804
PC60,10549.549,2.306000,0.043323247
PC60,10549.549,2.308000,0.043310598
PC60,10549.549,2.326000,0.043298860
PC60,10549.549,2.332000,0.043268192
PC60,10549.549,2.362000,0.043207512
PC60,10549.549,2.380000,0.043145326
PC60,10549.549,2.940000,0.041960014
PC60,10549.549,2.942000,0.041595483
PC60,10549.549,2.960000,0.040424514
PC60,10549.549,2.972000,0.040413305
PC60,10549.549,3.004000,0.040157210
PC60,10549.549,3.060000,0.039853015
PC60,10549.549,3.144000,0.039845492
PC60,10549.549,3.150000,0.039798094
PC60,10549.549,3.180000,0.039692665
PC60,10549.549,3.196000,0.039568958
PC60,10549.549,3.204000,0.039443125
PC60,10549.549,3.260000,0.039288968
PC60,10549.549,3.290000,0.039220468
PC60,10549.549,3.352000,0.039137943
PC60,10549.549,3.356000,0.039112629
PC60,10549.549,3.386000,0.038863790
PC60,10549.549,3.436000,0.038759196
PC60,10549.549,3.454000,0.038754520
PC60,10549.549,3.458000,0.038648788
PC60,10549.549,3.502000,0.038491582
PC60,10549.549,3.532000,0.038465766
PC60,10549.549,3.542000,0.038387688
PC60,10549.549,3.582000,0.038363336
PC60,10549.549,3.650000,0.038360944
PC60,10549.549,3.668000,0.038180429
PC60,10549.549,3.692000,0.038139504
PC60,10549.549,3.792000,0.038092807
PC60,10549.549,3.814000,0.038049062
PC60,10549.549,3.886000,0.038032375
PC60,10549.549,3.926000,0.037915961
PC60,10549.549,3.984000,0.037894423
PC60,10549.549,4.028000,0.037810543
PC60,10549.549,4.048000,0.037760761
PC60,10549.549,4.074000,0.037743950
PC60,10549.549,4.172000,0.037738560
PC60,10549.549,4.198000,0.037726953
PC60,10549.549,4.216000,0.037648718
PC60,10549.549,4.224000,0.037561613
PC60,10549.549,4.378000,0.037544924
PC60,10549.549,4.670000,0.037533192
PC60,10549.549,4.686000,0.037506145
PC60,10549.549,4.710000,0.037474423
PC60,10549.549,4.726000,0.037407090
PC60,10549.549,4.752000,0.037394396
PC60,10549.549,4.908000,0.037392499
PC60,10549.549,4.978000,0.037377115
PC60,10549.549,4.992000,0.037324377
PC60,10549.549,4.998000,0.037288951
PC60,10549.549,5.026000,0.037245666
PC60,10549.549,5.220000,0.037219823
PC60,10549.549,5.230000,0.037153282
PC60,10549.549,5.336000,0.037087077
PC60,10549.549,5.450000,0.037007721
PC60,10549.549,5.742000,0.036971112
PC60,10549.549,5.754000,0.036905038
PC60,10549.549,5.862000,0.036831450
PC60,10549.549,6.332000,0.036747715
PC60,10549.549,6.390000,0.036725771
PC60,10549.549,9.280000,0.036722913
PC60,10549.549,9.346000,0.036697564
PC60,10549.549,9.400000,0.036612796
PC60,10549.549,9.452000,0.036491558
PC60,10549.549,9.480000,0.036288819
PC60,10549.549,9.580000,0.036277201
PC60,10549.549,9.602000,0.035981158
PC60,10549.549,9.738000,0.035971628
PC60,10549.549,9.810000,0.035966358
PC60,10549.549,9.822000,0.035806160
PC60,10549.549,9.980000,0.035792707
PC60,10549.549,10.068000,0.035739338
PC60,10549.549,10.144000,0.035667464
PC60,10549.549,10.248000,0.035609632
PC60,10549.549,10.334000,0.035530662
PC60,10549.549,10.506000,0.035496405
PC60,10549.549,10.584000,0.035437491
PC60,10549.549,10.680000,0.035418249
PC60,10549.549,10.758000,0.035411820
PC60,10549.549,10.828000,0.035398581
PC60,10549.549,11.104000,0.035336124
PC60,10549.549,11.200000,0.035334107
PC60,10549.549,11.310000,0.035105492
PC60,10549.549,11.414000,0.035098870
PC60,10549.549,11.486000,0.035087946
PC60,10549.549,11.582000,0.035085929
PC60,10549.549,12.562000,0.035065435
PC60,10549.549,12.746000,0.035061435
PC60,10549.549,12.924000,0.034893521
PC60,10549.549,13.030000,0.034816844
PC60,10549.549,13.146000,0.034783091
PC60,10549.549,13.188000,0.034660636
PC60,10549.549,13.448000,0.034650946
PC60,10549.549,13.558000,0.034574212
PC60,10549.549,13.766000,0.034563247
PC60,10549.549,13.954000,0.034521661
PC60,10549.549,14.114000,0.034435998
PC60,10549.549,14.298000,0.034327808
PC60,10549.549,14.408000,0.034286684
PC60,10549.549,14.572000,0.034245739
PC60,10549.549,14.720000,0.034226350
PC60,10549.549,14.750000,0.034095566
PC60,10549.549,14.956000,0.033992053
PC60,10549.549,15.152000,0.033913884
PC60,10549.549,15.300000,0.033911843
PC60,10549.549,15.458000,0.033808814
PC60,10549.549,15.654000,0.033660766
PC60,10549.549,15.880000,0.033629550
PC60,10549.549,16.064000,0.033612119
PC60,10549.549,16.312000,0.033591066
PC60,10549.549,16.496000,0.033571058
PC60,10549.549,16.618000,0.033538728
PC60,10549.549,16.750000,0.033534056
PC60,10549.549,17.124000,0.033417673
PC60,10549.549,17.286000,0.033294816
PC60,10549.549,17.502000,0.033256975
PC60,10549.549,17.686000,0.033249956
PC60,10549.549,17.834000,0.033207744
PC60,10549.549,18.046000,0.033200254
PC60,10549.549,18.288000,0.033188927
PC60,10549.549,19.242000,0.033153019
PC60,10549.549,19.458000,0.033131138
PC60,10549.549,19.632000,0.033102308
PC50,8791.291,2.818000,0.044124231
PC50,8791.291,2.820000,0.044103178
PC50,8791.291,2.828000,0.044082174
PC50,8791.291,2.836000,0.044052976
PC50,8791.291,2.846000,0.044024724
PC50,8791.291,2.878000,0.044012620
PC50,8791.291,2.882000,0.043996943
PC50,8791.291,2.888000,0.043875760
PC50,8791.291,2.904000,0.043854707
PC50,8791.291,2.912000,0.043644179
PC50,8791.291,3.042000,0.043351085
PC50,8791.291,3.048000,0.043332795
PC50,8791.291,3.050000,0.043306384
PC50,8791.291,3.060000,0.043289998
PC50,8791.291,3.106000,0.043160477
PC50,8791.291,3.178000,0.043153606
PC50,8791.291,3.198000,0.043125209
PC50,8791.291,3.218000,0.043112969
PC50,8791.291,3.224000,0.043103450
PC50,8791.291,3.234000,0.043100481
PC50,8791.291,3.240000,0.043079226
PC50,8791.291,3.262000,0.042962559
PC50,8791.291,3.300000,0.042928969
PC50,8791.291,3.314000,0.042839410
PC50,8791.291,3.320000,0.042666403
PC50,8791.291,3.326000,0.042656214
PC50,8791.291,3.330000,0.042638355
PC50,8791.291,3.336000,0.042635161
PC50,8791.291,3.340000,0.042608158
PC50,8791.291,3.346000,0.042605904
PC50,8791.291,3.350000,0.042598128
PC50,8791.291,3.354000,0.042588582
PC50,8791.291,3.360000,0.042569456
PC50,8791.291,3.382000,0.042505272
PC50,8791.291,3.800000,0.041640101
PC50,8791.291,3.806000,0.041231228
PC50,8791.291,3.810000,0.039956523
PC50,8791.291,3.836000,0.039800086
PC50,8791.291,3.842000,0.039588709
PC50,8791.291,3.926000,0.039527582
PC50,8791.291,3.990000,0.039498237
PC50,8791.291,3.994000,0.039445746
PC50,8791.291,4.020000,0.039361786
PC50,8791.291,4.052000,0.039244047
PC50,8791.291,4.088000,0.039237722
PC50,8791.291,4.130000,0.039170177
PC50,8791.291,4.144000,0.039066503
PC50,8791.291,4.196000,0.039026672
PC50,8791.291,4.248000,0.039008450
PC50,8791.291,4.280000,0.039003479
PC50,8791.291,4.340000,0.038948560
PC50,8791.291,4.346000,0.038937201
PC50,8791.291,4.362000,0.038910281
PC50,8791.291,4.426000,0.038885495
PC50,8791.291,4.438000,0.038868650
PC50,8791.291,4.462000,0.038723611
PC50,8791.291,4.586000,0.038604169
PC50,8791.291,4.682000,0.038540140
PC50,8791.291,4.706000,0.038405625
PC50,8791.291,5.026000,0.038180394
PC50,8791.291,5.226000,0.038150111
PC50,8791.291,5.264000,0.038093732
PC50,8791.291,5.440000,0.038069099
PC50,8791.291,5.492000,0.038057517
PC50,8791.291,5.556000,0.038056080
PC50,8791.291,5.558000,0.038004231
PC50,8791.291,5.636000,0.037963153
PC50,8791.291,5.692000,0.037949824
PC50,8791.291,5.704000,0.037886550
PC50,8791.291,5.846000,0.037846932
PC50,8791.291,6.122000,0.037827867
PC50,8791.291,6.154000,0.037809029
PC50,8791.291,6.240000,0.037798738
PC50,8791.291,6.250000,0.037737731
PC50,8791.291,6.408000,0.037601404
PC50,8791.291,7.088000,0.037535383
PC50,8791.291,8.754000,0.037471062
PC50,8791.291,8.932000,0.037298302
PC50,8791.291,9.092000,0.037264827
PC50,8791.291,9.396000,0.037193084
PC50,8791.291,9.498000,0.037087573
PC50,8791.291,9.734000,0.037026329
PC50,8791.291,9.790000,0.037005301
PC50,8791.291,9.846000,0.036956560
PC50,8791.291,9.958000,0.036781126
PC50,8791.291,9.970000,0.036715907
PC50,8791.291,10.082000,0.036705374
PC50,8791.291,10.088000,0.036616483
PC50,8791.291,10.226000,0.036487335
PC50,8791.291,10.260000,0.036425572
PC50,8791.291,10.334000,0.036392034
PC50,8791.291,10.340000,0.036287464
PC50,8791.291,10.390000,0.036208619
PC50,8791.291,10.630000,0.036180460
PC50,8791.291,10.844000,0.036138407
PC50,8791.291,10.846000,0.036044312
PC50,8791.291,10.918000,0.035761602
PC50,8791.291,11.110000,0.035699278
PC50,8791.291,11.188000,0.035623753
PC50,8791.291,11.240000,0.035561330
PC50,8791.291,11.278000,0.035466227
PC50,8791.291,11.344000,0.035418892
PC50,8791.291,11.466000,0.035403697
PC50,8791.291,11.506000,0.035292817
PC50,8791.291,11.628000,0.035272988
PC50,8791.291,11.852000,0.035195640
PC50,8791.291,12.016000,0.035140301
PC50,8791.291,12.300000,0.035078648
PC50,8791.291,12.518000,0.035051811
PC50,8791.291,12.668000,0.034982249
PC50,8791.291,12.798000,0.034898770
PC50,8791.291,13.018000,0.034898616
PC50,8791.291,13.048000,0.034805208
PC50,8791.291,13.174000,0.034772261
PC50,8791.291,13.250000,0.034766984
PC50,8791.291,13.332000,0.034708791
PC50,8791.291,13.414000,0.034590278
PC50,8791.291,13.522000,0.034556899
PC50,8791.291,13.660000,0.034513058
PC50,8791.291,13.750000,0.034485362
PC50,8791.291,13.828000,0.034367372
PC50,8791.291,14.058000,0.034282385
PC50,8791.291,14.230000,0.034202291
PC50,8791.291,14.322000,0.034167291
PC50,8791.291,14.430000,0.034105078
PC50,8791.291,14.604000,0.034001747
PC50,8791.291,14.738000,0.033978894
PC50,8791.291,14.890000,0.033936983
PC50,8791.291,15.008000,0.033934383
PC50,8791.291,15.214000,0.033843927
PC50,8791.291,15.312000,0.033828829
PC50,8791.291,15.528000,0.033772274
PC50,8791.291,15.686000,0.033760941
PC50,8791.291,15.790000,0.033712562
PC50,8791.291,15.906000,0.033684276
PC50,8791.291,16.054000,0.033644656
PC50,8791.291,16.136000,0.033554783
PC50,8791.291,16.252000,0.033469045
PC50,8791.291,16.364000,0.033450832
PC50,8791.291,16.472000,0.033363234
PC50,8791.291,16.612000,0.033326765
PC50,8791.291,16.830000,0.033325455
PC50,8791.291,16.954000,0.033316940
PC50,8791.291,17.086000,0.033300247
PC50,8791.291,17.312000,0.033292376
PC50,8791.291,20.270000,0.033236369
PC50,8791.291,20.430000,0.033224804
PC50,8791.291,20.586000,0.033219299
PC50,8791.291,24.954000,0.033206714
PC50,8791.291,25.170000,0.033201002
