CapTier,CapWatts,Algorithm,Seed,HV,GD,IGD,Spacing,NonDomSolutions,TotalSolutions,ParetoContribution,TimeMs,HV_fixed,ScoredSeeds
Uncapped,,GA_WaitingTime_Dominance,200,0.257384,0.034498,0.378531,0.003731,25,25,4,5240,0.417773,
Uncapped,,GA_WaitingTime_Dominance,201,0.248180,0.034597,0.386839,0.002930,25,25,0,5259,0.410474,
Uncapped,,GA_WaitingTime_Dominance,202,0.252262,0.026128,0.383899,0.003593,22,22,0,5187,0.412942,
Uncapped,,GA_WaitingTime_Dominance,203,0.246361,0.027147,0.390966,0.003057,11,11,0,5568,0.408508,
Uncapped,,GA_WaitingTime_Dominance,204,0.253838,0.005460,0.401073,0.004052,9,9,0,5548,0.414314,
Uncapped,,GA_WaitingTime_Dominance,205,0.254691,0.028988,0.380300,0.001999,34,34,0,5304,0.414982,
Uncapped,,GA_WaitingTime_Dominance,206,0.250031,0.027768,0.385030,0.002678,25,25,0,5336,0.411901,
Uncapped,,GA_WaitingTime_Dominance,207,0.272292,0.000000,0.386784,0.007758,7,7,7,5250,0.428818,
Uncapped,,GA_WaitingTime_Dominance,208,0.257378,0.028149,0.380041,0.003049,22,22,5,5045,0.417522,
Uncapped,,GA_WaitingTime_Dominance,209,0.242497,0.027038,0.390338,0.002175,19,19,0,5378,0.405876,
Uncapped,,GA_WaitingTime_Dominance,MEAN,0.253491,0.023977,0.386380,0.003502,20,20,16,5311,0.414311,10
Uncapped,,GA_WaitingTime_Dominance,STDDEV,0.007738,0.011055,0.006322,0.001546,,,,,0.006003,
Uncapped,,GA_Energy_Dominance,200,0.582765,0.097945,0.174750,0.011842,46,46,2,6097,0.667011,
Uncapped,,GA_Energy_Dominance,201,0.543162,0.144466,0.189904,0.007628,62,62,0,6729,0.639313,
Uncapped,,GA_Energy_Dominance,202,0.587470,0.098786,0.171694,0.018362,47,47,11,6470,0.673273,
Uncapped,,GA_Energy_Dominance,203,0.482257,0.184720,0.218514,0.018750,51,51,0,6634,0.597123,
Uncapped,,GA_Energy_Dominance,204,0.564083,0.144410,0.185110,0.013941,53,54,0,6477,0.655806,
Uncapped,,GA_Energy_Dominance,205,0.508098,0.104620,0.219102,0.004282,62,62,0,5411,0.595919,
Uncapped,,GA_Energy_Dominance,206,0.545210,0.119849,0.187195,0.005411,79,79,9,6934,0.647705,
Uncapped,,GA_Energy_Dominance,207,0.597610,0.100141,0.169883,0.008643,62,62,5,6052,0.677450,
Uncapped,,GA_Energy_Dominance,208,0.558242,0.103536,0.192688,0.005648,47,47,2,5790,0.642996,
Uncapped,,GA_Energy_Dominance,209,0.553928,0.129165,0.195225,0.023617,48,48,0,6473,0.637271,
Uncapped,,GA_Energy_Dominance,MEAN,0.552283,0.122764,0.190406,0.011812,56,56,29,6306,0.643387,10
Uncapped,,GA_Energy_Dominance,STDDEV,0.033747,0.026887,0.016422,0.006310,,,,,0.026892,
Uncapped,,SA_WaitingTime_Dominance,200,0.263742,0.054252,0.376032,0.004313,16,16,0,3335,0.397615,
Uncapped,,SA_WaitingTime_Dominance,201,0.251297,0.053833,0.377993,0.002484,21,21,0,3372,0.401292,
Uncapped,,SA_WaitingTime_Dominance,202,0.242469,0.037436,0.381422,0.001167,14,14,0,3443,0.400932,
Uncapped,,SA_WaitingTime_Dominance,203,0.279134,0.037948,0.369733,0.004854,10,10,0,3277,0.398194,
Uncapped,,SA_WaitingTime_Dominance,204,0.234324,0.009323,0.384906,0.003520,12,12,10,3164,0.403954,
Uncapped,,SA_WaitingTime_Dominance,205,0.333812,0.076084,0.351267,0.004308,28,29,0,3394,0.395693,
Uncapped,,SA_WaitingTime_Dominance,206,0.231070,0.030773,0.385848,0.020090,8,8,0,3228,0.401307,
Uncapped,,SA_WaitingTime_Dominance,207,0.290640,0.046786,0.364753,0.001574,15,15,0,3427,0.400553,
Uncapped,,SA_WaitingTime_Dominance,208,0.259137,0.045207,0.375919,0.006134,13,13,0,3484,0.399741,
Uncapped,,SA_WaitingTime_Dominance,209,0.264442,0.045851,0.371614,0.004354,14,14,0,3464,0.405013,
Uncapped,,SA_WaitingTime_Dominance,MEAN,0.265007,0.043749,0.373949,0.005280,15,15,10,3358,0.400429,10
Uncapped,,SA_WaitingTime_Dominance,STDDEV,0.029011,0.016433,0.009820,0.005143,,,,,0.002665,
Uncapped,,SA_Energy_Dominance,200,0.538967,0.201600,0.214364,0.002537,54,54,4,3559,0.630442,
Uncapped,,SA_Energy_Dominance,201,0.520855,0.170471,0.208825,0.003379,35,35,0,3404,0.617399,
Uncapped,,SA_Energy_Dominance,202,0.541281,0.196463,0.209050,0.003991,78,80,4,3463,0.631172,
Uncapped,,SA_Energy_Dominance,203,0.521743,0.196186,0.211595,0.007068,37,37,3,3561,0.617095,
Uncapped,,SA_Energy_Dominance,204,0.514808,0.232839,0.226038,0.002718,43,44,0,3233,0.606545,
Uncapped,,SA_Energy_Dominance,205,0.508017,0.166656,0.219285,0.007793,37,37,0,3340,0.605033,
Uncapped,,SA_Energy_Dominance,206,0.513227,0.213286,0.224591,0.004872,43,43,0,3375,0.607693,
Uncapped,,SA_Energy_Dominance,207,0.510989,0.196662,0.226020,0.009487,51,51,0,3412,0.603562,
Uncapped,,SA_Energy_Dominance,208,0.534161,0.183369,0.208440,0.004285,67,67,0,3447,0.624821,
Uncapped,,SA_Energy_Dominance,209,0.559444,0.170516,0.220660,0.004711,45,45,4,3271,0.642524,
Uncapped,,SA_Energy_Dominance,MEAN,0.526349,0.192805,0.216887,0.005084,49,49,15,3406,0.618629,10
Uncapped,,SA_Energy_Dominance,STDDEV,0.015707,0.019768,0.006918,0.002183,,,,,0.012600,
Uncapped,,NSGA-II,200,0.499062,0.023832,0.221333,0.003877,46,46,0,9395,0.599228,
Uncapped,,NSGA-II,201,0.556628,0.023283,0.175175,0.002164,48,48,0,9731,0.644324,
Uncapped,,NSGA-II,202,0.522700,0.040527,0.201248,0.004999,48,48,0,9829,0.617169,
Uncapped,,NSGA-II,203,0.511396,0.023708,0.208004,0.004023,44,44,0,9111,0.609056,
Uncapped,,NSGA-II,204,0.558283,0.017576,0.173305,0.004580,52,52,3,9805,0.644872,
Uncapped,,NSGA-II,205,0.580600,0.009746,0.170835,0.002832,50,50,30,9634,0.663577,
Uncapped,,NSGA-II,206,0.541385,0.033322,0.179996,0.002894,59,59,0,9257,0.634719,
Uncapped,,NSGA-II,207,0.536698,0.030041,0.194565,0.002878,51,51,0,9435,0.628836,
Uncapped,,NSGA-II,208,0.471246,0.018112,0.240686,0.002891,38,38,0,9066,0.577827,
Uncapped,,NSGA-II,209,0.537493,0.028727,0.190592,0.003062,42,42,0,9937,0.629390,
Uncapped,,NSGA-II,MEAN,0.531549,0.024887,0.195574,0.003420,48,48,33,9520,0.624900,10
Uncapped,,NSGA-II,STDDEV,0.030140,0.008311,0.021629,0.000855,,,,,0.023643,
Uncapped,,SPEA-II,200,0.499043,0.027704,0.233525,0.003365,40,40,0,10502,0.600525,
Uncapped,,SPEA-II,201,0.453730,0.029417,0.249385,0.003463,37,37,0,10345,0.564953,
Uncapped,,SPEA-II,202,0.434344,0.000000,0.277777,0.003747,31,31,31,9701,0.551495,
Uncapped,,SPEA-II,203,0.450083,0.046104,0.244323,0.001952,34,34,0,10450,0.561251,
Uncapped,,SPEA-II,204,0.443597,0.034108,0.253501,0.002480,30,30,0,10212,0.556623,
Uncapped,,SPEA-II,205,0.509164,0.026325,0.213742,0.003091,47,47,0,10279,0.609335,
Uncapped,,SPEA-II,206,0.538281,0.020601,0.203773,0.003274,41,41,0,10543,0.631391,
Uncapped,,SPEA-II,207,0.416038,0.015533,0.284170,0.001350,34,34,0,9852,0.535794,
Uncapped,,SPEA-II,208,0.505732,0.035279,0.211048,0.002218,45,45,0,10067,0.605240,
Uncapped,,SPEA-II,209,0.487349,0.010413,0.232974,0.003714,36,36,13,10355,0.590804,
Uncapped,,SPEA-II,MEAN,0.473736,0.024548,0.240422,0.002865,38,38,44,10230,0.580741,10
Uncapped,,SPEA-II,STDDEV,0.037443,0.012678,0.025684,0.000776,,,,,0.029261,
Uncapped,,AMOSA,200,0.268174,0.063616,0.361418,0.004161,15,15,0,9314,0.414771,
Uncapped,,AMOSA,201,0.261338,0.084481,0.363886,0.003213,14,14,0,9074,0.409171,
Uncapped,,AMOSA,202,0.246634,0.077450,0.372632,0.004813,9,9,0,8915,0.397447,
Uncapped,,AMOSA,203,0.280969,0.060651,0.354090,0.003188,23,23,0,9459,0.424501,
Uncapped,,AMOSA,204,0.262510,0.046109,0.373753,0.003716,8,8,0,8935,0.410036,
Uncapped,,AMOSA,205,0.280483,0.052921,0.355895,0.006431,13,13,0,9326,0.424130,
Uncapped,,AMOSA,206,0.282671,0.073338,0.342996,0.008428,18,18,0,9265,0.425815,
Uncapped,,AMOSA,207,0.272663,0.071577,0.353357,0.006838,17,17,0,9191,0.418196,
Uncapped,,AMOSA,208,0.269039,0.059286,0.359129,0.011307,17,17,0,9078,0.414911,
Uncapped,,AMOSA,209,0.281954,0.058652,0.348448,0.012031,19,19,0,9006,0.425261,
Uncapped,,AMOSA,MEAN,0.270643,0.064808,0.358560,0.006413,15,15,0,9156,0.416424,10
Uncapped,,AMOSA,STDDEV,0.011036,0.011151,0.009297,0.003087,,,,,0.008675,
Uncapped,,Universal_Pareto,ALL,0.771282,0.000000,0.000000,0.000000,147,147,147,0,0.837800,
PC90,15114.454,GA_WaitingTime_Dominance,200,0.124984,0.102736,0.468036,0.079864,7,7,0,16988,0.204544,
PC90,15114.454,GA_WaitingTime_Dominance,201,0.126512,0.014609,0.525245,0.005128,10,10,0,16981,0.205586,
PC90,15114.454,GA_WaitingTime_Dominance,202,0.148803,0.080721,0.447608,0.055745,14,14,0,16819,0.228081,
PC90,15114.454,GA_WaitingTime_Dominance,203,0.166672,0.000831,0.492746,0.001988,10,10,7,16696,0.242051,
PC90,15114.454,GA_WaitingTime_Dominance,204,0.111264,0.069497,0.475259,0.066558,17,17,0,16176,0.193350,
PC90,15114.454,GA_WaitingTime_Dominance,205,0.141558,0.067096,0.465834,0.026422,14,14,0,17002,0.219870,
PC90,15114.454,GA_WaitingTime_Dominance,206,0.168963,0.054616,0.435193,0.040546,18,18,0,16931,0.244644,
PC90,15114.454,GA_WaitingTime_Dominance,207,0.170602,0.123355,0.442994,0.020651,19,19,0,17047,0.248604,
PC90,15114.454,GA_WaitingTime_Dominance,208,0.125975,0.107836,0.460361,0.100532,16,16,0,16453,0.206301,
PC90,15114.454,GA_WaitingTime_Dominance,209,0.169206,0.037876,0.444961,0.121329,8,8,7,16873,0.245036,
PC90,15114.454,GA_WaitingTime_Dominance,MEAN,0.145454,0.065917,0.465824,0.051876,13,13,14,16796,0.223807,10
PC90,15114.454,GA_WaitingTime_Dominance,STDDEV,0.021336,0.037984,0.025702,0.038250,,,,,0.019503,
PC90,15114.454,GA_Energy_Dominance,200,0.575300,0.094351,0.187328,0.006036,58,58,13,15057,0.625548,
PC90,15114.454,GA_Energy_Dominance,201,0.472311,0.168104,0.209362,0.013561,48,48,7,15507,0.566615,
PC90,15114.454,GA_Energy_Dominance,202,0.584030,0.111468,0.179327,0.007744,63,64,9,15089,0.641798,
PC90,15114.454,GA_Energy_Dominance,203,0.521497,0.132505,0.180700,0.026647,61,61,1,15540,0.599439,
PC90,15114.454,GA_Energy_Dominance,204,0.501237,0.181931,0.201349,0.012484,43,43,0,15530,0.581667,
PC90,15114.454,GA_Energy_Dominance,205,0.482071,0.095951,0.251059,0.003241,28,28,0,14767,0.529017,
PC90,15114.454,GA_Energy_Dominance,206,0.519526,0.151110,0.192461,0.010352,54,54,1,15759,0.587575,
PC90,15114.454,GA_Energy_Dominance,207,0.531369,0.092440,0.203595,0.004774,74,74,0,15155,0.578058,
PC90,15114.454,GA_Energy_Dominance,208,0.540812,0.150975,0.182415,0.008116,64,64,0,15592,0.611812,
PC90,15114.454,GA_Energy_Dominance,209,0.547549,0.131801,0.170275,0.015612,53,53,8,16099,0.621047,
PC90,15114.454,GA_Energy_Dominance,MEAN,0.527570,0.131064,0.195787,0.010857,55,55,39,15409,0.594257,10
PC90,15114.454,GA_Energy_Dominance,STDDEV,0.034603,0.030359,0.021776,0.006462,,,,,0.031270,
PC90,15114.454,SA_WaitingTime_Dominance,200,0.290492,0.021373,0.370375,0.059936,24,24,0,13433,0.358068,
PC90,15114.454,SA_WaitingTime_Dominance,201,0.287510,0.042384,0.373481,0.004409,18,19,3,13565,0.356500,
PC90,15114.454,SA_WaitingTime_Dominance,202,0.214015,0.036672,0.419759,0.002116,11,11,8,13189,0.288544,
PC90,15114.454,SA_WaitingTime_Dominance,203,0.290016,0.038587,0.371353,0.041508,18,18,0,13225,0.357883,
PC90,15114.454,SA_WaitingTime_Dominance,204,0.289667,0.017247,0.371191,0.001358,14,14,0,13331,0.358491,
PC90,15114.454,SA_WaitingTime_Dominance,205,0.288154,0.023504,0.373067,0.071442,11,11,1,14313,0.356697,
PC90,15114.454,SA_WaitingTime_Dominance,206,0.291161,0.016217,0.370320,0.136003,6,6,0,13640,0.359299,
PC90,15114.454,SA_WaitingTime_Dominance,207,0.291485,0.021877,0.368720,0.057098,17,17,0,13648,0.359274,
PC90,15114.454,SA_WaitingTime_Dominance,208,0.289857,0.020154,0.371150,0.003865,14,14,0,13326,0.358457,
PC90,15114.454,SA_WaitingTime_Dominance,209,0.289753,0.014807,0.370988,0.002709,14,14,3,13582,0.358697,
PC90,15114.454,SA_WaitingTime_Dominance,MEAN,0.282211,0.025282,0.376040,0.038044,15,15,15,13525,0.351191,10
PC90,15114.454,SA_WaitingTime_Dominance,STDDEV,0.022761,0.009550,0.014629,0.042131,,,,,0.020901,
PC90,15114.454,SA_Energy_Dominance,200,0.512824,0.217835,0.220807,0.004224,57,57,0,12657,0.575815,
PC90,15114.454,SA_Energy_Dominance,201,0.518475,0.222814,0.219434,0.004253,40,40,0,12517,0.583929,
PC90,15114.454,SA_Energy_Dominance,202,0.530690,0.222782,0.222428,0.009589,40,41,2,12371,0.594370,
PC90,15114.454,SA_Energy_Dominance,203,0.475301,0.255791,0.224505,0.005128,45,45,0,12279,0.547210,
PC90,15114.454,SA_Energy_Dominance,204,0.512954,0.237071,0.216591,0.004091,60,61,5,12595,0.590225,
PC90,15114.454,SA_Energy_Dominance,205,0.521996,0.202173,0.212622,0.007881,62,63,0,12493,0.581730,
PC90,15114.454,SA_Energy_Dominance,206,0.472992,0.261834,0.224029,0.009545,41,42,0,12631,0.547399,
PC90,15114.454,SA_Energy_Dominance,207,0.460478,0.225060,0.222666,0.005015,34,34,0,12174,0.539705,
PC90,15114.454,SA_Energy_Dominance,208,0.501242,0.222824,0.222278,0.006664,60,62,0,12434,0.561625,
PC90,15114.454,SA_Energy_Dominance,209,0.488214,0.259653,0.221675,0.007260,37,37,0,12561,0.565887,
PC90,15114.454,SA_Energy_Dominance,MEAN,0.499517,0.232784,0.220703,0.006365,48,48,7,12471,0.568789,10
PC90,15114.454,SA_Energy_Dominance,STDDEV,0.022669,0.019059,0.003458,0.002031,,,,,0.018408,
PC90,15114.454,NSGA-II,200,0.576790,0.030835,0.193973,0.003354,57,57,0,19075,0.617951,
PC90,15114.454,NSGA-II,201,0.560023,0.038542,0.174632,0.007885,49,49,0,18940,0.602232,
PC90,15114.454,NSGA-II,202,0.510717,0.020300,0.254325,0.003502,37,37,0,18847,0.555280,
PC90,15114.454,NSGA-II,203,0.473370,0.004750,0.287494,0.004012,25,25,13,19051,0.520505,
PC90,15114.454,NSGA-II,204,0.584002,0.041338,0.172279,0.006942,50,50,0,19301,0.625406,
PC90,15114.454,NSGA-II,205,0.564981,0.021819,0.198321,0.007231,34,34,0,19315,0.606237,
PC90,15114.454,NSGA-II,206,0.597658,0.003199,0.206408,0.004400,44,44,31,19366,0.636303,
PC90,15114.454,NSGA-II,207,0.460340,0.014952,0.287186,0.002819,36,36,0,19035,0.508693,
PC90,15114.454,NSGA-II,208,0.529052,0.044772,0.215627,0.004384,39,39,0,19234,0.573070,
PC90,15114.454,NSGA-II,209,0.488370,0.024036,0.262698,0.002949,37,37,0,19179,0.534807,
PC90,15114.454,NSGA-II,MEAN,0.534530,0.024454,0.225294,0.004748,41,41,44,19134,0.578048,10
PC90,15114.454,NSGA-II,STDDEV,0.046656,0.013754,0.041806,0.001791,,,,,0.043752,
PC90,15114.454,SPEA-II,200,0.510004,0.005701,0.271485,0.003081,32,32,9,20070,0.554513,
PC90,15114.454,SPEA-II,201,0.506120,0.032195,0.250583,0.002676,47,47,0,20713,0.551149,
PC90,15114.454,SPEA-II,202,0.479242,0.008043,0.283914,0.001783,37,37,1,19574,0.525941,
PC90,15114.454,SPEA-II,203,0.497808,0.022649,0.261519,0.002314,45,45,0,19900,0.543642,
PC90,15114.454,SPEA-II,204,0.501325,0.021410,0.261723,0.002124,42,42,0,20039,0.546655,
PC90,15114.454,SPEA-II,205,0.553903,0.037726,0.201410,0.004218,45,45,0,21052,0.596534,
PC90,15114.454,SPEA-II,206,0.442915,0.012097,0.304178,0.001806,39,39,2,20468,0.492739,
PC90,15114.454,SPEA-II,207,0.457531,0.004072,0.304667,0.003479,30,30,10,20164,0.506042,
PC90,15114.454,SPEA-II,208,0.536720,0.033451,0.229339,0.002673,53,53,0,20162,0.580315,
PC90,15114.454,SPEA-II,209,0.539543,0.009560,0.230059,0.003900,43,43,9,20914,0.582232,
PC90,15114.454,SPEA-II,MEAN,0.502511,0.018690,0.259888,0.002805,41,41,31,20305,0.547976,10
PC90,15114.454,SPEA-II,STDDEV,0.033752,0.011867,0.031645,0.000807,,,,,0.031537,
PC90,15114.454,AMOSA,200,0.289293,0.129163,0.374296,0.003313,14,14,0,21965,0.349990,
PC90,15114.454,AMOSA,201,0.325175,0.082898,0.348286,0.014040,13,13,0,21524,0.382904,
PC90,15114.454,AMOSA,202,0.339591,0.098571,0.333049,0.008229,18,18,0,21513,0.396169,
PC90,15114.454,AMOSA,203,0.296392,0.121503,0.372277,0.006918,16,16,0,21285,0.356634,
PC90,15114.454,AMOSA,204,0.330725,0.101473,0.336631,0.007076,17,17,0,21134,0.388598,
PC90,15114.454,AMOSA,205,0.309698,0.085128,0.362474,0.005929,15,15,0,21755,0.368912,
PC90,15114.454,AMOSA,206,0.336803,0.069140,0.346567,0.008529,10,10,0,21435,0.393915,
PC90,15114.454,AMOSA,207,0.313425,0.105438,0.346857,0.010384,15,15,0,21574,0.372395,
PC90,15114.454,AMOSA,208,0.317932,0.070693,0.367451,0.008628,12,12,0,21407,0.376485,
PC90,15114.454,AMOSA,209,0.337072,0.071243,0.347100,0.007046,19,19,0,21628,0.394242,
PC90,15114.454,AMOSA,MEAN,0.319611,0.093525,0.353499,0.008009,15,15,0,21522,0.378024,10
PC90,15114.454,AMOSA,STDDEV,0.016589,0.020197,0.013869,0.002685,,,,,0.015300,
PC90,15114.454,Universal_Pareto,ALL,0.754355,0.000000,0.000000,0.000000,150,150,150,0,0.805551,
PC80,13435.070,GA_WaitingTime_Dominance,200,0.032280,0.170337,0.551832,0.025064,11,11,0,16826,0.203165,
PC80,13435.070,GA_WaitingTime_Dominance,201,0.106122,0.022054,0.548856,0.002399,13,13,0,17114,0.274712,
PC80,13435.070,GA_WaitingTime_Dominance,202,0.062073,0.209310,0.514013,0.016100,8,8,0,16163,0.227793,
PC80,13435.070,GA_WaitingTime_Dominance,203,0.067368,0.026466,0.578961,0.001513,9,9,0,16756,0.243991,
PC80,13435.070,GA_WaitingTime_Dominance,204,0.112959,0.018470,0.540142,0.004716,8,8,1,16207,0.279978,
PC80,13435.070,GA_WaitingTime_Dominance,205,0.096207,0.106614,0.483973,0.095104,14,14,0,15960,0.248828,
PC80,13435.070,GA_WaitingTime_Dominance,206,0.049171,0.044516,0.589920,0.007454,6,6,0,16836,0.219716,
PC80,13435.070,GA_WaitingTime_Dominance,207,0.069198,0.106030,0.530759,0.034829,18,18,0,15856,0.212017,
PC80,13435.070,GA_WaitingTime_Dominance,208,0.069082,0.069153,0.541532,0.012180,12,12,0,16238,0.232520,
PC80,13435.070,GA_WaitingTime_Dominance,209,0.109356,0.009370,0.547561,0.005612,5,5,2,16390,0.277651,
PC80,13435.070,GA_WaitingTime_Dominance,MEAN,0.077381,0.078232,0.542755,0.020497,10,10,3,16434,0.242037,10
PC80,13435.070,GA_WaitingTime_Dominance,STDDEV,0.026017,0.065277,0.028481,0.026851,,,,,0.026513,
PC80,13435.070,GA_Energy_Dominance,200,0.261822,0.353516,0.392056,0.010118,42,42,0,16433,0.491409,
PC80,13435.070,GA_Energy_Dominance,201,0.342538,0.227497,0.371027,0.010799,63,63,0,16385,0.512496,
PC80,13435.070,GA_Energy_Dominance,202,0.473999,0.130690,0.208540,0.005318,60,60,13,16062,0.644348,
PC80,13435.070,GA_Energy_Dominance,203,0.228041,0.433571,0.520114,0.015797,49,49,0,16181,0.311097,
PC80,13435.070,GA_Energy_Dominance,204,0.442138,0.161486,0.240327,0.003788,82,82,0,15778,0.637187,
PC80,13435.070,GA_Energy_Dominance,205,0.288662,0.319572,0.409550,0.007383,70,70,0,16120,0.465040,
PC80,13435.070,GA_Energy_Dominance,206,0.339439,0.279127,0.349346,0.010916,67,67,0,15872,0.525301,
PC80,13435.070,GA_Energy_Dominance,207,0.181060,0.311090,0.473258,0.050294,35,35,0,16684,0.459526,
PC80,13435.070,GA_Energy_Dominance,208,0.480666,0.142503,0.184778,0.011651,50,50,5,15448,0.692796,
PC80,13435.070,GA_Energy_Dominance,209,0.464614,0.131719,0.206284,0.014134,70,70,3,15771,0.681136,
PC80,13435.070,GA_Energy_Dominance,MEAN,0.350298,0.249077,0.335528,0.014020,59,59,21,16073,0.542034,10
PC80,13435.070,GA_Energy_Dominance,STDDEV,0.104496,0.100969,0.113042,0.012587,,,,,0.114623,
PC80,13435.070,SA_WaitingTime_Dominance,200,0.166451,0.060430,0.447610,0.006968,14,14,0,13474,0.310915,
PC80,13435.070,SA_WaitingTime_Dominance,201,0.111430,0.116606,0.480607,0.004983,21,21,0,13182,0.278261,
PC80,13435.070,SA_WaitingTime_Dominance,202,0.089537,0.032191,0.502966,0.070285,22,22,0,13237,0.239615,
PC80,13435.070,SA_WaitingTime_Dominance,203,0.084684,0.028968,0.566610,0.010779,10,10,0,13296,0.228676,
PC80,13435.070,SA_WaitingTime_Dominance,204,0.091073,0.022858,0.544673,0.004167,11,11,0,13075,0.264872,
PC80,13435.070,SA_WaitingTime_Dominance,205,0.106130,0.010707,0.559153,0.003402,13,13,0,13393,0.262479,
PC80,13435.070,SA_WaitingTime_Dominance,206,0.062494,0.115117,0.512010,0.014321,17,17,0,13867,0.233663,
PC80,13435.070,SA_WaitingTime_Dominance,207,0.078118,0.080285,0.502505,0.018377,15,15,4,14391,0.260473,
PC80,13435.070,SA_WaitingTime_Dominance,208,0.051417,0.012311,0.596781,0.002093,14,14,0,13824,0.232766,
PC80,13435.070,SA_WaitingTime_Dominance,209,0.111285,0.000000,0.551091,0.001822,16,16,16,13462,0.281578,
PC80,13435.070,SA_WaitingTime_Dominance,MEAN,0.095262,0.047947,0.526401,0.013720,15,15,20,13520,0.259330,10
PC80,13435.070,SA_WaitingTime_Dominance,STDDEV,0.030259,0.040769,0.042683,0.019562,,,,,0.024998,
PC80,13435.070,SA_Energy_Dominance,200,0.297963,0.315824,0.311918,0.011416,43,44,0,12508,0.588456,
PC80,13435.070,SA_Energy_Dominance,201,0.238261,0.367137,0.320192,0.008603,51,51,2,13103,0.579547,
PC80,13435.070,SA_Energy_Dominance,202,0.320931,0.343054,0.314062,0.007461,49,49,0,12497,0.593000,
PC80,13435.070,SA_Energy_Dominance,203,0.308819,0.322564,0.316624,0.029266,26,26,0,12335,0.583720,
PC80,13435.070,SA_Energy_Dominance,204,0.341799,0.334287,0.292121,0.006996,35,35,0,12628,0.612264,
PC80,13435.070,SA_Energy_Dominance,205,0.272310,0.369121,0.329554,0.007529,35,35,0,12447,0.569369,
PC80,13435.070,SA_Energy_Dominance,206,0.286274,0.379706,0.331159,0.005170,47,47,0,12293,0.555357,
PC80,13435.070,SA_Energy_Dominance,207,0.209161,0.374957,0.373851,0.007881,53,54,0,12636,0.539688,
PC80,13435.070,SA_Energy_Dominance,208,0.305608,0.326954,0.309920,0.009841,46,46,0,12172,0.593869,
PC80,13435.070,SA_Energy_Dominance,209,0.353962,0.334163,0.301930,0.016584,55,57,3,12311,0.600684,
PC80,13435.070,SA_Energy_Dominance,MEAN,0.293509,0.346777,0.320133,0.011075,44,44,5,12493,0.581595,10
PC80,13435.070,SA_Energy_Dominance,STDDEV,0.042199,0.022491,0.021054,0.006756,,,,,0.020580,
PC80,13435.070,NSGA-II,200,0.562765,0.047637,0.132333,0.008548,48,48,1,20921,0.677690,
PC80,13435.070,NSGA-II,201,0.500937,0.011355,0.256469,0.004025,36,36,3,19659,0.605442,
PC80,13435.070,NSGA-II,202,0.332738,0.195837,0.289964,0.008707,34,34,0,20303,0.471317,
PC80,13435.070,NSGA-II,203,0.339602,0.161868,0.293040,0.004185,42,42,0,20361,0.473529,
PC80,13435.070,NSGA-II,204,0.458916,0.103432,0.217574,0.004569,45,45,0,20190,0.580271,
PC80,13435.070,NSGA-II,205,0.570462,0.041087,0.126815,0.009045,37,37,11,20762,0.685658,
PC80,13435.070,NSGA-II,206,0.513553,0.030142,0.202213,0.010608,36,36,1,19785,0.620268,
PC80,13435.070,NSGA-II,207,0.471189,0.049674,0.232494,0.037925,18,18,0,21152,0.581304,
PC80,13435.070,NSGA-II,208,0.468380,0.102186,0.194076,0.013250,43,43,0,21664,0.590421,
PC80,13435.070,NSGA-II,209,0.578628,0.020186,0.136590,0.007610,41,41,10,20872,0.688111,
PC80,13435.070,NSGA-II,MEAN,0.479717,0.076340,0.208157,0.010847,38,38,26,20566,0.597401,10
PC80,13435.070,NSGA-II,STDDEV,0.082692,0.059401,0.058850,0.009450,,,,,0.074091,
PC80,13435.070,SPEA-II,200,0.526222,0.013660,0.233671,0.005867,38,38,3,20689,0.628429,
PC80,13435.070,SPEA-II,201,0.365072,0.137105,0.287627,0.005269,30,30,0,20840,0.493430,
PC80,13435.070,SPEA-II,202,0.456267,0.090784,0.236448,0.005062,30,30,0,22253,0.571631,
PC80,13435.070,SPEA-II,203,0.355724,0.138950,0.287602,0.006176,32,32,0,21046,0.485616,
PC80,13435.070,SPEA-II,204,0.515237,0.078482,0.164983,0.008568,40,40,0,20912,0.629121,
PC80,13435.070,SPEA-II,205,0.481589,0.027428,0.250765,0.005448,37,37,0,20621,0.589062,
PC80,13435.070,SPEA-II,206,0.417114,0.118382,0.249035,0.004601,39,39,0,20991,0.541471,
PC80,13435.070,SPEA-II,207,0.358573,0.149259,0.297196,0.004603,31,31,0,21188,0.489240,
PC80,13435.070,SPEA-II,208,0.524387,0.000000,0.249257,0.005983,34,34,34,20337,0.624888,
PC80,13435.070,SPEA-II,209,0.356582,0.128896,0.286017,0.005235,33,33,0,20921,0.485484,
PC80,13435.070,SPEA-II,MEAN,0.435677,0.088295,0.254260,0.005681,34,34,37,20979,0.553837,10
PC80,13435.070,SPEA-II,STDDEV,0.069895,0.053284,0.037220,0.001088,,,,,0.059278,
PC80,13435.070,AMOSA,200,0.282638,0.216425,0.337369,0.006808,28,28,0,22635,0.425374,
PC80,13435.070,AMOSA,201,0.304522,0.185207,0.327672,0.005691,36,36,0,22287,0.441259,
PC80,13435.070,AMOSA,202,0.276707,0.180895,0.342145,0.004080,21,21,0,22340,0.415115,
PC80,13435.070,AMOSA,203,0.305370,0.157128,0.324063,0.007807,29,29,0,22503,0.441770,
PC80,13435.070,AMOSA,204,0.260235,0.219143,0.359288,0.021617,26,26,0,22502,0.402793,
PC80,13435.070,AMOSA,205,0.266433,0.205835,0.356639,0.006229,26,26,0,22852,0.406545,
PC80,13435.070,AMOSA,206,0.274703,0.213352,0.346179,0.004935,33,33,0,22198,0.416610,
PC80,13435.070,AMOSA,207,0.279905,0.211393,0.340882,0.010529,24,24,0,22307,0.421803,
PC80,13435.070,AMOSA,208,0.248933,0.194814,0.372786,0.016794,24,24,0,22548,0.391057,
PC80,13435.070,AMOSA,209,0.290252,0.160846,0.344884,0.008813,18,18,0,22311,0.426349,
PC80,13435.070,AMOSA,MEAN,0.278970,0.194504,0.345191,0.009330,27,27,0,22448,0.418868,10
PC80,13435.070,AMOSA,STDDEV,0.017103,0.021583,0.013909,0.005355,,,,,0.015283,
PC80,13435.070,Universal_Pareto,ALL,0.687468,0.000000,0.000000,0.000000,112,112,112,0,0.840932,
PC70,11755.686,GA_WaitingTime_Dominance,200,0.072034,0.084812,0.622130,0.003369,19,19,0,16215,0.270819,
PC70,11755.686,GA_WaitingTime_Dominance,201,0.082293,0.066969,0.630479,0.002093,8,8,0,16243,0.285497,
PC70,11755.686,GA_WaitingTime_Dominance,202,0.087816,0.244768,0.551547,0.008354,22,22,0,16294,0.279447,
PC70,11755.686,GA_WaitingTime_Dominance,203,0.102035,0.142664,0.518800,0.109315,14,14,0,16193,0.307939,
PC70,11755.686,GA_WaitingTime_Dominance,204,0.122584,0.189516,0.505760,0.014305,12,12,0,15940,0.317825,
PC70,11755.686,GA_WaitingTime_Dominance,205,0.094889,0.086256,0.569730,0.012565,23,23,0,16180,0.296319,
PC70,11755.686,GA_WaitingTime_Dominance,206,0.080426,0.098884,0.567747,0.010419,15,15,0,16474,0.286468,
PC70,11755.686,GA_WaitingTime_Dominance,207,0.062693,0.101502,0.581158,0.150929,7,7,0,16022,0.251748,
PC70,11755.686,GA_WaitingTime_Dominance,208,0.032840,0.146061,0.592132,0.158261,8,8,0,15780,0.239606,
PC70,11755.686,GA_WaitingTime_Dominance,209,0.081795,0.081807,0.572413,0.040746,14,14,0,15971,0.282832,
PC70,11755.686,GA_WaitingTime_Dominance,MEAN,0.081940,0.124324,0.571190,0.051036,14,14,0,16131,0.281850,10
PC70,11755.686,GA_WaitingTime_Dominance,STDDEV,0.022671,0.053704,0.037517,0.059955,,,,,0.022445,
PC70,11755.686,GA_Energy_Dominance,200,0.210478,0.443886,0.462974,0.009441,59,59,0,16275,0.353484,
PC70,11755.686,GA_Energy_Dominance,201,0.256528,0.417080,0.459950,0.011084,69,69,0,16670,0.337516,
PC70,11755.686,GA_Energy_Dominance,202,0.472014,0.140365,0.172790,0.008957,67,67,0,15768,0.620524,
PC70,11755.686,GA_Energy_Dominance,203,0.285228,0.345674,0.382342,0.009960,63,63,0,16318,0.399110,
PC70,11755.686,GA_Energy_Dominance,204,0.508247,0.077261,0.147929,0.008724,65,65,5,15628,0.635194,
PC70,11755.686,GA_Energy_Dominance,205,0.340234,0.228130,0.289189,0.006699,50,50,0,15956,0.517872,
PC70,11755.686,GA_Energy_Dominance,206,0.269794,0.240381,0.349179,0.015376,53,53,0,16251,0.481997,
PC70,11755.686,GA_Energy_Dominance,207,0.308069,0.219418,0.320268,0.011193,51,51,0,16000,0.513418,
PC70,11755.686,GA_Energy_Dominance,208,0.493473,0.115412,0.158518,0.009566,59,59,5,15340,0.634614,
PC70,11755.686,GA_Energy_Dominance,209,0.493048,0.093997,0.163243,0.010407,46,46,17,15756,0.631620,
PC70,11755.686,GA_Energy_Dominance,MEAN,0.363711,0.232160,0.290638,0.010141,58,58,27,15996,0.512535,10
PC70,11755.686,GA_Energy_Dominance,STDDEV,0.109445,0.125417,0.117908,0.002135,,,,,0.112048,
PC70,11755.686,SA_WaitingTime_Dominance,200,0.167121,0.000000,0.583194,0.001162,11,11,11,13240,0.356925,
PC70,11755.686,SA_WaitingTime_Dominance,201,0.118917,0.037743,0.613991,0.004560,11,12,0,13447,0.318808,
PC70,11755.686,SA_WaitingTime_Dominance,202,0.143489,0.040536,0.612387,0.044896,6,6,0,13414,0.306115,
PC70,11755.686,SA_WaitingTime_Dominance,203,0.082341,0.047440,0.643532,0.002353,15,16,1,13982,0.291676,
PC70,11755.686,SA_WaitingTime_Dominance,204,0.113510,0.119562,0.549311,0.005986,23,23,0,14022,0.317575,
PC70,11755.686,SA_WaitingTime_Dominance,205,0.103312,0.047734,0.610732,0.010201,12,12,0,13547,0.304474,
PC70,11755.686,SA_WaitingTime_Dominance,206,0.099591,0.051623,0.618813,0.004473,18,18,0,13525,0.303990,
PC70,11755.686,SA_WaitingTime_Dominance,207,0.142129,0.059348,0.566336,0.014666,23,23,0,13671,0.300634,
PC70,11755.686,SA_WaitingTime_Dominance,208,0.085193,0.054373,0.637547,0.001454,8,8,0,13838,0.293061,
PC70,11755.686,SA_WaitingTime_Dominance,209,0.076382,0.053944,0.632927,0.005488,15,15,0,13528,0.286740,
PC70,11755.686,SA_WaitingTime_Dominance,MEAN,0.113198,0.051230,0.606877,0.009524,14,14,12,13621,0.308000,10
PC70,11755.686,SA_WaitingTime_Dominance,STDDEV,0.028407,0.027749,0.029529,0.012424,,,,,0.019053,
PC70,11755.686,SA_Energy_Dominance,200,0.294003,0.382680,0.341401,0.010212,53,54,0,13207,0.537577,
PC70,11755.686,SA_Energy_Dominance,201,0.215066,0.399134,0.388657,0.023431,42,42,0,13014,0.490143,
PC70,11755.686,SA_Energy_Dominance,202,0.252868,0.393163,0.351820,0.009927,24,25,0,12958,0.499208,
PC70,11755.686,SA_Energy_Dominance,203,0.349524,0.329662,0.300926,0.007766,42,42,6,12856,0.536491,
PC70,11755.686,SA_Energy_Dominance,204,0.308189,0.372462,0.329834,0.010987,26,26,1,12715,0.554245,
PC70,11755.686,SA_Energy_Dominance,205,0.368701,0.322419,0.318365,0.023796,27,29,5,12522,0.555545,
PC70,11755.686,SA_Energy_Dominance,206,0.171642,0.472686,0.442861,0.012191,42,43,0,12662,0.402858,
PC70,11755.686,SA_Energy_Dominance,207,0.273766,0.369173,0.348579,0.005871,39,40,0,12652,0.522853,
PC70,11755.686,SA_Energy_Dominance,208,0.319739,0.355292,0.341672,0.011086,32,32,3,12590,0.540477,
PC70,11755.686,SA_Energy_Dominance,209,0.180328,0.396289,0.431304,0.013764,43,44,5,13027,0.459733,
PC70,11755.686,SA_Energy_Dominance,MEAN,0.273383,0.379296,0.359542,0.012903,37,38,20,12820,0.509913,10
PC70,11755.686,SA_Energy_Dominance,STDDEV,0.064421,0.040040,0.044477,0.005741,,,,,0.045940,
PC70,11755.686,NSGA-II,200,0.530677,0.024095,0.151529,0.007802,37,37,0,20943,0.640910,
PC70,11755.686,NSGA-II,201,0.234533,0.183853,0.402935,0.007501,25,25,0,19087,0.395067,
PC70,11755.686,NSGA-II,202,0.380157,0.106806,0.279284,0.009383,28,28,0,20181,0.515608,
PC70,11755.686,NSGA-II,203,0.245665,0.173354,0.398623,0.004419,32,32,0,19538,0.403546,
PC70,11755.686,NSGA-II,204,0.455417,0.065947,0.230062,0.007134,33,33,0,19982,0.577831,
PC70,11755.686,NSGA-II,205,0.447473,0.080355,0.225996,0.005155,38,38,0,20356,0.572763,
PC70,11755.686,NSGA-II,206,0.370610,0.105162,0.291726,0.006944,25,25,0,19861,0.508338,
PC70,11755.686,NSGA-II,207,0.381222,0.124247,0.279404,0.008190,23,23,0,20507,0.515749,
PC70,11755.686,NSGA-II,208,0.321453,0.158203,0.318650,0.006710,32,32,0,20482,0.469089,
PC70,11755.686,NSGA-II,209,0.538054,0.007682,0.190753,0.003769,44,44,23,20855,0.645285,
PC70,11755.686,NSGA-II,MEAN,0.390526,0.102970,0.276896,0.006701,32,32,23,20179,0.524419,10
PC70,11755.686,NSGA-II,STDDEV,0.099770,0.056747,0.077846,0.001664,,,,,0.082573,
PC70,11755.686,SPEA-II,200,0.389264,0.065559,0.301569,0.005259,23,23,0,21360,0.521805,
PC70,11755.686,SPEA-II,201,0.318805,0.113134,0.339756,0.011339,22,22,0,21275,0.463251,
PC70,11755.686,SPEA-II,202,0.349742,0.120437,0.310133,0.007184,26,26,0,21739,0.491180,
PC70,11755.686,SPEA-II,203,0.255025,0.217561,0.372721,0.005748,30,30,0,20172,0.409822,
PC70,11755.686,SPEA-II,204,0.480373,0.004589,0.291723,0.004186,18,18,8,20895,0.595338,
PC70,11755.686,SPEA-II,205,0.458255,0.055783,0.243634,0.006118,33,33,0,20427,0.580574,
PC70,11755.686,SPEA-II,206,0.299077,0.143278,0.354411,0.006971,22,22,0,20441,0.446362,
PC70,11755.686,SPEA-II,207,0.366808,0.095796,0.318759,0.003621,34,34,0,21436,0.502913,
PC70,11755.686,SPEA-II,208,0.473316,0.005119,0.290201,0.004105,21,21,12,20349,0.589411,
PC70,11755.686,SPEA-II,209,0.251415,0.122393,0.409774,0.010182,12,12,0,19884,0.406207,
PC70,11755.686,SPEA-II,MEAN,0.364208,0.094365,0.323268,0.006471,24,24,20,20797,0.500686,10
PC70,11755.686,SPEA-II,STDDEV,0.081261,0.061427,0.045016,0.002435,,,,,0.067297,
PC70,11755.686,AMOSA,200,0.141553,0.307514,0.499423,0.032984,9,9,0,23248,0.299720,
PC70,11755.686,AMOSA,201,0.141887,0.368210,0.492001,0.007789,21,21,0,23482,0.308065,
PC70,11755.686,AMOSA,202,0.080925,0.375579,0.569261,0.012119,10,10,0,23134,0.247748,
PC70,11755.686,AMOSA,203,0.140284,0.333622,0.487859,0.006788,7,7,0,23077,0.303265,
PC70,11755.686,AMOSA,204,0.175415,0.304593,0.452110,0.022241,10,10,0,23435,0.333720,
PC70,11755.686,AMOSA,205,0.159662,0.311863,0.467969,0.019834,13,13,0,23224,0.318334,
PC70,11755.686,AMOSA,206,0.128286,0.365299,0.505027,0.022421,15,15,0,22781,0.292840,
PC70,11755.686,AMOSA,207,0.136000,0.379481,0.496192,0.013105,10,10,0,22937,0.292977,
PC70,11755.686,AMOSA,208,0.173799,0.311952,0.455982,0.006437,17,17,0,22154,0.334552,
PC70,11755.686,AMOSA,209,0.130433,0.382855,0.517278,0.008579,22,22,0,22579,0.275747,
PC70,11755.686,AMOSA,MEAN,0.140824,0.344097,0.494310,0.015230,13,13,0,23005,0.300697,10
PC70,11755.686,AMOSA,STDDEV,0.025528,0.031396,0.032063,0.008364,,,,,0.024813,
PC70,11755.686,Universal_Pareto,ALL,0.697051,0.000000,0.000000,0.000000,102,102,102,0,0.835272,
PC60,10076.303,GA_WaitingTime_Dominance,200,0.107780,0.144224,0.463191,0.007958,16,16,0,15767,0.255054,
PC60,10076.303,GA_WaitingTime_Dominance,201,0.093772,0.147052,0.440904,0.012001,11,11,0,16017,0.284338,
PC60,10076.303,GA_WaitingTime_Dominance,202,0.078470,0.136856,0.460249,0.015625,14,14,0,15885,0.273726,
PC60,10076.303,GA_WaitingTime_Dominance,203,0.092202,0.105335,0.448769,0.015470,12,12,0,15928,0.287088,
PC60,10076.303,GA_WaitingTime_Dominance,204,0.055853,0.196495,0.477380,0.015015,9,9,0,15787,0.253215,
PC60,10076.303,GA_WaitingTime_Dominance,205,0.040852,0.167725,0.489829,0.055791,7,7,0,15429,0.236991,
PC60,10076.303,GA_WaitingTime_Dominance,206,0.108462,0.172715,0.432291,0.011616,16,16,0,16346,0.289245,
PC60,10076.303,GA_WaitingTime_Dominance,207,0.076003,0.197848,0.504968,0.008956,17,18,0,15664,0.206520,
PC60,10076.303,GA_WaitingTime_Dominance,208,0.103494,0.173685,0.434446,0.005045,25,25,0,15978,0.285635,
PC60,10076.303,GA_WaitingTime_Dominance,209,0.126457,0.083494,0.441298,0.003516,11,11,0,16239,0.306884,
PC60,10076.303,GA_WaitingTime_Dominance,MEAN,0.088334,0.152543,0.459333,0.015099,14,14,0,15904,0.267870,10
PC60,10076.303,GA_WaitingTime_Dominance,STDDEV,0.024637,0.035229,0.023412,0.014149,,,,,0.028400,
PC60,10076.303,GA_Energy_Dominance,200,0.131526,0.466551,0.514496,0.020672,27,27,0,15729,0.219338,
PC60,10076.303,GA_Energy_Dominance,201,0.195390,0.388444,0.436653,0.013820,45,45,0,17036,0.302857,
PC60,10076.303,GA_Energy_Dominance,202,0.352403,0.181963,0.237271,0.015645,29,29,0,15424,0.460190,
PC60,10076.303,GA_Energy_Dominance,203,0.292517,0.260199,0.325522,0.014812,34,34,0,15970,0.373909,
PC60,10076.303,GA_Energy_Dominance,204,0.422168,0.060295,0.191089,0.020016,35,35,15,15991,0.508901,
PC60,10076.303,GA_Energy_Dominance,205,0.289495,0.266839,0.330752,0.010945,52,52,0,16146,0.383989,
PC60,10076.303,GA_Energy_Dominance,206,0.275386,0.261157,0.333368,0.008047,30,30,0,16039,0.360472,
PC60,10076.303,GA_Energy_Dominance,207,0.292640,0.276621,0.338496,0.008425,54,54,0,16106,0.395871,
PC60,10076.303,GA_Energy_Dominance,208,0.470124,0.103751,0.175993,0.014134,34,34,15,15762,0.547212,
PC60,10076.303,GA_Energy_Dominance,209,0.309066,0.299577,0.302137,0.008210,61,61,0,15798,0.431801,
PC60,10076.303,GA_Energy_Dominance,MEAN,0.303071,0.256540,0.318578,0.013473,40,40,30,16000,0.398454,10
PC60,10076.303,GA_Energy_Dominance,STDDEV,0.093142,0.114594,0.098286,0.004367,,,,,0.090958,
PC60,10076.303,SA_WaitingTime_Dominance,200,0.128402,0.016581,0.472359,0.003497,20,20,1,13294,0.325192,
PC60,10076.303,SA_WaitingTime_Dominance,201,0.081550,0.056301,0.492189,0.002626,23,23,0,14120,0.288223,
PC60,10076.303,SA_WaitingTime_Dominance,202,0.109201,0.018835,0.472593,0.005337,15,15,0,13635,0.311146,
PC60,10076.303,SA_WaitingTime_Dominance,203,0.128572,0.005569,0.482719,0.001393,18,18,4,13936,0.328632,
PC60,10076.303,SA_WaitingTime_Dominance,204,0.120171,0.006343,0.477971,0.004665,13,13,3,13522,0.323698,
PC60,10076.303,SA_WaitingTime_Dominance,205,0.090536,0.017452,0.487393,0.028019,8,8,0,13315,0.299326,
PC60,10076.303,SA_WaitingTime_Dominance,206,0.124706,0.000480,0.485785,0.003870,11,11,8,13210,0.324478,
PC60,10076.303,SA_WaitingTime_Dominance,207,0.088965,0.027789,0.511985,0.007991,11,11,0,13341,0.283441,
PC60,10076.303,SA_WaitingTime_Dominance,208,0.118702,0.035382,0.461626,0.006249,10,10,0,13387,0.315411,
PC60,10076.303,SA_WaitingTime_Dominance,209,0.096628,0.005127,0.493895,0.013287,8,8,6,13198,0.304491,
PC60,10076.303,SA_WaitingTime_Dominance,MEAN,0.108743,0.018986,0.483851,0.007694,14,14,22,13495,0.310404,10
PC60,10076.303,SA_WaitingTime_Dominance,STDDEV,0.016951,0.016190,0.013292,0.007476,,,,,0.015258,
PC60,10076.303,SA_Energy_Dominance,200,0.355707,0.253283,0.298500,0.005679,75,75,0,13187,0.456465,
PC60,10076.303,SA_Energy_Dominance,201,0.194054,0.362095,0.406957,0.019800,22,22,0,12946,0.326554,
PC60,10076.303,SA_Energy_Dominance,202,0.199565,0.384283,0.388698,0.014476,29,30,0,12846,0.343683,
PC60,10076.303,SA_Energy_Dominance,203,0.356323,0.259570,0.306092,0.005054,46,46,5,13317,0.457466,
PC60,10076.303,SA_Energy_Dominance,204,0.277410,0.301488,0.378128,0.011507,20,21,0,12750,0.378658,
PC60,10076.303,SA_Energy_Dominance,205,0.379846,0.235237,0.295355,0.008499,37,37,3,13781,0.458524,
PC60,10076.303,SA_Energy_Dominance,206,0.249413,0.374526,0.431282,0.020289,19,20,0,13105,0.341036,
PC60,10076.303,SA_Energy_Dominance,207,0.373041,0.314540,0.325016,0.006568,45,46,6,12490,0.457224,
PC60,10076.303,SA_Energy_Dominance,208,0.204056,0.400085,0.406230,0.007106,44,45,0,12994,0.330790,
PC60,10076.303,SA_Energy_Dominance,209,0.221408,0.367782,0.375556,0.011379,54,54,2,13468,0.370581,
PC60,10076.303,SA_Energy_Dominance,MEAN,0.281082,0.325289,0.361181,0.011036,39,40,16,13088,0.392098,10
PC60,10076.303,SA_Energy_Dominance,STDDEV,0.073600,0.057406,0.047848,0.005300,,,,,0.055425,
PC60,10076.303,NSGA-II,200,0.293517,0.159153,0.266712,0.018366,19,19,0,19924,0.412771,
PC60,10076.303,NSGA-II,201,0.040735,0.452008,0.601878,0.027638,4,4,0,19219,0.095993,
PC60,10076.303,NSGA-II,202,0.257014,0.207289,0.304391,0.017619,20,20,0,20433,0.382555,
PC60,10076.303,NSGA-II,203,0.142899,0.221697,0.413218,0.012979,10,10,0,19707,0.291082,
PC60,10076.303,NSGA-II,204,0.386302,0.086623,0.204958,0.006861,29,29,0,19809,0.497205,
PC60,10076.303,NSGA-II,205,0.334942,0.126815,0.240896,0.006404,26,26,0,20131,0.453425,
PC60,10076.303,NSGA-II,206,0.271046,0.124095,0.300925,0.005115,24,24,0,19818,0.406180,
PC60,10076.303,NSGA-II,207,0.262005,0.110507,0.318578,0.011027,14,14,0,19726,0.398364,
PC60,10076.303,NSGA-II,208,0.239881,0.160179,0.319663,0.006705,21,21,0,20283,0.374957,
PC60,10076.303,NSGA-II,209,0.315672,0.124099,0.260635,0.008037,25,25,0,19542,0.436937,
PC60,10076.303,NSGA-II,MEAN,0.254401,0.177246,0.323185,0.012075,19,19,0,19859,0.374947,10
PC60,10076.303,NSGA-II,STDDEV,0.093706,0.099925,0.107009,0.006836,,,,,0.106212,
PC60,10076.303,SPEA-II,200,0.279112,0.154312,0.286371,0.018940,21,21,0,20810,0.404671,
PC60,10076.303,SPEA-II,201,0.123567,0.225006,0.430176,0.008374,10,10,0,20282,0.278366,
PC60,10076.303,SPEA-II,202,0.252719,0.155561,0.311958,0.007662,17,17,0,21079,0.384860,
PC60,10076.303,SPEA-II,203,0.077657,0.343364,0.500234,0.018166,14,14,0,19680,0.215250,
PC60,10076.303,SPEA-II,204,0.347848,0.091442,0.242905,0.005350,21,21,0,19684,0.460798,
PC60,10076.303,SPEA-II,205,0.445641,0.004021,0.207088,0.002289,39,39,18,19554,0.549991,
PC60,10076.303,SPEA-II,206,0.186703,0.242992,0.369260,0.020383,16,16,0,20040,0.324549,
PC60,10076.303,SPEA-II,207,0.217107,0.212156,0.337231,0.006271,22,22,0,20425,0.351998,
PC60,10076.303,SPEA-II,208,0.416629,0.001188,0.239897,0.005232,22,22,20,20223,0.528223,
PC60,10076.303,SPEA-II,209,0.086225,0.378284,0.490490,0.017116,12,12,0,20062,0.225087,
PC60,10076.303,SPEA-II,MEAN,0.243321,0.180833,0.341561,0.010978,19,19,38,20183,0.372379,10
PC60,10076.303,SPEA-II,STDDEV,0.123944,0.120444,0.099030,0.006491,,,,,0.110804,
PC60,10076.303,AMOSA,200,0.091717,0.414887,0.500268,0.021195,7,7,0,22650,0.216141,
PC60,10076.303,AMOSA,201,0.081949,0.478707,0.550404,0.007429,9,9,0,22997,0.183758,
PC60,10076.303,AMOSA,202,NaN,NaN,NaN,NaN,0,0,0,22951,NaN,
PC60,10076.303,AMOSA,203,0.095273,0.451779,0.520571,0.015302,8,8,0,22870,0.201692,
PC60,10076.303,AMOSA,204,0.082783,0.362770,0.495253,0.011465,8,8,0,22603,0.215704,
PC60,10076.303,AMOSA,205,0.088809,0.355298,0.496077,0.001817,8,8,0,22711,0.204861,
PC60,10076.303,AMOSA,206,0.054663,0.457027,0.556834,0.022765,7,7,0,22274,0.178829,
PC60,10076.303,AMOSA,207,0.108577,0.367547,0.465447,0.013355,11,11,0,22922,0.240838,
PC60,10076.303,AMOSA,208,0.098907,0.357056,0.474860,0.010479,9,9,0,22276,0.233379,
PC60,10076.303,AMOSA,209,0.036171,0.403340,0.554259,0.000000,2,2,0,22325,0.171559,
PC60,10076.303,AMOSA,MEAN,0.082094,0.405379,0.512664,0.011534,7,7,0,22657,0.205196,9
PC60,10076.303,AMOSA,STDDEV,0.021492,0.045193,0.032589,0.007321,,,,,0.022592,
PC60,10076.303,Universal_Pareto,ALL,0.665077,0.000000,0.000000,0.000000,106,106,106,0,0.765908,
PC50,8396.919,GA_WaitingTime_Dominance,200,NaN,NaN,NaN,NaN,0,0,0,15378,NaN,
PC50,8396.919,GA_WaitingTime_Dominance,201,NaN,NaN,NaN,NaN,0,0,0,15927,NaN,
PC50,8396.919,GA_WaitingTime_Dominance,202,0.074054,0.136718,0.537391,0.008418,17,17,0,15433,0.156975,
PC50,8396.919,GA_WaitingTime_Dominance,203,NaN,NaN,NaN,NaN,0,0,0,15384,NaN,
PC50,8396.919,GA_WaitingTime_Dominance,204,NaN,NaN,NaN,NaN,0,0,0,15170,NaN,
PC50,8396.919,GA_WaitingTime_Dominance,205,NaN,NaN,NaN,NaN,0,0,0,15396,NaN,
PC50,8396.919,GA_WaitingTime_Dominance,206,0.053140,0.167990,0.555232,0.027345,5,5,0,15945,0.132915,
PC50,8396.919,GA_WaitingTime_Dominance,207,NaN,NaN,NaN,NaN,0,0,0,15437,NaN,
PC50,8396.919,GA_WaitingTime_Dominance,208,NaN,NaN,NaN,NaN,0,0,0,15379,NaN,
PC50,8396.919,GA_WaitingTime_Dominance,209,NaN,NaN,NaN,NaN,0,0,0,15657,NaN,
PC50,8396.919,GA_WaitingTime_Dominance,MEAN,0.063597,0.152354,0.546311,0.017881,2,2,0,15510,0.144945,2
PC50,8396.919,GA_WaitingTime_Dominance,STDDEV,0.010457,0.015636,0.008920,0.009463,,,,,0.012030,
PC50,8396.919,GA_Energy_Dominance,200,NaN,NaN,NaN,NaN,0,0,0,15216,NaN,
PC50,8396.919,GA_Energy_Dominance,201,0.173164,0.193882,0.387315,0.008693,27,27,0,15682,0.278408,
PC50,8396.919,GA_Energy_Dominance,202,NaN,NaN,NaN,NaN,0,0,0,15361,NaN,
PC50,8396.919,GA_Energy_Dominance,203,NaN,NaN,NaN,NaN,0,0,0,15574,NaN,
PC50,8396.919,GA_Energy_Dominance,204,NaN,NaN,NaN,NaN,0,0,0,15494,NaN,
PC50,8396.919,GA_Energy_Dominance,205,0.062086,0.185084,0.497561,0.011279,12,12,0,15155,0.221542,
PC50,8396.919,GA_Energy_Dominance,206,0.038545,0.234998,0.581373,0.004596,9,9,0,16034,0.112750,
PC50,8396.919,GA_Energy_Dominance,207,0.088705,0.233747,0.489789,0.023786,13,13,0,15726,0.199367,
PC50,8396.919,GA_Energy_Dominance,208,0.223144,0.000000,0.367569,0.004765,16,16,16,15099,0.379245,
PC50,8396.919,GA_Energy_Dominance,209,NaN,NaN,NaN,NaN,0,0,0,15434,NaN,
PC50,8396.919,GA_Energy_Dominance,MEAN,0.117129,0.169542,0.464722,0.010624,8,8,16,15477,0.238263,5
PC50,8396.919,GA_Energy_Dominance,STDDEV,0.069846,0.087161,0.078415,0.007044,,,,,0.088356,
PC50,8396.919,SA_WaitingTime_Dominance,200,0.012110,0.000000,0.688229,0.000063,3,3,3,13076,0.247881,
PC50,8396.919,SA_WaitingTime_Dominance,201,0.097064,0.042763,0.654230,0.001314,9,9,0,13397,0.237068,
PC50,8396.919,SA_WaitingTime_Dominance,202,0.029193,0.031671,0.685074,0.002303,8,8,0,13374,0.225291,
PC50,8396.919,SA_WaitingTime_Dominance,203,0.039998,0.095393,0.694676,0.001816,11,11,0,13680,0.175256,
PC50,8396.919,SA_WaitingTime_Dominance,204,0.072409,0.059070,0.566782,0.002467,13,13,0,12720,0.256231,
PC50,8396.919,SA_WaitingTime_Dominance,205,0.052465,0.007673,0.636303,0.002571,15,15,4,12920,0.264072,
PC50,8396.919,SA_WaitingTime_Dominance,206,0.054099,0.138176,0.488175,0.013274,16,16,0,12802,0.219555,
PC50,8396.919,SA_WaitingTime_Dominance,207,0.047434,0.010173,0.643256,0.005848,9,9,2,12865,0.258623,
PC50,8396.919,SA_WaitingTime_Dominance,208,0.042568,0.028424,0.629058,0.002580,11,11,0,13118,0.244497,
PC50,8396.919,SA_WaitingTime_Dominance,209,0.034503,0.044900,0.668407,0.001741,9,10,0,13188,0.221697,
PC50,8396.919,SA_WaitingTime_Dominance,MEAN,0.048184,0.045824,0.635419,0.003398,10,11,9,13114,0.235017,10
PC50,8396.919,SA_WaitingTime_Dominance,STDDEV,0.022311,0.040621,0.060583,0.003573,,,,,0.024887,
PC50,8396.919,SA_Energy_Dominance,200,0.304432,0.181704,0.187081,0.018150,44,44,4,13371,0.507540,
PC50,8396.919,SA_Energy_Dominance,201,0.255885,0.233871,0.237903,0.013006,56,56,3,12904,0.465897,
PC50,8396.919,SA_Energy_Dominance,202,0.294298,0.238306,0.223290,0.012299,59,59,0,13648,0.437662,
PC50,8396.919,SA_Energy_Dominance,203,0.329414,0.163917,0.171566,0.007926,66,68,0,13278,0.516410,
PC50,8396.919,SA_Energy_Dominance,204,0.335576,0.165697,0.202213,0.008120,47,48,5,12917,0.507734,
PC50,8396.919,SA_Energy_Dominance,205,0.275113,0.216986,0.218398,0.022305,54,56,0,13368,0.458503,
PC50,8396.919,SA_Energy_Dominance,206,0.295095,0.183562,0.197554,0.008485,54,55,4,12928,0.494849,
PC50,8396.919,SA_Energy_Dominance,207,0.417751,0.065187,0.175017,0.006616,40,40,23,12501,0.562071,
PC50,8396.919,SA_Energy_Dominance,208,0.244446,0.209883,0.217080,0.011776,69,69,0,13181,0.455596,
PC50,8396.919,SA_Energy_Dominance,209,0.264623,0.167779,0.195479,0.007839,47,47,3,13249,0.487762,
PC50,8396.919,SA_Energy_Dominance,MEAN,0.301663,0.182689,0.202558,0.011652,54,54,42,13134,0.489402,10
PC50,8396.919,SA_Energy_Dominance,STDDEV,0.047904,0.047223,0.020432,0.004840,,,,,0.034691,
PC50,8396.919,NSGA-II,200,NaN,NaN,NaN,NaN,0,0,0,19502,NaN,
PC50,8396.919,NSGA-II,201,NaN,NaN,NaN,NaN,0,0,0,18947,NaN,
PC50,8396.919,NSGA-II,202,NaN,NaN,NaN,NaN,0,0,0,19241,NaN,
PC50,8396.919,NSGA-II,203,NaN,NaN,NaN,NaN,0,0,0,19301,NaN,
PC50,8396.919,NSGA-II,204,0.098988,0.083568,0.451945,0.013404,12,12,0,20065,0.273714,
PC50,8396.919,NSGA-II,205,0.118082,0.115905,0.451058,0.021928,8,8,0,20372,0.260176,
PC50,8396.919,NSGA-II,206,0.021382,0.170011,0.582606,0.025358,4,4,0,19104,0.139392,
PC50,8396.919,NSGA-II,207,NaN,NaN,NaN,NaN,0,0,0,20247,NaN,
PC50,8396.919,NSGA-II,208,NaN,NaN,NaN,NaN,0,0,0,19710,NaN,
PC50,8396.919,NSGA-II,209,0.048215,0.130704,0.524221,0.000000,1,1,0,19570,0.212546,
PC50,8396.919,NSGA-II,MEAN,0.071667,0.125047,0.502457,0.015173,3,3,0,19605,0.221457,4
PC50,8396.919,NSGA-II,STDDEV,0.038663,0.031056,0.054979,0.009782,,,,,0.052545,
PC50,8396.919,SPEA-II,200,NaN,NaN,NaN,NaN,0,0,0,19918,NaN,
PC50,8396.919,SPEA-II,201,NaN,NaN,NaN,NaN,0,0,0,19541,NaN,
PC50,8396.919,SPEA-II,202,0.034549,0.228427,0.556672,0.028121,5,5,0,20233,0.152838,
PC50,8396.919,SPEA-II,203,NaN,NaN,NaN,NaN,0,0,0,19003,NaN,
PC50,8396.919,SPEA-II,204,NaN,NaN,NaN,NaN,0,0,0,19674,NaN,
PC50,8396.919,SPEA-II,205,0.171352,0.082758,0.369034,0.014022,16,16,0,19181,0.329680,
PC50,8396.919,SPEA-II,206,NaN,NaN,NaN,NaN,0,0,0,19868,NaN,
PC50,8396.919,SPEA-II,207,NaN,NaN,NaN,NaN,0,0,0,19833,NaN,
PC50,8396.919,SPEA-II,208,0.073839,0.017270,0.496723,0.018376,7,7,3,19259,0.258536,
PC50,8396.919,SPEA-II,209,NaN,NaN,NaN,NaN,0,0,0,18880,NaN,
PC50,8396.919,SPEA-II,MEAN,0.093246,0.109485,0.474143,0.020173,3,3,3,19539,0.247018,3
PC50,8396.919,SPEA-II,STDDEV,0.057511,0.088252,0.078249,0.005895,,,,,0.072653,
PC50,8396.919,AMOSA,200,NaN,NaN,NaN,NaN,0,0,0,23062,NaN,
PC50,8396.919,AMOSA,201,NaN,NaN,NaN,NaN,0,0,0,22470,NaN,
PC50,8396.919,AMOSA,202,NaN,NaN,NaN,NaN,0,0,0,22607,NaN,
PC50,8396.919,AMOSA,203,NaN,NaN,NaN,NaN,0,0,0,22274,NaN,
PC50,8396.919,AMOSA,204,NaN,NaN,NaN,NaN,0,0,0,22762,NaN,
PC50,8396.919,AMOSA,205,NaN,NaN,NaN,NaN,0,0,0,22553,NaN,
PC50,8396.919,AMOSA,206,NaN,NaN,NaN,NaN,0,0,0,22069,NaN,
PC50,8396.919,AMOSA,207,NaN,NaN,NaN,NaN,0,0,0,22802,NaN,
PC50,8396.919,AMOSA,208,NaN,NaN,NaN,NaN,0,0,0,22758,NaN,
PC50,8396.919,AMOSA,209,NaN,NaN,NaN,NaN,0,0,0,22430,NaN,
PC50,8396.919,AMOSA,MEAN,NaN,NaN,NaN,NaN,0,0,0,22578,NaN,0
PC50,8396.919,AMOSA,STDDEV,NaN,NaN,NaN,NaN,,,,,NaN,
PC50,8396.919,Universal_Pareto,ALL,0.503862,0.000000,0.000000,0.000000,70,70,70,0,0.718795,
