Scenario,ScenarioName,Algorithm,Seed,HV,GD,IGD,Spacing,NonDomSolutions,ParetoContribution,TimeMs,WaitingTime_Best,Energy_Best
1,Balanced,FirstAvailable,200,0.000000,1.157248,1.254004,0.000000,1,0,47,124.500000,1.176955432
1,Balanced,FirstAvailable,201,0.000000,1.157248,1.254004,0.000000,1,0,478,124.500000,1.176955432
1,Balanced,FirstAvailable,202,0.000000,1.157248,1.254004,0.000000,1,0,7,124.500000,1.176955432
1,Balanced,FirstAvailable,203,0.000000,1.157248,1.254004,0.000000,1,0,6,124.500000,1.176955432
1,Balanced,FirstAvailable,204,0.000000,1.157248,1.254004,0.000000,1,0,494,124.500000,1.176955432
1,Balanced,FirstAvailable,205,0.000000,1.157248,1.254004,0.000000,1,0,5,124.500000,1.176955432
1,Balanced,FirstAvailable,206,0.000000,1.157248,1.254004,0.000000,1,0,4,124.500000,1.176955432
1,Balanced,FirstAvailable,207,0.000000,1.157248,1.254004,0.000000,1,0,4,124.500000,1.176955432
1,Balanced,FirstAvailable,208,0.000000,1.157248,1.254004,0.000000,1,0,5,124.500000,1.176955432
1,Balanced,FirstAvailable,209,0.000000,1.157248,1.254004,0.000000,1,0,4,124.500000,1.176955432
1,Balanced,FirstAvailable,MEAN,0.000000,1.157248,1.254004,0.000000,,0,105,124.500000,1.176955432
1,Balanced,ShortestQueue,200,0.068759,0.295987,0.441032,0.000000,1,0,5,7.494000,0.549853477
1,Balanced,ShortestQueue,201,0.068759,0.295987,0.441032,0.000000,1,0,3,7.494000,0.549853477
1,Balanced,ShortestQueue,202,0.068759,0.295987,0.441032,0.000000,1,0,4,7.494000,0.549853477
1,Balanced,ShortestQueue,203,0.068759,0.295987,0.441032,0.000000,1,0,4,7.494000,0.549853477
1,Balanced,ShortestQueue,204,0.068759,0.295987,0.441032,0.000000,1,0,4,7.494000,0.549853477
1,Balanced,ShortestQueue,205,0.068759,0.295987,0.441032,0.000000,1,0,3,7.494000,0.549853477
1,Balanced,ShortestQueue,206,0.068759,0.295987,0.441032,0.000000,1,0,3,7.494000,0.549853477
1,Balanced,ShortestQueue,207,0.068759,0.295987,0.441032,0.000000,1,0,2,7.494000,0.549853477
1,Balanced,ShortestQueue,208,0.068759,0.295987,0.441032,0.000000,1,0,2,7.494000,0.549853477
1,Balanced,ShortestQueue,209,0.068759,0.295987,0.441032,0.000000,1,0,2,7.494000,0.549853477
1,Balanced,ShortestQueue,MEAN,0.068759,0.295987,0.441032,0.000000,,0,3,7.494000,0.549853477
1,Balanced,WorkloadAware,200,0.175634,0.000000,0.370148,0.000000,1,1,6,4.026000,0.522084888
1,Balanced,WorkloadAware,201,0.175634,0.000000,0.370148,0.000000,1,1,3,4.026000,0.522084888
1,Balanced,WorkloadAware,202,0.175634,0.000000,0.370148,0.000000,1,1,3,4.026000,0.522084888
1,Balanced,WorkloadAware,203,0.175634,0.000000,0.370148,0.000000,1,1,3,4.026000,0.522084888
1,Balanced,WorkloadAware,204,0.175634,0.000000,0.370148,0.000000,1,1,3,4.026000,0.522084888
1,Balanced,WorkloadAware,205,0.175634,0.000000,0.370148,0.000000,1,1,3,4.026000,0.522084888
1,Balanced,WorkloadAware,206,0.175634,0.000000,0.370148,0.000000,1,1,3,4.026000,0.522084888
1,Balanced,WorkloadAware,207,0.175634,0.000000,0.370148,0.000000,1,1,2,4.026000,0.522084888
1,Balanced,WorkloadAware,208,0.175634,0.000000,0.370148,0.000000,1,1,2,4.026000,0.522084888
1,Balanced,WorkloadAware,209,0.175634,0.000000,0.370148,0.000000,1,1,3,4.026000,0.522084888
1,Balanced,WorkloadAware,MEAN,0.175634,0.000000,0.370148,0.000000,,10,3,4.026000,0.522084888
1,Balanced,RoundRobin,200,0.034092,0.378084,0.512984,0.000000,1,0,6,8.160000,0.570064143
1,Balanced,RoundRobin,201,0.034092,0.378084,0.512984,0.000000,1,0,5,8.160000,0.570064143
1,Balanced,RoundRobin,202,0.034092,0.378084,0.512984,0.000000,1,0,4,8.160000,0.570064143
1,Balanced,RoundRobin,203,0.034092,0.378084,0.512984,0.000000,1,0,4,8.160000,0.570064143
1,Balanced,RoundRobin,204,0.034092,0.378084,0.512984,0.000000,1,0,4,8.160000,0.570064143
1,Balanced,RoundRobin,205,0.034092,0.378084,0.512984,0.000000,1,0,4,8.160000,0.570064143
1,Balanced,RoundRobin,206,0.034092,0.378084,0.512984,0.000000,1,0,3,8.160000,0.570064143
1,Balanced,RoundRobin,207,0.034092,0.378084,0.512984,0.000000,1,0,3,8.160000,0.570064143
1,Balanced,RoundRobin,208,0.034092,0.378084,0.512984,0.000000,1,0,4,8.160000,0.570064143
1,Balanced,RoundRobin,209,0.034092,0.378084,0.512984,0.000000,1,0,3,8.160000,0.570064143
1,Balanced,RoundRobin,MEAN,0.034092,0.378084,0.512984,0.000000,,0,4,8.160000,0.570064143
1,Balanced,GA_WaitingTime,200,0.060961,0.000000,0.465077,0.000000,1,1,2148,3.976000,0.570294305
1,Balanced,GA_WaitingTime,201,0.004459,0.004950,0.514514,0.000000,1,0,2029,3.990000,0.593852264
1,Balanced,GA_WaitingTime,202,0.073157,0.000000,0.453975,0.000000,1,1,1989,3.990000,0.565162941
1,Balanced,GA_WaitingTime,203,0.000000,0.021888,0.529374,0.000000,1,0,1976,3.992000,0.604984558
1,Balanced,GA_WaitingTime,204,0.002796,0.006401,0.514682,0.000000,1,0,1974,4.024000,0.594542094
1,Balanced,GA_WaitingTime,205,0.011868,0.013864,0.505990,0.000000,1,0,1971,4.036000,0.590733698
1,Balanced,GA_WaitingTime,206,0.042433,0.018536,0.480677,0.000000,1,0,1965,3.990000,0.577993726
1,Balanced,GA_WaitingTime,207,0.000000,0.032938,0.534270,0.000000,1,0,1956,4.008000,0.609796314
1,Balanced,GA_WaitingTime,208,0.000000,0.019039,0.525989,0.000000,1,0,1966,4.030000,0.603324883
1,Balanced,GA_WaitingTime,209,0.000000,0.000000,0.519314,0.000000,1,1,1968,3.970000,0.595714183
1,Balanced,GA_WaitingTime,MEAN,0.019567,0.011762,0.504386,0.000000,,3,1994,3.970000,0.565162941
1,Balanced,GA_Energy,200,0.000000,0.081613,0.938132,0.000000,1,0,2023,14.054000,0.197401786
1,Balanced,GA_Energy,201,0.000000,0.052484,0.931226,0.000000,1,0,2015,13.656000,0.196835547
1,Balanced,GA_Energy,202,0.000000,0.135416,0.951785,0.000000,1,0,2010,14.754000,0.196051952
1,Balanced,GA_Energy,203,0.075640,0.038130,0.858993,0.000000,1,0,2009,12.618000,0.197808872
1,Balanced,GA_Energy,204,0.000000,0.033138,0.931471,0.000000,1,0,2021,13.418000,0.192579304
1,Balanced,GA_Energy,205,0.000000,0.051523,0.934777,0.000000,1,0,2017,13.706000,0.194619637
1,Balanced,GA_Energy,206,0.000000,0.041072,0.926306,0.000000,1,0,2014,13.366000,0.196107599
1,Balanced,GA_Energy,207,0.036606,0.067680,0.886911,0.000000,1,0,2018,12.998000,0.202114355
1,Balanced,GA_Energy,208,0.000000,0.059724,0.929539,0.000000,1,0,2019,13.704000,0.199119086
1,Balanced,GA_Energy,209,0.000000,0.085101,0.945348,0.000000,1,0,2017,14.160000,0.192872738
1,Balanced,GA_Energy,MEAN,0.011225,0.064588,0.923449,0.000000,,0,2016,12.618000,0.192579304
1,Balanced,SA_WaitingTime,200,0.000000,0.091588,0.527160,0.000000,1,0,1241,4.650000,0.620478058
1,Balanced,SA_WaitingTime,201,0.000000,0.069424,0.526615,0.000000,1,0,761,4.458000,0.615827172
1,Balanced,SA_WaitingTime,202,0.000000,0.102112,0.554333,0.000000,1,0,748,4.348000,0.638872028
1,Balanced,SA_WaitingTime,203,0.000000,0.091528,0.537005,0.000000,1,0,744,4.528000,0.626899113
1,Balanced,SA_WaitingTime,204,0.000000,0.082760,0.545177,0.000000,1,0,753,4.314000,0.629119892
1,Balanced,SA_WaitingTime,205,0.000000,0.128199,0.547911,0.000000,1,0,746,4.732000,0.641636205
1,Balanced,SA_WaitingTime,206,0.000000,0.078955,0.519917,0.000000,1,0,743,4.608000,0.613186423
1,Balanced,SA_WaitingTime,207,0.000000,0.108561,0.545927,0.000000,1,0,753,4.562000,0.636118433
1,Balanced,SA_WaitingTime,208,0.013214,0.083449,0.482937,0.000000,1,0,794,4.742000,0.589714374
1,Balanced,SA_WaitingTime,209,0.000000,0.113256,0.558042,0.000000,1,0,744,4.398000,0.643919519
1,Balanced,SA_WaitingTime,MEAN,0.001321,0.094983,0.534502,0.000000,,0,802,4.314000,0.589714374
1,Balanced,SA_Energy,200,0.108292,0.016479,0.841635,0.000000,1,0,831,12.314000,0.191289942
1,Balanced,SA_Energy,201,0.297592,0.000000,0.695975,0.000000,1,1,813,10.438000,0.197380307
1,Balanced,SA_Energy,202,0.229551,0.010692,0.744281,0.000000,1,0,1318,11.116000,0.195702029
1,Balanced,SA_Energy,203,0.101479,0.000000,0.855996,0.000000,1,1,832,12.394000,0.185411312
1,Balanced,SA_Energy,204,0.130039,0.000000,0.831004,0.000000,1,1,821,12.116000,0.187243890
1,Balanced,SA_Energy,205,0.000000,0.192185,0.979233,0.000000,1,0,852,15.592000,0.183521979
1,Balanced,SA_Energy,206,0.239189,0.000000,0.742908,0.000000,1,1,812,11.038000,0.192895566
1,Balanced,SA_Energy,207,0.168515,0.000000,0.797631,0.000000,1,1,823,11.736000,0.190090671
1,Balanced,SA_Energy,208,0.000000,0.000000,0.946905,0.000000,1,1,819,13.362000,0.178992838
1,Balanced,SA_Energy,209,0.000000,0.019183,0.937249,0.000000,1,0,833,13.372000,0.186974424
1,Balanced,SA_Energy,MEAN,0.127466,0.023854,0.837282,0.000000,,6,875,10.438000,0.178992838
1,Balanced,NSGA-II,200,0.532621,0.027349,0.062669,0.008405,53,0,2851,4.888000,0.325305277
1,Balanced,NSGA-II,201,0.521506,0.049157,0.066785,0.007040,57,0,2714,4.988000,0.326547677
1,Balanced,NSGA-II,202,0.539932,0.023160,0.055687,0.010753,63,1,2701,4.876000,0.322365379
1,Balanced,NSGA-II,203,0.532471,0.032567,0.058574,0.009917,59,0,2687,4.872000,0.323990812
1,Balanced,NSGA-II,204,0.541070,0.025092,0.057517,0.009237,52,2,2678,4.950000,0.321802854
1,Balanced,NSGA-II,205,0.533608,0.033710,0.058878,0.008886,57,0,2696,4.844000,0.323412225
1,Balanced,NSGA-II,206,0.524676,0.019909,0.058307,0.007503,53,0,2680,4.896000,0.334516731
1,Balanced,NSGA-II,207,0.525285,0.034496,0.067430,0.007312,48,0,2692,4.860000,0.329665851
1,Balanced,NSGA-II,208,0.551523,0.024986,0.044995,0.016791,48,1,2682,4.878000,0.315315514
1,Balanced,NSGA-II,209,0.537115,0.028749,0.057800,0.009888,54,1,2687,4.716000,0.325196736
1,Balanced,NSGA-II,MEAN,0.533981,0.029918,0.058864,0.009573,,5,2706,4.716000,0.315315514
1,Balanced,SPEA-II,200,0.512058,0.020010,0.059894,0.016044,54,1,3389,4.814000,0.344211179
1,Balanced,SPEA-II,201,0.521580,0.019095,0.056906,0.012352,45,4,3355,4.814000,0.338666930
1,Balanced,SPEA-II,202,0.513695,0.025346,0.067590,0.012808,50,0,3322,4.960000,0.339586813
1,Balanced,SPEA-II,203,0.544158,0.014946,0.052174,0.007114,55,1,3324,4.844000,0.323224605
1,Balanced,SPEA-II,204,0.540048,0.014227,0.054726,0.007790,48,5,3319,4.774000,0.329090343
1,Balanced,SPEA-II,205,0.535679,0.016859,0.056329,0.011015,54,2,3328,4.792000,0.330314667
1,Balanced,SPEA-II,206,0.546686,0.017033,0.048702,0.014744,48,8,3313,4.848000,0.322325640
1,Balanced,SPEA-II,207,0.556060,0.015952,0.049720,0.010494,58,10,3315,4.804000,0.324301263
1,Balanced,SPEA-II,208,0.538208,0.013270,0.054700,0.008268,55,6,3306,4.772000,0.329616632
1,Balanced,SPEA-II,209,0.559494,0.013874,0.046922,0.013852,54,10,3314,5.024000,0.308866428
1,Balanced,SPEA-II,MEAN,0.536767,0.017061,0.054766,0.011448,,47,3328,4.772000,0.308866428
1,Balanced,AMOSA,200,0.454169,0.022103,0.088350,0.003299,73,0,2542,4.824000,0.377063548
1,Balanced,AMOSA,201,0.446160,0.033705,0.095916,0.003697,73,0,2541,4.840000,0.378294648
1,Balanced,AMOSA,202,0.437455,0.030810,0.093532,0.004489,70,0,2526,4.826000,0.385028580
1,Balanced,AMOSA,203,0.462368,0.037533,0.086564,0.003373,79,0,2515,4.892000,0.367595050
1,Balanced,AMOSA,204,0.463054,0.035353,0.089463,0.003662,95,0,2554,4.792000,0.368494100
1,Balanced,AMOSA,205,0.461760,0.027869,0.084291,0.003400,71,0,2518,4.840000,0.371129818
1,Balanced,AMOSA,206,0.443508,0.040463,0.099216,0.003848,87,0,2539,4.768000,0.379925724
1,Balanced,AMOSA,207,0.446879,0.040071,0.094199,0.007703,51,0,2488,4.680000,0.378794635
1,Balanced,AMOSA,208,0.436001,0.027223,0.095380,0.003696,75,0,2481,4.824000,0.386001331
1,Balanced,AMOSA,209,0.445332,0.030136,0.082432,0.004625,75,30,2503,4.736000,0.382875309
1,Balanced,AMOSA,MEAN,0.449669,0.032527,0.090934,0.004179,,30,2520,4.680000,0.367595050
2,GPU_Stress,FirstAvailable,200,0.000000,1.187129,1.271155,0.000000,1,0,498,169.500000,1.562284444
2,GPU_Stress,FirstAvailable,201,0.000000,1.187129,1.271155,0.000000,1,0,3,169.500000,1.562284444
2,GPU_Stress,FirstAvailable,202,0.000000,1.187129,1.271155,0.000000,1,0,2,169.500000,1.562284444
2,GPU_Stress,FirstAvailable,203,0.000000,1.187129,1.271155,0.000000,1,0,2,169.500000,1.562284444
2,GPU_Stress,FirstAvailable,204,0.000000,1.187129,1.271155,0.000000,1,0,2,169.500000,1.562284444
2,GPU_Stress,FirstAvailable,205,0.000000,1.187129,1.271155,0.000000,1,0,2,169.500000,1.562284444
2,GPU_Stress,FirstAvailable,206,0.000000,1.187129,1.271155,0.000000,1,0,2,169.500000,1.562284444
2,GPU_Stress,FirstAvailable,207,0.000000,1.187129,1.271155,0.000000,1,0,3,169.500000,1.562284444
2,GPU_Stress,FirstAvailable,208,0.000000,1.187129,1.271155,0.000000,1,0,2,169.500000,1.562284444
2,GPU_Stress,FirstAvailable,209,0.000000,1.187129,1.271155,0.000000,1,0,2,169.500000,1.562284444
2,GPU_Stress,FirstAvailable,MEAN,0.000000,1.187129,1.271155,0.000000,,0,51,169.500000,1.562284444
2,GPU_Stress,ShortestQueue,200,0.043374,0.298395,0.464676,0.000000,1,0,2,9.266000,0.677157836
2,GPU_Stress,ShortestQueue,201,0.043374,0.298395,0.464676,0.000000,1,0,1,9.266000,0.677157836
2,GPU_Stress,ShortestQueue,202,0.043374,0.298395,0.464676,0.000000,1,0,2,9.266000,0.677157836
2,GPU_Stress,ShortestQueue,203,0.043374,0.298395,0.464676,0.000000,1,0,1,9.266000,0.677157836
2,GPU_Stress,ShortestQueue,204,0.043374,0.298395,0.464676,0.000000,1,0,2,9.266000,0.677157836
2,GPU_Stress,ShortestQueue,205,0.043374,0.298395,0.464676,0.000000,1,0,1,9.266000,0.677157836
2,GPU_Stress,ShortestQueue,206,0.043374,0.298395,0.464676,0.000000,1,0,1,9.266000,0.677157836
2,GPU_Stress,ShortestQueue,207,0.043374,0.298395,0.464676,0.000000,1,0,2,9.266000,0.677157836
2,GPU_Stress,ShortestQueue,208,0.043374,0.298395,0.464676,0.000000,1,0,1,9.266000,0.677157836
2,GPU_Stress,ShortestQueue,209,0.043374,0.298395,0.464676,0.000000,1,0,2,9.266000,0.677157836
2,GPU_Stress,ShortestQueue,MEAN,0.043374,0.298395,0.464676,0.000000,,0,1,9.266000,0.677157836
2,GPU_Stress,WorkloadAware,200,0.118018,0.000000,0.395826,0.000000,1,1,2,4.904000,0.651812493
2,GPU_Stress,WorkloadAware,201,0.118018,0.000000,0.395826,0.000000,1,1,1,4.904000,0.651812493
2,GPU_Stress,WorkloadAware,202,0.118018,0.000000,0.395826,0.000000,1,1,2,4.904000,0.651812493
2,GPU_Stress,WorkloadAware,203,0.118018,0.000000,0.395826,0.000000,1,1,2,4.904000,0.651812493
2,GPU_Stress,WorkloadAware,204,0.118018,0.000000,0.395826,0.000000,1,1,1,4.904000,0.651812493
2,GPU_Stress,WorkloadAware,205,0.118018,0.000000,0.395826,0.000000,1,1,2,4.904000,0.651812493
2,GPU_Stress,WorkloadAware,206,0.118018,0.000000,0.395826,0.000000,1,1,2,4.904000,0.651812493
2,GPU_Stress,WorkloadAware,207,0.118018,0.000000,0.395826,0.000000,1,1,1,4.904000,0.651812493
2,GPU_Stress,WorkloadAware,208,0.118018,0.000000,0.395826,0.000000,1,1,2,4.904000,0.651812493
2,GPU_Stress,WorkloadAware,209,0.118018,0.000000,0.395826,0.000000,1,1,2,4.904000,0.651812493
2,GPU_Stress,WorkloadAware,MEAN,0.118018,0.000000,0.395826,0.000000,,10,1,4.904000,0.651812493
2,GPU_Stress,RoundRobin,200,0.034427,0.307742,0.478595,0.000000,1,0,2,9.348000,0.683894725
2,GPU_Stress,RoundRobin,201,0.034427,0.307742,0.478595,0.000000,1,0,2,9.348000,0.683894725
2,GPU_Stress,RoundRobin,202,0.034427,0.307742,0.478595,0.000000,1,0,2,9.348000,0.683894725
2,GPU_Stress,RoundRobin,203,0.034427,0.307742,0.478595,0.000000,1,0,2,9.348000,0.683894725
2,GPU_Stress,RoundRobin,204,0.034427,0.307742,0.478595,0.000000,1,0,2,9.348000,0.683894725
2,GPU_Stress,RoundRobin,205,0.034427,0.307742,0.478595,0.000000,1,0,3,9.348000,0.683894725
2,GPU_Stress,RoundRobin,206,0.034427,0.307742,0.478595,0.000000,1,0,2,9.348000,0.683894725
2,GPU_Stress,RoundRobin,207,0.034427,0.307742,0.478595,0.000000,1,0,2,9.348000,0.683894725
2,GPU_Stress,RoundRobin,208,0.034427,0.307742,0.478595,0.000000,1,0,3,9.348000,0.683894725
2,GPU_Stress,RoundRobin,209,0.034427,0.307742,0.478595,0.000000,1,0,2,9.348000,0.683894725
2,GPU_Stress,RoundRobin,MEAN,0.034427,0.307742,0.478595,0.000000,,0,2,9.348000,0.683894725
2,GPU_Stress,GA_WaitingTime,200,0.000000,0.063564,0.551505,0.000000,1,0,1982,4.378000,0.743556670
2,GPU_Stress,GA_WaitingTime,201,0.000000,0.065835,0.553948,0.000000,1,0,1972,4.340000,0.744933331
2,GPU_Stress,GA_WaitingTime,202,0.000000,0.026873,0.534757,0.000000,1,0,1983,4.336000,0.724344626
2,GPU_Stress,GA_WaitingTime,203,0.000000,0.077986,0.559942,0.000000,1,0,1984,4.342000,0.751697687
2,GPU_Stress,GA_WaitingTime,204,0.000000,0.089633,0.564852,0.000000,1,0,1985,4.370000,0.758284111
2,GPU_Stress,GA_WaitingTime,205,0.000000,0.080349,0.559447,0.000000,1,0,1991,4.392000,0.752876001
2,GPU_Stress,GA_WaitingTime,206,0.000000,0.000000,0.523160,0.000000,1,1,1987,4.294000,0.711212317
2,GPU_Stress,GA_WaitingTime,207,0.000000,0.028467,0.533889,0.000000,1,0,1983,4.378000,0.724863668
2,GPU_Stress,GA_WaitingTime,208,0.000000,0.076062,0.558381,0.000000,1,0,1983,4.360000,0.750567667
2,GPU_Stress,GA_WaitingTime,209,0.000000,0.042039,0.539551,0.000000,1,0,1984,4.408000,0.731742804
2,GPU_Stress,GA_WaitingTime,MEAN,0.000000,0.055081,0.547943,0.000000,,1,1983,4.294000,0.711212317
2,GPU_Stress,GA_Energy,200,0.000000,0.035724,0.917601,0.000000,1,0,2028,17.168000,0.248563181
2,GPU_Stress,GA_Energy,201,0.070862,0.087401,0.849668,0.000000,1,0,2038,16.108000,0.254029223
2,GPU_Stress,GA_Energy,202,0.055221,0.071632,0.864857,0.000000,1,0,2027,16.320000,0.252320376
2,GPU_Stress,GA_Energy,203,0.000745,0.048727,0.908189,0.000000,1,0,2034,17.046000,0.255307280
2,GPU_Stress,GA_Energy,204,0.021580,0.037557,0.899849,0.000000,1,0,2024,16.772000,0.246457356
2,GPU_Stress,GA_Energy,205,0.033449,0.058790,0.880681,0.000000,1,0,2038,16.608000,0.254558950
2,GPU_Stress,GA_Energy,206,0.000000,0.034612,0.916192,0.000000,1,0,2045,17.076000,0.248528919
2,GPU_Stress,GA_Energy,207,0.089785,0.099626,0.840546,0.000000,1,0,2083,15.868000,0.248968432
2,GPU_Stress,GA_Energy,208,0.000000,0.052896,0.913425,0.000000,1,0,2026,17.336000,0.255126729
2,GPU_Stress,GA_Energy,209,0.033718,0.063158,0.877739,0.000000,1,0,2028,16.602000,0.256968505
2,GPU_Stress,GA_Energy,MEAN,0.030536,0.059012,0.886875,0.000000,,0,2037,15.868000,0.246457356
2,GPU_Stress,SA_WaitingTime,200,0.000000,0.180658,0.583019,0.000000,1,0,1252,5.222000,0.806174989
2,GPU_Stress,SA_WaitingTime,201,0.000000,0.201437,0.585838,0.000000,1,0,758,5.472000,0.815733656
2,GPU_Stress,SA_WaitingTime,202,0.000000,0.199138,0.598965,0.000000,1,0,752,5.062000,0.823504400
2,GPU_Stress,SA_WaitingTime,203,0.000000,0.185135,0.593663,0.000000,1,0,756,4.992000,0.814193029
2,GPU_Stress,SA_WaitingTime,204,0.000000,0.172033,0.571664,0.000000,1,0,759,5.384000,0.795344817
2,GPU_Stress,SA_WaitingTime,205,0.000000,0.171609,0.579182,0.000000,1,0,748,5.186000,0.800286645
2,GPU_Stress,SA_WaitingTime,206,0.000000,0.168582,0.576369,0.000000,1,0,751,5.214000,0.797376999
2,GPU_Stress,SA_WaitingTime,207,0.000000,0.164598,0.572153,0.000000,1,0,814,5.262000,0.793197941
2,GPU_Stress,SA_WaitingTime,208,0.000000,0.166462,0.580961,0.000000,1,0,754,5.060000,0.799300228
2,GPU_Stress,SA_WaitingTime,209,0.000000,0.162052,0.573832,0.000000,1,0,772,5.182000,0.793377592
2,GPU_Stress,SA_WaitingTime,MEAN,0.000000,0.177170,0.581564,0.000000,,0,811,4.992000,0.793197941
2,GPU_Stress,SA_Energy,200,0.234134,0.013963,0.739851,0.000000,1,0,1290,14.002000,0.242313145
2,GPU_Stress,SA_Energy,201,0.128144,0.115640,0.823955,0.000000,1,0,809,15.396000,0.239066990
2,GPU_Stress,SA_Energy,202,0.287790,0.000000,0.707610,0.000000,1,1,1315,13.320000,0.240067773
2,GPU_Stress,SA_Energy,203,0.000000,0.000000,0.933794,0.000000,1,1,820,17.056000,0.231957834
2,GPU_Stress,SA_Energy,204,0.049487,0.051003,0.888568,0.000000,1,0,821,16.418000,0.236799514
2,GPU_Stress,SA_Energy,205,0.363828,0.000000,0.633810,0.000000,1,1,843,12.184000,0.254467619
2,GPU_Stress,SA_Energy,206,0.209445,0.034307,0.756014,0.000000,1,0,1278,14.318000,0.243346752
2,GPU_Stress,SA_Energy,207,0.139341,0.104845,0.818923,0.000000,1,0,815,15.260000,0.236689628
2,GPU_Stress,SA_Energy,208,0.243331,0.000000,0.743715,0.000000,1,1,828,13.922000,0.236333716
2,GPU_Stress,SA_Energy,209,0.163122,0.079829,0.790904,0.000000,1,0,808,14.924000,0.243249241
2,GPU_Stress,SA_Energy,MEAN,0.181862,0.039959,0.783714,0.000000,,4,962,12.184000,0.231957834
2,GPU_Stress,NSGA-II,200,0.530485,0.024785,0.044744,0.014499,50,0,2693,5.710000,0.393931099
2,GPU_Stress,NSGA-II,201,0.518517,0.027009,0.051187,0.009177,50,0,2683,5.554000,0.402851604
2,GPU_Stress,NSGA-II,202,0.539638,0.022924,0.042222,0.012197,60,2,2690,5.642000,0.386898012
2,GPU_Stress,NSGA-II,203,0.543234,0.032701,0.045733,0.009576,71,0,2706,5.590000,0.392702306
2,GPU_Stress,NSGA-II,204,0.539803,0.021408,0.043635,0.009048,60,2,2680,5.510000,0.389828354
2,GPU_Stress,NSGA-II,205,0.507463,0.034576,0.056560,0.007395,62,0,2691,5.474000,0.409495625
2,GPU_Stress,NSGA-II,206,0.541579,0.019070,0.042015,0.013007,62,1,2687,5.506000,0.388981626
2,GPU_Stress,NSGA-II,207,0.507174,0.037181,0.059237,0.007537,58,0,2698,5.710000,0.405131287
2,GPU_Stress,NSGA-II,208,0.539377,0.036151,0.040480,0.015594,58,1,2679,5.414000,0.395157012
2,GPU_Stress,NSGA-II,209,0.529282,0.025537,0.047270,0.012804,44,2,2684,5.662000,0.394891031
2,GPU_Stress,NSGA-II,MEAN,0.529655,0.028134,0.047308,0.011084,,8,2689,5.414000,0.386898012
2,GPU_Stress,SPEA-II,200,0.512498,0.002885,0.044026,0.006530,60,31,3346,5.480000,0.419347412
2,GPU_Stress,SPEA-II,201,0.552325,0.010926,0.036983,0.010776,47,5,3350,5.530000,0.383098746
2,GPU_Stress,SPEA-II,202,0.542705,0.021162,0.039104,0.011459,46,1,3375,5.642000,0.385130898
2,GPU_Stress,SPEA-II,203,0.514154,0.018764,0.045622,0.009275,64,0,3354,5.508000,0.411005396
2,GPU_Stress,SPEA-II,204,0.534350,0.022450,0.039013,0.010188,68,6,3377,5.310000,0.402494582
2,GPU_Stress,SPEA-II,205,0.511048,0.013241,0.044431,0.006327,57,2,3351,5.410000,0.417054737
2,GPU_Stress,SPEA-II,206,0.528493,0.017925,0.038279,0.018436,52,1,3362,5.672000,0.401287843
2,GPU_Stress,SPEA-II,207,0.509435,0.013252,0.047179,0.007693,47,11,3355,5.342000,0.420365071
2,GPU_Stress,SPEA-II,208,0.547143,0.025327,0.042027,0.008827,66,0,3371,5.502000,0.390845778
2,GPU_Stress,SPEA-II,209,0.530770,0.016332,0.037464,0.010136,56,5,3360,5.396000,0.402198962
2,GPU_Stress,SPEA-II,MEAN,0.528292,0.016226,0.041413,0.009965,,62,3360,5.310000,0.383098746
2,GPU_Stress,AMOSA,200,0.418566,0.054730,0.113737,0.005943,78,0,2548,5.366000,0.483250679
2,GPU_Stress,AMOSA,201,0.382537,0.059050,0.122094,0.005142,82,0,2547,5.620000,0.488544823
2,GPU_Stress,AMOSA,202,0.375106,0.046130,0.125563,0.003544,82,0,2537,5.568000,0.496999164
2,GPU_Stress,AMOSA,203,0.401267,0.062314,0.111396,0.003814,88,0,2571,5.556000,0.476180524
2,GPU_Stress,AMOSA,204,0.393104,0.060446,0.114648,0.004927,63,0,2534,5.634000,0.482244933
2,GPU_Stress,AMOSA,205,0.408392,0.051299,0.102846,0.003981,77,0,2583,5.572000,0.476817279
2,GPU_Stress,AMOSA,206,0.397049,0.048733,0.116935,0.006346,53,0,2534,5.586000,0.495097571
2,GPU_Stress,AMOSA,207,0.390659,0.060814,0.129804,0.006090,60,0,2542,5.470000,0.505357954
2,GPU_Stress,AMOSA,208,0.405654,0.045452,0.122960,0.010424,87,0,2554,5.516000,0.501048018
2,GPU_Stress,AMOSA,209,0.390943,0.039627,0.115082,0.003928,72,0,2539,5.542000,0.491422571
2,GPU_Stress,AMOSA,MEAN,0.396328,0.052859,0.117507,0.005414,,0,2548,5.366000,0.476180524
3,CPU_Stress,FirstAvailable,200,0.000000,1.225159,1.278264,0.000000,1,0,499,169.500000,1.044259753
3,CPU_Stress,FirstAvailable,201,0.000000,1.225159,1.278264,0.000000,1,0,2,169.500000,1.044259753
3,CPU_Stress,FirstAvailable,202,0.000000,1.225159,1.278264,0.000000,1,0,2,169.500000,1.044259753
3,CPU_Stress,FirstAvailable,203,0.000000,1.225159,1.278264,0.000000,1,0,2,169.500000,1.044259753
3,CPU_Stress,FirstAvailable,204,0.000000,1.225159,1.278264,0.000000,1,0,2,169.500000,1.044259753
3,CPU_Stress,FirstAvailable,205,0.000000,1.225159,1.278264,0.000000,1,0,1,169.500000,1.044259753
3,CPU_Stress,FirstAvailable,206,0.000000,1.225159,1.278264,0.000000,1,0,1,169.500000,1.044259753
3,CPU_Stress,FirstAvailable,207,0.000000,1.225159,1.278264,0.000000,1,0,2,169.500000,1.044259753
3,CPU_Stress,FirstAvailable,208,0.000000,1.225159,1.278264,0.000000,1,0,2,169.500000,1.044259753
3,CPU_Stress,FirstAvailable,209,0.000000,1.225159,1.278264,0.000000,1,0,2,169.500000,1.044259753
3,CPU_Stress,FirstAvailable,MEAN,0.000000,1.225159,1.278264,0.000000,,0,51,169.500000,1.044259753
3,CPU_Stress,ShortestQueue,200,0.000000,0.321378,0.482874,0.000000,1,0,1,8.200000,0.415609496
3,CPU_Stress,ShortestQueue,201,0.000000,0.321378,0.482874,0.000000,1,0,1,8.200000,0.415609496
3,CPU_Stress,ShortestQueue,202,0.000000,0.321378,0.482874,0.000000,1,0,2,8.200000,0.415609496
3,CPU_Stress,ShortestQueue,203,0.000000,0.321378,0.482874,0.000000,1,0,1,8.200000,0.415609496
3,CPU_Stress,ShortestQueue,204,0.000000,0.321378,0.482874,0.000000,1,0,1,8.200000,0.415609496
3,CPU_Stress,ShortestQueue,205,0.000000,0.321378,0.482874,0.000000,1,0,1,8.200000,0.415609496
3,CPU_Stress,ShortestQueue,206,0.000000,0.321378,0.482874,0.000000,1,0,2,8.200000,0.415609496
3,CPU_Stress,ShortestQueue,207,0.000000,0.321378,0.482874,0.000000,1,0,1,8.200000,0.415609496
3,CPU_Stress,ShortestQueue,208,0.000000,0.321378,0.482874,0.000000,1,0,1,8.200000,0.415609496
3,CPU_Stress,ShortestQueue,209,0.000000,0.321378,0.482874,0.000000,1,0,1,8.200000,0.415609496
3,CPU_Stress,ShortestQueue,MEAN,0.000000,0.321378,0.482874,0.000000,,0,1,8.200000,0.415609496
3,CPU_Stress,WorkloadAware,200,0.000000,0.000000,0.419788,0.000000,1,1,1,4.258000,0.395204772
3,CPU_Stress,WorkloadAware,201,0.000000,0.000000,0.419788,0.000000,1,1,1,4.258000,0.395204772
3,CPU_Stress,WorkloadAware,202,0.000000,0.000000,0.419788,0.000000,1,1,2,4.258000,0.395204772
3,CPU_Stress,WorkloadAware,203,0.000000,0.000000,0.419788,0.000000,1,1,1,4.258000,0.395204772
3,CPU_Stress,WorkloadAware,204,0.000000,0.000000,0.419788,0.000000,1,1,2,4.258000,0.395204772
3,CPU_Stress,WorkloadAware,205,0.000000,0.000000,0.419788,0.000000,1,1,1,4.258000,0.395204772
3,CPU_Stress,WorkloadAware,206,0.000000,0.000000,0.419788,0.000000,1,1,1,4.258000,0.395204772
3,CPU_Stress,WorkloadAware,207,0.000000,0.000000,0.419788,0.000000,1,1,1,4.258000,0.395204772
3,CPU_Stress,WorkloadAware,208,0.000000,0.000000,0.419788,0.000000,1,1,1,4.258000,0.395204772
3,CPU_Stress,WorkloadAware,209,0.000000,0.000000,0.419788,0.000000,1,1,2,4.258000,0.395204772
3,CPU_Stress,WorkloadAware,MEAN,0.000000,0.000000,0.419788,0.000000,,10,1,4.258000,0.395204772
3,CPU_Stress,RoundRobin,200,0.000000,0.452470,0.571300,0.000000,1,0,2,9.348000,0.429083274
3,CPU_Stress,RoundRobin,201,0.000000,0.452470,0.571300,0.000000,1,0,2,9.348000,0.429083274
3,CPU_Stress,RoundRobin,202,0.000000,0.452470,0.571300,0.000000,1,0,2,9.348000,0.429083274
3,CPU_Stress,RoundRobin,203,0.000000,0.452470,0.571300,0.000000,1,0,1,9.348000,0.429083274
3,CPU_Stress,RoundRobin,204,0.000000,0.452470,0.571300,0.000000,1,0,2,9.348000,0.429083274
3,CPU_Stress,RoundRobin,205,0.000000,0.452470,0.571300,0.000000,1,0,2,9.348000,0.429083274
3,CPU_Stress,RoundRobin,206,0.000000,0.452470,0.571300,0.000000,1,0,2,9.348000,0.429083274
3,CPU_Stress,RoundRobin,207,0.000000,0.452470,0.571300,0.000000,1,0,2,9.348000,0.429083274
3,CPU_Stress,RoundRobin,208,0.000000,0.452470,0.571300,0.000000,1,0,2,9.348000,0.429083274
3,CPU_Stress,RoundRobin,209,0.000000,0.452470,0.571300,0.000000,1,0,1,9.348000,0.429083274
3,CPU_Stress,RoundRobin,MEAN,0.000000,0.452470,0.571300,0.000000,,0,1,9.348000,0.429083274
3,CPU_Stress,GA_WaitingTime,200,0.000000,0.102021,0.469840,0.000000,1,0,1934,4.340000,0.424608332
3,CPU_Stress,GA_WaitingTime,201,0.000000,0.095632,0.467402,0.000000,1,0,1932,4.318000,0.422618242
3,CPU_Stress,GA_WaitingTime,202,0.000000,0.162581,0.506874,0.000000,1,0,1931,4.316000,0.445619551
3,CPU_Stress,GA_WaitingTime,203,0.000000,0.122190,0.483784,0.000000,1,0,1933,4.300000,0.431354767
3,CPU_Stress,GA_WaitingTime,204,0.000000,0.151940,0.498273,0.000000,1,0,1943,4.360000,0.441624913
3,CPU_Stress,GA_WaitingTime,205,0.000000,0.151530,0.498233,0.000000,1,0,1950,4.356000,0.441487754
3,CPU_Stress,GA_WaitingTime,206,0.000000,0.102992,0.471421,0.000000,1,0,1930,4.322000,0.424971007
3,CPU_Stress,GA_WaitingTime,207,0.000000,0.127477,0.485290,0.000000,1,0,1930,4.330000,0.433096025
3,CPU_Stress,GA_WaitingTime,208,0.000000,0.154410,0.499858,0.000000,1,0,1927,4.358000,0.442526927
3,CPU_Stress,GA_WaitingTime,209,0.000000,0.131657,0.485724,0.000000,1,0,1936,4.368000,0.434425142
3,CPU_Stress,GA_WaitingTime,MEAN,0.000000,0.130243,0.486670,0.000000,,0,1934,4.300000,0.422618242
3,CPU_Stress,GA_Energy,200,0.046340,0.082663,0.935318,0.000000,1,0,1972,13.030000,0.152481482
3,CPU_Stress,GA_Energy,201,0.038057,0.077382,0.942249,0.000000,1,0,1976,13.112000,0.152397723
3,CPU_Stress,GA_Energy,202,0.113119,0.062705,0.876861,0.000000,1,0,1978,12.360000,0.154632555
3,CPU_Stress,GA_Energy,203,0.076707,0.079836,0.911084,0.000000,1,0,1974,12.730000,0.152441535
3,CPU_Stress,GA_Energy,204,0.091480,0.061833,0.906513,0.000000,1,0,1972,12.594000,0.149730145
3,CPU_Stress,GA_Energy,205,0.145850,0.044394,0.852168,0.000000,1,0,1967,12.034000,0.154569043
3,CPU_Stress,GA_Energy,206,0.135699,0.055249,0.862144,0.000000,1,0,1974,12.140000,0.153710675
3,CPU_Stress,GA_Energy,207,0.116437,0.060755,0.874897,0.000000,1,0,1970,12.328000,0.154407448
3,CPU_Stress,GA_Energy,208,0.185948,0.000000,0.820018,0.000000,1,1,1969,11.626000,0.155635994
3,CPU_Stress,GA_Energy,209,0.108589,0.063971,0.880866,0.000000,1,0,1975,12.406000,0.154448865
3,CPU_Stress,GA_Energy,MEAN,0.105822,0.058879,0.886212,0.000000,,1,1972,11.626000,0.149730145
3,CPU_Stress,SA_WaitingTime,200,0.000000,0.233134,0.512159,0.000000,1,0,743,5.404000,0.470776199
3,CPU_Stress,SA_WaitingTime,201,0.000000,0.203805,0.506387,0.000000,1,0,743,4.824000,0.457907381
3,CPU_Stress,SA_WaitingTime,202,0.000000,0.210883,0.499134,0.000000,1,0,773,5.318000,0.461369516
3,CPU_Stress,SA_WaitingTime,203,0.000000,0.241099,0.528812,0.000000,1,0,758,4.870000,0.473630916
3,CPU_Stress,SA_WaitingTime,204,0.000000,0.205987,0.516737,0.000000,1,0,771,4.654000,0.460779461
3,CPU_Stress,SA_WaitingTime,205,0.000000,0.258974,0.529742,0.000000,1,0,748,5.374000,0.482514817
3,CPU_Stress,SA_WaitingTime,206,0.000000,0.206061,0.494832,0.000000,1,0,743,5.378000,0.459366880
3,CPU_Stress,SA_WaitingTime,207,0.000000,0.193990,0.491209,0.000000,1,0,772,5.140000,0.454095349
3,CPU_Stress,SA_WaitingTime,208,0.000000,0.206957,0.495803,0.000000,1,0,770,5.358000,0.459749791
3,CPU_Stress,SA_WaitingTime,209,0.000000,0.277099,0.548440,0.000000,1,0,1196,4.980000,0.489945707
3,CPU_Stress,SA_WaitingTime,MEAN,0.000000,0.223799,0.512325,0.000000,,0,801,4.654000,0.454095349
3,CPU_Stress,SA_Energy,200,0.145015,0.015433,0.885611,0.000000,1,0,831,12.108000,0.143115759
3,CPU_Stress,SA_Energy,201,0.112590,0.031705,0.908279,0.000000,1,0,814,12.416000,0.143248968
3,CPU_Stress,SA_Energy,202,0.141843,0.000000,0.898782,0.000000,1,1,823,12.158000,0.139359978
3,CPU_Stress,SA_Energy,203,0.027449,0.043520,0.970665,0.000000,1,0,849,13.226000,0.143872049
3,CPU_Stress,SA_Energy,204,0.054134,0.062291,0.953481,0.000000,1,0,840,12.974000,0.142552262
3,CPU_Stress,SA_Energy,205,0.000000,0.000000,1.011729,0.000000,1,1,820,13.488000,0.135298121
3,CPU_Stress,SA_Energy,206,0.000000,0.111303,1.023092,0.000000,1,0,818,14.628000,0.139824137
3,CPU_Stress,SA_Energy,207,0.000000,0.009136,1.006248,0.000000,1,0,804,13.488000,0.137672551
3,CPU_Stress,SA_Energy,208,0.195237,0.000000,0.855830,0.000000,1,1,833,11.638000,0.142036441
3,CPU_Stress,SA_Energy,209,0.155134,0.024533,0.875830,0.000000,1,0,814,12.006000,0.144086385
3,CPU_Stress,SA_Energy,MEAN,0.083140,0.029792,0.938955,0.000000,,3,824,11.638000,0.135298121
3,CPU_Stress,NSGA-II,200,0.466897,0.036551,0.067303,0.010127,38,0,2649,5.534000,0.251242630
3,CPU_Stress,NSGA-II,201,0.409301,0.034679,0.067288,0.015623,33,0,2658,5.462000,0.259883220
3,CPU_Stress,NSGA-II,202,0.441543,0.039082,0.064000,0.012925,45,0,2659,5.498000,0.253174605
3,CPU_Stress,NSGA-II,203,0.454944,0.024659,0.061635,0.011226,40,2,2648,5.668000,0.248538535
3,CPU_Stress,NSGA-II,204,0.445438,0.031913,0.062371,0.020057,40,0,2654,5.614000,0.252906171
3,CPU_Stress,NSGA-II,205,0.476642,0.019418,0.055491,0.012273,30,5,2635,5.532000,0.250237258
3,CPU_Stress,NSGA-II,206,0.461790,0.039005,0.069670,0.006501,47,0,2704,5.498000,0.251927385
3,CPU_Stress,NSGA-II,207,0.455841,0.024497,0.061058,0.009459,41,2,2659,5.472000,0.249504216
3,CPU_Stress,NSGA-II,208,0.456182,0.015766,0.050415,0.012956,36,2,2640,5.474000,0.244883844
3,CPU_Stress,NSGA-II,209,0.449042,0.023051,0.062503,0.017614,36,1,2642,5.710000,0.250514252
3,CPU_Stress,NSGA-II,MEAN,0.451762,0.028862,0.062173,0.012876,,12,2654,5.462000,0.244883844
3,CPU_Stress,SPEA-II,200,0.433171,0.017794,0.059406,0.009143,39,3,3343,5.470000,0.254310980
3,CPU_Stress,SPEA-II,201,0.434418,0.013753,0.055926,0.009309,30,0,3316,5.406000,0.254202259
3,CPU_Stress,SPEA-II,202,0.429497,0.027322,0.058035,0.018714,32,1,3364,5.492000,0.253942350
3,CPU_Stress,SPEA-II,203,0.446973,0.010710,0.052092,0.011245,32,7,3326,5.498000,0.250070066
3,CPU_Stress,SPEA-II,204,0.434942,0.017764,0.053487,0.010142,39,1,3351,5.408000,0.253274745
3,CPU_Stress,SPEA-II,205,0.454999,0.017475,0.050663,0.009072,48,1,3345,5.470000,0.244944768
3,CPU_Stress,SPEA-II,206,0.461390,0.034694,0.058449,0.009376,34,3,3333,5.560000,0.250755470
3,CPU_Stress,SPEA-II,207,0.463005,0.012083,0.050656,0.008114,46,8,3349,5.482000,0.243238420
3,CPU_Stress,SPEA-II,208,0.436615,0.017606,0.057643,0.011270,39,2,3332,5.440000,0.257682969
3,CPU_Stress,SPEA-II,209,0.443379,0.023829,0.056575,0.018555,35,2,3336,5.466000,0.257146983
3,CPU_Stress,SPEA-II,MEAN,0.443839,0.019303,0.055293,0.011494,,28,3339,5.406000,0.243238420
3,CPU_Stress,AMOSA,200,0.379781,0.051709,0.092824,0.003515,66,0,2536,5.486000,0.280242515
3,CPU_Stress,AMOSA,201,0.359493,0.018098,0.083959,0.004393,60,0,2497,5.340000,0.281594365
3,CPU_Stress,AMOSA,202,0.370738,0.021451,0.079145,0.005628,67,3,2506,5.420000,0.277037583
3,CPU_Stress,AMOSA,203,0.343522,0.042523,0.100136,0.006037,60,0,2518,5.512000,0.287317886
3,CPU_Stress,AMOSA,204,0.365509,0.050956,0.088335,0.006067,73,0,2532,5.484000,0.274566877
3,CPU_Stress,AMOSA,205,0.342879,0.025506,0.089541,0.004857,63,19,2540,5.322000,0.288656449
3,CPU_Stress,AMOSA,206,0.348511,0.046685,0.093926,0.003863,77,0,2532,5.582000,0.282414653
3,CPU_Stress,AMOSA,207,0.401367,0.041897,0.090435,0.006000,66,0,2518,5.314000,0.284958077
3,CPU_Stress,AMOSA,208,0.391949,0.029980,0.080079,0.003622,67,0,2545,5.560000,0.268291069
3,CPU_Stress,AMOSA,209,0.389263,0.047271,0.094913,0.006550,76,0,2536,5.458000,0.287449149
3,CPU_Stress,AMOSA,MEAN,0.369301,0.037607,0.089329,0.005053,,22,2526,5.314000,0.268291069
