Algorithm,Seed,WaitingTime,Energy,IsUniversalPareto
GA_WaitingTime,200,3.976000,0.570294305,true
GA_WaitingTime,201,3.990000,0.593852264,false
GA_WaitingTime,202,3.990000,0.565162941,true
GA_WaitingTime,203,3.992000,0.604984558,false
GA_WaitingTime,204,4.024000,0.594542094,false
GA_WaitingTime,205,4.036000,0.590733698,false
GA_WaitingTime,206,3.990000,0.577993726,false
GA_WaitingTime,207,4.008000,0.609796314,false
GA_WaitingTime,208,4.030000,0.603324883,false
GA_WaitingTime,209,3.970000,0.595714183,true
GA_Energy,200,14.054000,0.197401786,false
GA_Energy,201,13.656000,0.196835547,false
GA_Energy,202,14.754000,0.196051952,false
GA_Energy,203,12.618000,0.197808872,false
GA_Energy,204,13.418000,0.192579304,false
GA_Energy,205,13.706000,0.194619637,false
GA_Energy,206,13.366000,0.196107599,false
GA_Energy,207,12.998000,0.202114355,false
GA_Energy,208,13.704000,0.199119086,false
GA_Energy,209,14.160000,0.192872738,false
SA_WaitingTime,200,4.650000,0.620478058,false
SA_WaitingTime,201,4.458000,0.615827172,false
SA_WaitingTime,202,4.348000,0.638872028,false
SA_WaitingTime,203,4.528000,0.626899113,false
SA_WaitingTime,204,4.314000,0.629119892,false
SA_WaitingTime,205,4.732000,0.641636205,false
SA_WaitingTime,206,4.608000,0.613186423,false
SA_WaitingTime,207,4.562000,0.636118433,false
SA_WaitingTime,208,4.742000,0.589714374,false
SA_WaitingTime,209,4.398000,0.643919519,false
SA_Energy,200,12.314000,0.191289942,false
SA_Energy,201,10.438000,0.197380307,true
SA_Energy,202,11.116000,0.195702029,false
SA_Energy,203,12.394000,0.185411312,true
SA_Energy,204,12.116000,0.187243890,true
SA_Energy,205,15.592000,0.183521979,false
SA_Energy,206,11.038000,0.192895566,true
SA_Energy,207,11.736000,0.190090671,true
SA_Energy,208,13.362000,0.178992838,true
SA_Energy,209,13.372000,0.186974424,false
NSGA-II,200,8.074000,0.325305277,false
NSGA-II,200,4.888000,0.537164488,false
NSGA-II,200,7.452000,0.334783340,false
NSGA-II,200,6.756000,0.359203549,false
NSGA-II,200,6.944000,0.353631605,false
NSGA-II,200,7.858000,0.334708000,false
NSGA-II,200,5.516000,0.433632023,false
NSGA-II,200,5.582000,0.423316695,false
NSGA-II,200,6.286000,0.385018154,false
NSGA-II,200,5.172000,0.472002086,false
NSGA-II,200,5.746000,0.420773019,false
NSGA-II,200,4.938000,0.522798284,false
NSGA-II,200,5.996000,0.393322126,false
NSGA-II,200,6.624000,0.363577665,false
NSGA-II,200,5.026000,0.504891101,false
NSGA-II,200,5.498000,0.446868221,false
NSGA-II,200,7.358000,0.345591099,false
NSGA-II,200,4.978000,0.510781418,false
NSGA-II,200,5.032000,0.493252009,false
NSGA-II,200,6.584000,0.369362765,false
NSGA-II,200,5.160000,0.485191202,false
NSGA-II,200,6.120000,0.386252006,false
NSGA-II,200,7.126000,0.353540358,false
NSGA-II,200,5.954000,0.401613338,false
NSGA-II,200,6.098000,0.388993962,false
NSGA-II,200,8.020000,0.328384214,false
NSGA-II,200,6.384000,0.378385653,false
NSGA-II,200,7.920000,0.330109458,false
NSGA-II,200,4.960000,0.519334911,false
NSGA-II,200,5.316000,0.457544566,false
NSGA-II,200,5.786000,0.414162860,false
NSGA-II,200,5.814000,0.410770395,false
NSGA-II,200,5.880000,0.406213467,false
NSGA-II,200,5.304000,0.467476587,false
NSGA-II,200,5.268000,0.468003008,false
NSGA-II,200,7.234000,0.350507751,false
NSGA-II,200,6.486000,0.371906531,false
NSGA-II,200,5.342000,0.452657281,false
NSGA-II,200,5.422000,0.448988856,false
NSGA-II,200,7.282000,0.347063096,false
NSGA-II,200,7.150000,0.351344194,false
NSGA-II,200,5.078000,0.490302901,false
NSGA-II,200,5.900000,0.402468955,false
NSGA-II,200,7.880000,0.333825679,false
NSGA-II,200,6.478000,0.374744235,false
NSGA-II,200,6.428000,0.375791357,false
NSGA-II,200,5.438000,0.448006497,false
NSGA-II,200,5.132000,0.490183254,false
NSGA-II,200,5.142000,0.487437325,false
NSGA-II,200,5.334000,0.454921774,false
NSGA-II,200,7.340000,0.346851190,false
NSGA-II,200,6.398000,0.376871847,false
NSGA-II,200,6.392000,0.377131110,false
NSGA-II,201,8.422000,0.326547677,false
NSGA-II,201,4.988000,0.590798399,false
NSGA-II,201,8.128000,0.335877028,false
NSGA-II,201,7.618000,0.337572953,false
NSGA-II,201,5.126000,0.500989947,false
NSGA-II,201,5.542000,0.426845130,false
NSGA-II,201,5.458000,0.442208686,false
NSGA-II,201,7.340000,0.347287029,false
NSGA-II,201,5.124000,0.530331226,false
NSGA-II,201,7.142000,0.354842893,false
NSGA-II,201,5.778000,0.407258180,false
NSGA-II,201,7.454000,0.346386709,false
NSGA-II,201,5.298000,0.478549098,false
NSGA-II,201,5.260000,0.493310677,false
NSGA-II,201,5.636000,0.416026690,false
NSGA-II,201,5.446000,0.456857679,false
NSGA-II,201,5.100000,0.545751035,false
NSGA-II,201,7.046000,0.354963070,false
NSGA-II,201,6.118000,0.396857257,false
NSGA-II,201,7.596000,0.340931445,false
NSGA-II,201,6.556000,0.380805692,false
NSGA-II,201,6.022000,0.403413260,false
NSGA-II,201,8.240000,0.334371324,false
NSGA-II,201,5.670000,0.413461945,false
NSGA-II,201,6.716000,0.375983348,false
NSGA-II,201,5.182000,0.494256785,false
NSGA-II,201,5.008000,0.579290420,false
NSGA-II,201,5.106000,0.531478912,false
NSGA-II,201,6.316000,0.390578424,false
NSGA-II,201,6.356000,0.384697723,false
NSGA-II,201,5.914000,0.403602106,false
NSGA-II,201,6.454000,0.384505959,false
NSGA-II,201,6.908000,0.358534293,false
NSGA-II,201,5.026000,0.561703782,false
NSGA-II,201,5.302000,0.471000550,false
NSGA-II,201,8.328000,0.331565520,false
NSGA-II,201,5.030000,0.553111160,false
NSGA-II,201,6.230000,0.392248423,false
NSGA-II,201,5.430000,0.462599048,false
NSGA-II,201,6.816000,0.372864094,false
NSGA-II,201,5.024000,0.567865829,false
NSGA-II,201,6.202000,0.395649780,false
NSGA-II,201,4.998000,0.590546492,false
NSGA-II,201,5.050000,0.549407933,false
NSGA-II,201,5.016000,0.574223342,false
NSGA-II,201,6.550000,0.383205255,false
NSGA-II,201,5.392000,0.466506193,false
NSGA-II,201,5.368000,0.469352037,false
NSGA-II,201,6.892000,0.362680219,false
NSGA-II,201,6.728000,0.375106715,false
NSGA-II,201,6.866000,0.368574535,false
NSGA-II,201,5.944000,0.403451272,false
NSGA-II,201,8.376000,0.329579058,false
NSGA-II,201,6.844000,0.370586324,false
NSGA-II,201,8.368000,0.329709022,false
NSGA-II,201,6.894000,0.359662004,false
NSGA-II,201,6.858000,0.370251632,false
NSGA-II,202,4.876000,0.544899290,false
NSGA-II,202,8.228000,0.322365379,false
NSGA-II,202,5.012000,0.494825011,false
NSGA-II,202,7.878000,0.331562800,false
NSGA-II,202,5.006000,0.522283000,false
NSGA-II,202,7.428000,0.335242607,false
NSGA-II,202,5.054000,0.474128251,false
NSGA-II,202,7.760000,0.334173326,false
NSGA-II,202,6.002000,0.391416589,false
NSGA-II,202,5.468000,0.425905181,false
NSGA-II,202,5.428000,0.440592895,false
NSGA-II,202,6.110000,0.385482266,false
NSGA-II,202,6.542000,0.363919526,false
NSGA-II,202,6.432000,0.368727828,false
NSGA-II,202,7.230000,0.345252093,false
NSGA-II,202,7.284000,0.339707889,false
NSGA-II,202,4.998000,0.534301005,false
NSGA-II,202,5.896000,0.398093153,false
NSGA-II,202,5.208000,0.471313580,false
NSGA-II,202,6.748000,0.359805206,false
NSGA-II,202,6.972000,0.350769945,false
NSGA-II,202,5.366000,0.450550219,false
NSGA-II,202,6.942000,0.355495255,false
NSGA-II,202,5.558000,0.417079197,false
NSGA-II,202,7.056000,0.345460962,false
NSGA-II,202,5.316000,0.456869065,false
NSGA-II,202,6.296000,0.373901382,false
NSGA-II,202,5.780000,0.403163922,false
NSGA-II,202,5.230000,0.469414868,false
NSGA-II,202,7.046000,0.346567346,false
NSGA-II,202,5.686000,0.410426705,false
NSGA-II,202,5.472000,0.418558505,true
NSGA-II,202,5.392000,0.447118850,false
NSGA-II,202,6.880000,0.359517338,false
NSGA-II,202,4.916000,0.539762705,false
NSGA-II,202,5.858000,0.402690571,false
NSGA-II,202,6.342000,0.369329728,false
NSGA-II,202,6.658000,0.360810118,false
NSGA-II,202,7.262000,0.341238899,false
NSGA-II,202,5.768000,0.408088641,false
NSGA-II,202,5.406000,0.443489883,false
NSGA-II,202,6.638000,0.362358577,false
NSGA-II,202,5.596000,0.412879570,false
NSGA-II,202,5.256000,0.463556304,false
NSGA-II,202,5.612000,0.412125342,false
NSGA-II,202,6.258000,0.378598010,false
NSGA-II,202,6.888000,0.359426446,false
NSGA-II,202,6.196000,0.384044490,false
NSGA-II,202,4.904000,0.543265805,false
NSGA-II,202,6.208000,0.382567628,false
NSGA-II,202,6.308000,0.369982356,false
NSGA-II,202,5.470000,0.421607966,false
NSGA-II,202,6.246000,0.378847680,false
NSGA-II,202,5.310000,0.461920992,false
NSGA-II,202,5.862000,0.399054967,false
NSGA-II,202,4.972000,0.538144072,false
NSGA-II,202,4.984000,0.537836888,false
NSGA-II,202,5.312000,0.459096648,false
NSGA-II,202,5.262000,0.463043169,false
NSGA-II,202,5.744000,0.410115490,false
NSGA-II,202,5.746000,0.409832207,false
NSGA-II,202,6.646000,0.362186497,false
NSGA-II,202,6.204000,0.383807115,false
NSGA-II,203,8.972000,0.323990812,false
NSGA-II,203,4.872000,0.542821762,false
NSGA-II,203,6.698000,0.351324803,false
NSGA-II,203,5.688000,0.413903229,false
NSGA-II,203,8.648000,0.326300565,false
NSGA-II,203,6.482000,0.364277285,false
NSGA-II,203,7.594000,0.336830134,false
NSGA-II,203,5.584000,0.424839383,false
NSGA-II,203,7.212000,0.340653141,false
NSGA-II,203,7.078000,0.349718944,false
NSGA-II,203,7.432000,0.339706056,false
NSGA-II,203,5.840000,0.403201640,false
NSGA-II,203,7.910000,0.335200607,false
NSGA-II,203,5.178000,0.490864440,false
NSGA-II,203,5.578000,0.436947922,false
NSGA-II,203,5.174000,0.498759258,false
NSGA-II,203,6.408000,0.370738296,false
NSGA-II,203,5.040000,0.523030965,false
NSGA-II,203,8.398000,0.328483980,false
NSGA-II,203,5.260000,0.482782210,false
NSGA-II,203,5.270000,0.479296615,false
NSGA-II,203,7.136000,0.349488414,false
NSGA-II,203,5.504000,0.440870339,false
NSGA-II,203,6.348000,0.374880019,false
NSGA-II,203,5.458000,0.454410416,false
NSGA-II,203,5.162000,0.509886707,false
NSGA-II,203,8.152000,0.329534188,false
NSGA-II,203,5.322000,0.469704316,false
NSGA-II,203,8.382000,0.329340147,false
NSGA-II,203,7.924000,0.333027936,false
NSGA-II,203,8.120000,0.332487128,false
NSGA-II,203,5.046000,0.513847416,false
NSGA-II,203,4.940000,0.537023173,false
NSGA-II,203,5.468000,0.447122425,false
NSGA-II,203,5.454000,0.465307782,false
NSGA-II,203,6.060000,0.396083099,false
NSGA-II,203,6.316000,0.381000410,false
NSGA-II,203,6.136000,0.384614158,false
NSGA-II,203,5.012000,0.529354928,false
NSGA-II,203,5.960000,0.399882588,false
NSGA-II,203,5.856000,0.400185282,false
NSGA-II,203,6.084000,0.390181762,false
NSGA-II,203,4.884000,0.542101822,false
NSGA-II,203,6.180000,0.381940032,false
NSGA-II,203,6.018000,0.398696886,false
NSGA-II,203,4.978000,0.534786365,false
NSGA-II,203,6.122000,0.389887457,false
NSGA-II,203,6.248000,0.381441692,false
NSGA-II,203,5.464000,0.450891459,false
NSGA-II,203,5.002000,0.531727498,false
NSGA-II,203,5.350000,0.469220885,false
NSGA-II,203,5.414000,0.467903585,false
NSGA-II,203,5.086000,0.513117438,false
NSGA-II,203,5.128000,0.511205448,false
NSGA-II,203,8.128000,0.330564748,false
NSGA-II,203,5.104000,0.511797747,false
NSGA-II,203,5.420000,0.466298037,false
NSGA-II,203,5.436000,0.465659826,false
NSGA-II,203,5.440000,0.465552899,false
NSGA-II,204,4.950000,0.566976395,false
NSGA-II,204,7.820000,0.321802854,true
NSGA-II,204,7.304000,0.325654539,true
NSGA-II,204,5.054000,0.505207085,false
NSGA-II,204,5.040000,0.554886237,false
NSGA-II,204,6.688000,0.356807935,false
NSGA-II,204,6.848000,0.347848889,false
NSGA-II,204,5.818000,0.403858889,false
NSGA-II,204,5.100000,0.501435208,false
NSGA-II,204,5.108000,0.483535562,false
NSGA-II,204,5.148000,0.480147598,false
NSGA-II,204,5.156000,0.462569705,false
NSGA-II,204,7.284000,0.336948928,false
NSGA-II,204,5.866000,0.394852688,false
NSGA-II,204,5.170000,0.460011566,false
NSGA-II,204,5.340000,0.457323700,false
NSGA-II,204,6.532000,0.356996679,false
NSGA-II,204,6.500000,0.359128407,false
NSGA-II,204,5.958000,0.394415126,false
NSGA-II,204,6.438000,0.367096883,false
NSGA-II,204,7.008000,0.344799084,false
NSGA-II,204,6.384000,0.367183169,false
NSGA-II,204,7.066000,0.342615235,false
NSGA-II,204,6.268000,0.370237291,false
NSGA-II,204,5.788000,0.414793944,false
NSGA-II,204,6.074000,0.382432594,false
NSGA-II,204,6.910000,0.347229127,false
NSGA-II,204,7.160000,0.340384059,false
NSGA-II,204,6.028000,0.390657961,false
NSGA-II,204,6.174000,0.381012510,false
NSGA-II,204,6.186000,0.377011372,false
NSGA-II,204,5.594000,0.429346641,false
NSGA-II,204,4.984000,0.563915901,false
NSGA-II,204,7.198000,0.338379158,false
NSGA-II,204,5.026000,0.559291092,false
NSGA-II,204,6.266000,0.374474270,false
NSGA-II,204,5.348000,0.456492099,false
NSGA-II,204,5.532000,0.434726988,false
NSGA-II,204,5.398000,0.448899322,false
NSGA-II,204,5.650000,0.423595239,false
NSGA-II,204,6.066000,0.388547567,false
NSGA-II,204,5.686000,0.420691581,false
NSGA-II,204,5.732000,0.417578202,false
NSGA-II,204,5.560000,0.430186497,false
NSGA-II,204,5.458000,0.443819200,false
NSGA-II,204,5.484000,0.436583850,false
NSGA-II,204,5.468000,0.439036588,false
NSGA-II,204,5.750000,0.415307895,false
NSGA-II,204,5.446000,0.447399043,false
NSGA-II,204,5.670000,0.423339560,false
NSGA-II,204,5.428000,0.447453293,false
NSGA-II,204,5.402000,0.448383660,false
NSGA-II,205,4.844000,0.564741991,false
NSGA-II,205,8.578000,0.323412225,false
NSGA-II,205,5.142000,0.485052225,false
NSGA-II,205,4.986000,0.513203379,false
NSGA-II,205,5.138000,0.509229565,false
NSGA-II,205,8.270000,0.325352723,false
NSGA-II,205,8.042000,0.325745888,false
NSGA-II,205,4.886000,0.557631636,false
NSGA-II,205,4.934000,0.534705941,false
NSGA-II,205,7.836000,0.330845158,false
NSGA-II,205,6.718000,0.366980128,false
NSGA-II,205,4.894000,0.536783773,false
NSGA-II,205,5.612000,0.420994917,false
NSGA-II,205,6.442000,0.374216582,false
NSGA-II,205,5.246000,0.455510628,false
NSGA-II,205,5.812000,0.420941609,false
NSGA-II,205,5.196000,0.469990059,false
NSGA-II,205,5.180000,0.470539723,false
NSGA-II,205,7.702000,0.335664834,false
NSGA-II,205,7.258000,0.341078770,false
NSGA-II,205,7.474000,0.335711763,false
NSGA-II,205,6.900000,0.361676397,false
NSGA-II,205,6.128000,0.391982475,false
NSGA-II,205,5.826000,0.415102865,false
NSGA-II,205,6.148000,0.385954704,false
NSGA-II,205,5.542000,0.439888356,false
NSGA-II,205,5.416000,0.445473435,false
NSGA-II,205,5.322000,0.449873590,false
NSGA-II,205,6.352000,0.378343113,false
NSGA-II,205,7.384000,0.338305305,false
NSGA-II,205,6.634000,0.373793335,false
NSGA-II,205,6.266000,0.383570279,false
NSGA-II,205,6.954000,0.359269939,false
NSGA-II,205,6.054000,0.397851663,false
NSGA-II,205,7.724000,0.333359696,false
NSGA-II,205,5.608000,0.432143995,false
NSGA-II,205,7.044000,0.355419282,false
NSGA-II,205,6.046000,0.400987833,false
NSGA-II,205,7.246000,0.347894492,false
NSGA-II,205,6.660000,0.372900879,false
NSGA-II,205,5.606000,0.433742513,false
NSGA-II,205,5.928000,0.410854215,false
NSGA-II,205,7.168000,0.351763166,false
NSGA-II,205,6.312000,0.381502545,false
NSGA-II,205,5.970000,0.405217158,false
NSGA-II,205,4.864000,0.564408756,false
NSGA-II,205,7.216000,0.350862783,false
NSGA-II,205,7.448000,0.337684914,false
NSGA-II,205,7.088000,0.353822930,false
NSGA-II,205,5.484000,0.443182719,false
NSGA-II,205,5.954000,0.405700851,false
NSGA-II,205,5.934000,0.410336400,false
NSGA-II,205,5.480000,0.443633283,false
NSGA-II,205,5.312000,0.455079770,false
NSGA-II,205,6.912000,0.361295288,false
NSGA-II,205,5.308000,0.455143625,false
NSGA-II,205,7.080000,0.354295311,false
NSGA-II,206,4.896000,0.501870336,false
NSGA-II,206,8.302000,0.334516731,false
NSGA-II,206,7.836000,0.334546813,false
NSGA-II,206,5.136000,0.470146611,false
NSGA-II,206,5.104000,0.490764744,false
NSGA-II,206,7.274000,0.342386114,false
NSGA-II,206,5.208000,0.451136984,false
NSGA-II,206,5.182000,0.468045264,false
NSGA-II,206,5.852000,0.393049501,false
NSGA-II,206,7.068000,0.344861460,false
NSGA-II,206,7.410000,0.338119517,false
NSGA-II,206,5.660000,0.412070312,false
NSGA-II,206,7.654000,0.337366508,false
NSGA-II,206,6.094000,0.391180257,false
NSGA-II,206,6.946000,0.345273314,false
NSGA-II,206,6.474000,0.364573623,false
NSGA-II,206,6.898000,0.353426978,false
NSGA-II,206,6.586000,0.361013731,false
NSGA-II,206,5.000000,0.500515156,false
NSGA-II,206,5.038000,0.495488872,false
NSGA-II,206,5.838000,0.402891879,false
NSGA-II,206,7.556000,0.337997848,false
NSGA-II,206,5.522000,0.426774480,false
NSGA-II,206,6.764000,0.359697237,false
NSGA-II,206,6.422000,0.370882295,false
NSGA-II,206,5.630000,0.420518054,false
NSGA-II,206,6.292000,0.373423847,false
NSGA-II,206,5.622000,0.421892684,false
NSGA-II,206,5.348000,0.446111702,false
NSGA-II,206,5.844000,0.398887034,false
NSGA-II,206,5.806000,0.409908044,false
NSGA-II,206,5.478000,0.431698641,false
NSGA-II,206,6.118000,0.381520389,false
NSGA-II,206,5.802000,0.411633059,false
NSGA-II,206,5.428000,0.434735849,false
NSGA-II,206,6.210000,0.375004960,false
NSGA-II,206,6.572000,0.363816325,false
NSGA-II,206,6.384000,0.371867777,false
NSGA-II,206,5.102000,0.492568064,false
NSGA-II,206,6.824000,0.356854657,false
NSGA-II,206,6.114000,0.385173997,false
NSGA-II,206,6.174000,0.378515296,false
NSGA-II,206,5.218000,0.446456569,false
NSGA-II,206,5.490000,0.427810331,false
NSGA-II,206,6.884000,0.355952700,false
NSGA-II,206,6.110000,0.388761137,false
NSGA-II,206,5.396000,0.442374103,false
NSGA-II,206,5.258000,0.446185071,false
NSGA-II,206,5.426000,0.438420436,false
NSGA-II,206,6.798000,0.359643213,false
NSGA-II,206,6.208000,0.378405406,false
NSGA-II,206,5.414000,0.440502762,false
NSGA-II,206,5.402000,0.441986024,false
NSGA-II,207,4.860000,0.567964730,false
NSGA-II,207,7.606000,0.329665851,false
NSGA-II,207,6.598000,0.362368559,false
NSGA-II,207,4.960000,0.540214116,false
NSGA-II,207,7.042000,0.344709366,false
NSGA-II,207,5.366000,0.454593616,false
NSGA-II,207,7.340000,0.343772147,false
NSGA-II,207,5.396000,0.444269874,false
NSGA-II,207,4.900000,0.557018331,false
NSGA-II,207,5.550000,0.436996016,false
NSGA-II,207,6.226000,0.377235527,false
NSGA-II,207,5.098000,0.505964464,false
NSGA-II,207,6.984000,0.349774346,false
NSGA-II,207,6.814000,0.352557804,false
NSGA-II,207,5.336000,0.475178329,false
NSGA-II,207,6.468000,0.372851497,false
NSGA-II,207,7.458000,0.334230544,false
NSGA-II,207,5.090000,0.524818696,false
NSGA-II,207,5.868000,0.402157864,false
NSGA-II,207,5.180000,0.492923728,false
NSGA-II,207,6.166000,0.385557194,false
NSGA-II,207,6.374000,0.374615133,false
NSGA-II,207,5.820000,0.404853867,false
NSGA-II,207,5.070000,0.534298124,false
NSGA-II,207,5.992000,0.395639457,false
NSGA-II,207,5.796000,0.417461767,false
NSGA-II,207,7.416000,0.342684826,false
NSGA-II,207,6.788000,0.362166773,false
NSGA-II,207,6.074000,0.386976558,false
NSGA-II,207,7.594000,0.333335759,false
NSGA-II,207,5.746000,0.429184521,false
NSGA-II,207,5.654000,0.434874573,false
NSGA-II,207,5.774000,0.421557261,false
NSGA-II,207,5.252000,0.485421521,false
NSGA-II,207,4.894000,0.567762012,false
NSGA-II,207,6.794000,0.360836165,false
NSGA-II,207,5.154000,0.500319114,false
NSGA-II,207,6.020000,0.390728295,false
NSGA-II,207,5.076000,0.528736105,false
NSGA-II,207,5.134000,0.500638616,false
NSGA-II,207,5.316000,0.481591088,false
NSGA-II,207,6.442000,0.374202452,false
NSGA-II,207,5.260000,0.483843926,false
NSGA-II,207,5.684000,0.430824771,false
NSGA-II,207,6.012000,0.393234158,false
NSGA-II,207,5.680000,0.431508299,false
NSGA-II,207,5.328000,0.478143206,false
NSGA-II,207,5.318000,0.478795582,false
NSGA-II,208,4.878000,0.563742723,false
NSGA-II,208,9.892000,0.315315514,false
NSGA-II,208,9.004000,0.317154081,false
NSGA-II,208,8.348000,0.318732184,false
NSGA-II,208,4.992000,0.495328516,false
NSGA-II,208,4.960000,0.523241368,false
NSGA-II,208,7.914000,0.323476656,false
NSGA-II,208,6.436000,0.351376467,true
NSGA-II,208,6.674000,0.348524065,false
NSGA-II,208,7.086000,0.340494265,false
NSGA-II,208,6.840000,0.342876947,false
NSGA-II,208,4.910000,0.539368520,false
NSGA-II,208,8.164000,0.320772584,false
NSGA-II,208,4.884000,0.554262057,false
NSGA-II,208,7.586000,0.327111597,false
NSGA-II,208,5.826000,0.404997577,false
NSGA-II,208,6.430000,0.366397327,false
NSGA-II,208,7.328000,0.338574633,false
NSGA-II,208,5.880000,0.387359912,false
NSGA-II,208,5.696000,0.416200964,false
NSGA-II,208,5.314000,0.448902411,false
NSGA-II,208,5.516000,0.434418130,false
NSGA-II,208,4.946000,0.530780920,false
NSGA-II,208,7.360000,0.332054526,false
NSGA-II,208,5.438000,0.446584789,false
NSGA-II,208,6.108000,0.387144434,false
NSGA-II,208,5.228000,0.464781684,false
NSGA-II,208,5.206000,0.477046712,false
NSGA-II,208,7.502000,0.328860053,false
NSGA-II,208,5.490000,0.440214294,false
NSGA-II,208,5.574000,0.425170442,false
NSGA-II,208,5.306000,0.459711293,false
NSGA-II,208,5.038000,0.486857037,false
NSGA-II,208,5.872000,0.396923235,false
NSGA-II,208,6.212000,0.380105270,false
NSGA-II,208,6.372000,0.371187032,false
NSGA-II,208,5.622000,0.424414609,false
NSGA-II,208,6.114000,0.381568969,false
NSGA-II,208,5.658000,0.416346328,false
NSGA-II,208,6.232000,0.374182581,false
NSGA-II,208,5.842000,0.399313938,false
NSGA-II,208,6.270000,0.371582527,false
NSGA-II,208,5.096000,0.482920738,false
NSGA-II,208,5.112000,0.477819314,false
NSGA-II,208,5.066000,0.485122076,false
NSGA-II,208,5.280000,0.463425973,false
NSGA-II,208,5.142000,0.477241750,false
NSGA-II,208,5.284000,0.461597058,false
NSGA-II,209,8.096000,0.325196736,false
NSGA-II,209,4.716000,0.574055352,false
NSGA-II,209,7.712000,0.331652640,false
NSGA-II,209,5.484000,0.417655410,true
NSGA-II,209,5.134000,0.502636799,false
NSGA-II,209,4.804000,0.567892041,false
NSGA-II,209,4.820000,0.543613385,false
NSGA-II,209,4.958000,0.514686746,false
NSGA-II,209,7.430000,0.333664989,false
NSGA-II,209,5.156000,0.478003223,false
NSGA-II,209,6.846000,0.350006771,false
NSGA-II,209,5.460000,0.439672017,false
NSGA-II,209,5.316000,0.451149232,false
NSGA-II,209,5.734000,0.414710751,false
NSGA-II,209,5.286000,0.471464222,false
NSGA-II,209,5.030000,0.507885318,false
NSGA-II,209,6.934000,0.342876728,false
NSGA-II,209,6.674000,0.353830830,false
NSGA-II,209,7.330000,0.335083592,false
NSGA-II,209,4.936000,0.533012283,false
NSGA-II,209,6.176000,0.389729918,false
NSGA-II,209,7.160000,0.336270480,false
NSGA-II,209,7.058000,0.341866260,false
NSGA-II,209,6.242000,0.377682065,false
NSGA-II,209,5.896000,0.409444502,false
NSGA-II,209,5.794000,0.412981387,false
NSGA-II,209,6.446000,0.370773030,false
NSGA-II,209,6.602000,0.361067817,false
NSGA-II,209,6.362000,0.374505279,false
NSGA-II,209,7.132000,0.339173352,false
NSGA-II,209,6.512000,0.366037061,false
NSGA-II,209,4.750000,0.573690380,false
NSGA-II,209,6.650000,0.358777576,false
NSGA-II,209,5.986000,0.397775768,false
NSGA-II,209,6.256000,0.377343318,false
NSGA-II,209,5.442000,0.443658033,false
NSGA-II,209,6.550000,0.365505361,false
NSGA-II,209,5.216000,0.477616466,false
NSGA-II,209,5.276000,0.475291727,false
NSGA-II,209,5.954000,0.402657429,false
NSGA-II,209,5.916000,0.403820710,false
NSGA-II,209,5.406000,0.447474895,false
NSGA-II,209,5.384000,0.449746980,false
NSGA-II,209,6.092000,0.392366675,false
NSGA-II,209,6.022000,0.395263043,false
NSGA-II,209,4.920000,0.538944198,false
NSGA-II,209,6.152000,0.390295283,false
NSGA-II,209,6.070000,0.394283129,false
NSGA-II,209,4.874000,0.540763574,false
NSGA-II,209,6.372000,0.371348347,false
NSGA-II,209,4.928000,0.534372451,false
NSGA-II,209,4.888000,0.540628849,false
NSGA-II,209,6.370000,0.372541752,false
NSGA-II,209,4.932000,0.533041876,false
SPEA-II,200,4.844000,0.539300891,false
SPEA-II,200,5.670000,0.421776488,false
SPEA-II,200,4.814000,0.584102081,false
SPEA-II,200,5.838000,0.399716430,false
SPEA-II,200,6.078000,0.378254179,false
SPEA-II,200,5.470000,0.431975440,false
SPEA-II,200,5.326000,0.439001450,false
SPEA-II,200,6.448000,0.366379325,false
SPEA-II,200,6.610000,0.364318940,false
SPEA-II,200,6.158000,0.371853638,false
SPEA-II,200,5.852000,0.391360697,false
SPEA-II,200,5.442000,0.434628843,false
SPEA-II,200,5.334000,0.438230298,false
SPEA-II,200,4.824000,0.545894914,false
SPEA-II,200,5.516000,0.429896185,false
SPEA-II,200,5.012000,0.484804318,false
SPEA-II,200,7.600000,0.344211179,false
SPEA-II,200,5.560000,0.424585444,false
SPEA-II,200,5.478000,0.430987783,false
SPEA-II,200,5.636000,0.423753823,false
SPEA-II,200,5.690000,0.414941332,false
SPEA-II,200,5.234000,0.457976022,false
SPEA-II,200,6.020000,0.384645385,false
SPEA-II,200,4.856000,0.520275027,false
SPEA-II,200,5.830000,0.406437635,false
SPEA-II,200,5.146000,0.473743122,false
SPEA-II,200,6.662000,0.358528328,false
SPEA-II,200,5.692000,0.413847930,false
SPEA-II,200,5.092000,0.474359359,false
SPEA-II,200,6.590000,0.364736720,false
SPEA-II,200,4.822000,0.565553082,false
SPEA-II,200,5.156000,0.464009313,false
SPEA-II,200,6.624000,0.360534670,false
SPEA-II,200,6.632000,0.360211940,false
SPEA-II,200,5.324000,0.443787592,false
SPEA-II,200,4.966000,0.497581284,false
SPEA-II,200,5.792000,0.408733310,false
SPEA-II,200,5.304000,0.449520980,false
SPEA-II,200,5.848000,0.398034322,false
SPEA-II,200,5.550000,0.425179555,false
SPEA-II,200,5.672000,0.416177617,false
SPEA-II,200,4.902000,0.503050728,false
SPEA-II,200,5.196000,0.462729343,false
SPEA-II,200,6.810000,0.350070230,false
SPEA-II,200,5.278000,0.451810022,false
SPEA-II,200,5.868000,0.388406872,true
SPEA-II,200,5.218000,0.459446547,false
SPEA-II,200,6.378000,0.370861822,false
SPEA-II,200,5.542000,0.426938042,false
SPEA-II,200,5.418000,0.435704013,false
SPEA-II,200,6.686000,0.354452203,false
SPEA-II,200,6.694000,0.351194514,false
SPEA-II,200,5.272000,0.455625219,false
SPEA-II,200,5.750000,0.408917314,false
SPEA-II,201,5.392000,0.445763062,false
SPEA-II,201,6.206000,0.363115372,true
SPEA-II,201,4.948000,0.512676056,false
SPEA-II,201,5.182000,0.461757611,false
SPEA-II,201,5.812000,0.399939748,false
SPEA-II,201,5.664000,0.414501288,false
SPEA-II,201,5.214000,0.451529555,false
SPEA-II,201,6.472000,0.355676416,false
SPEA-II,201,4.936000,0.519195552,false
SPEA-II,201,5.948000,0.376464179,true
SPEA-II,201,5.650000,0.414718681,false
SPEA-II,201,4.814000,0.573581704,false
SPEA-II,201,4.886000,0.548716555,false
SPEA-II,201,6.368000,0.356964406,true
SPEA-II,201,6.158000,0.369329948,true
SPEA-II,201,5.618000,0.417914765,false
SPEA-II,201,4.928000,0.546205643,false
SPEA-II,201,6.674000,0.354123396,false
SPEA-II,201,5.408000,0.437340068,false
SPEA-II,201,5.382000,0.449437547,false
SPEA-II,201,5.774000,0.400856985,false
SPEA-II,201,5.010000,0.500702265,false
SPEA-II,201,6.782000,0.353243050,false
SPEA-II,201,5.670000,0.413140035,false
SPEA-II,201,5.158000,0.482883766,false
SPEA-II,201,5.410000,0.434607111,false
SPEA-II,201,5.516000,0.421725448,false
SPEA-II,201,5.018000,0.496161779,false
SPEA-II,201,5.470000,0.425382559,false
SPEA-II,201,5.120000,0.490353361,false
SPEA-II,201,6.772000,0.353740023,false
SPEA-II,201,5.718000,0.407328085,false
SPEA-II,201,5.552000,0.419836099,false
SPEA-II,201,4.856000,0.551264988,false
SPEA-II,201,5.944000,0.391202795,false
SPEA-II,201,4.966000,0.505636398,false
SPEA-II,201,5.024000,0.493442573,false
SPEA-II,201,7.210000,0.342965224,false
SPEA-II,201,5.922000,0.392378757,false
SPEA-II,201,6.868000,0.343689654,false
SPEA-II,201,5.862000,0.393509829,false
SPEA-II,201,6.786000,0.351587863,false
SPEA-II,201,6.620000,0.354948227,false
SPEA-II,201,5.726000,0.400882185,false
SPEA-II,201,7.606000,0.338666930,false
SPEA-II,202,5.584000,0.430884006,false
SPEA-II,202,6.390000,0.369356922,false
SPEA-II,202,4.994000,0.530366459,false
SPEA-II,202,5.616000,0.426544088,false
SPEA-II,202,7.230000,0.339586813,false
SPEA-II,202,6.508000,0.367143283,false
SPEA-II,202,5.636000,0.425390872,false
SPEA-II,202,5.594000,0.426703636,false
SPEA-II,202,7.112000,0.341987921,false
SPEA-II,202,6.600000,0.359524418,false
SPEA-II,202,5.934000,0.393539148,false
SPEA-II,202,5.230000,0.476624700,false
SPEA-II,202,5.984000,0.387209537,false
SPEA-II,202,5.050000,0.513863420,false
SPEA-II,202,5.366000,0.463124801,false
SPEA-II,202,6.646000,0.355815944,false
SPEA-II,202,5.236000,0.475800013,false
SPEA-II,202,5.034000,0.530034521,false
SPEA-II,202,6.950000,0.342693807,false
SPEA-II,202,5.988000,0.386790244,false
SPEA-II,202,5.240000,0.474082125,false
SPEA-II,202,6.184000,0.372496501,false
SPEA-II,202,6.490000,0.368624255,false
SPEA-II,202,5.194000,0.477056911,false
SPEA-II,202,4.960000,0.575854069,false
SPEA-II,202,5.690000,0.416417645,false
SPEA-II,202,5.116000,0.491055125,false
SPEA-II,202,5.040000,0.524364439,false
SPEA-II,202,5.054000,0.509413531,false
SPEA-II,202,5.292000,0.467102503,false
SPEA-II,202,6.598000,0.364842937,false
SPEA-II,202,5.324000,0.466307857,false
SPEA-II,202,5.846000,0.407531599,false
SPEA-II,202,5.428000,0.443411965,false
SPEA-II,202,5.382000,0.451647742,false
SPEA-II,202,6.374000,0.369941715,false
SPEA-II,202,6.674000,0.351761636,false
SPEA-II,202,5.764000,0.411638589,false
SPEA-II,202,6.272000,0.372417524,false
SPEA-II,202,5.546000,0.431723513,false
SPEA-II,202,5.352000,0.465148679,false
SPEA-II,202,6.004000,0.380746818,false
SPEA-II,202,5.042000,0.523394486,false
SPEA-II,202,5.506000,0.433928995,false
SPEA-II,202,4.966000,0.544886306,false
SPEA-II,202,5.646000,0.423307057,false
SPEA-II,202,6.574000,0.364870533,false
SPEA-II,202,5.268000,0.473078448,false
SPEA-II,202,5.736000,0.412120772,false
SPEA-II,202,5.884000,0.399956758,false
SPEA-II,203,8.008000,0.326442696,false
SPEA-II,203,5.004000,0.483595574,false
SPEA-II,203,5.084000,0.476675141,false
SPEA-II,203,4.870000,0.512385772,false
SPEA-II,203,5.756000,0.404752954,false
SPEA-II,203,7.284000,0.335814024,false
SPEA-II,203,6.172000,0.382902623,false
SPEA-II,203,5.116000,0.475011342,false
SPEA-II,203,5.710000,0.406045198,false
SPEA-II,203,7.240000,0.337633209,false
SPEA-II,203,6.232000,0.378773651,false
SPEA-II,203,5.238000,0.458556582,false
SPEA-II,203,6.880000,0.345568686,false
SPEA-II,203,6.860000,0.349110525,false
SPEA-II,203,5.784000,0.397846204,false
SPEA-II,203,4.970000,0.502098455,false
SPEA-II,203,7.750000,0.328505895,false
SPEA-II,203,8.208000,0.323224605,false
SPEA-II,203,5.134000,0.464727560,false
SPEA-II,203,5.602000,0.411555224,true
SPEA-II,203,6.904000,0.340474764,false
SPEA-II,203,4.920000,0.504560915,false
SPEA-II,203,5.080000,0.476773952,false
SPEA-II,203,5.010000,0.481817325,false
SPEA-II,203,7.334000,0.335321676,false
SPEA-II,203,5.986000,0.388959885,false
SPEA-II,203,6.550000,0.352958170,false
SPEA-II,203,5.904000,0.397510957,false
SPEA-II,203,5.930000,0.396293328,false
SPEA-II,203,6.316000,0.374542686,false
SPEA-II,203,5.476000,0.432728927,false
SPEA-II,203,5.056000,0.478262877,false
SPEA-II,203,5.322000,0.438011949,false
SPEA-II,203,6.144000,0.382964842,false
SPEA-II,203,4.844000,0.522985780,false
SPEA-II,203,5.442000,0.437046092,false
SPEA-II,203,5.494000,0.428144028,false
SPEA-II,203,5.944000,0.393480744,false
SPEA-II,203,5.162000,0.463406586,false
SPEA-II,203,6.722000,0.350078230,false
SPEA-II,203,6.182000,0.380484162,false
SPEA-II,203,5.690000,0.406102193,false
SPEA-II,203,5.730000,0.405398836,false
SPEA-II,203,5.164000,0.459353872,false
SPEA-II,203,5.022000,0.480989451,false
SPEA-II,203,6.542000,0.366162904,false
SPEA-II,203,5.256000,0.454613895,false
SPEA-II,203,5.286000,0.451418690,false
SPEA-II,203,7.732000,0.333168171,false
SPEA-II,203,5.540000,0.422366279,false
SPEA-II,203,4.998000,0.485809278,false
SPEA-II,203,6.508000,0.369532865,false
SPEA-II,203,6.320000,0.371076850,false
SPEA-II,203,5.990000,0.388909390,false
SPEA-II,203,5.560000,0.420244800,false
SPEA-II,204,5.094000,0.470826011,false
SPEA-II,204,5.304000,0.432498460,true
SPEA-II,204,5.220000,0.456577085,false
SPEA-II,204,5.108000,0.462432693,false
SPEA-II,204,5.434000,0.423927201,false
SPEA-II,204,6.454000,0.366744998,false
SPEA-II,204,6.166000,0.376282573,false
SPEA-II,204,6.662000,0.346178439,true
SPEA-II,204,6.290000,0.374541604,false
SPEA-II,204,4.774000,0.562694669,false
SPEA-II,204,7.314000,0.329090343,false
SPEA-II,204,7.040000,0.338755126,false
SPEA-II,204,5.582000,0.414742165,false
SPEA-II,204,6.076000,0.377542300,false
SPEA-II,204,5.688000,0.412842548,false
SPEA-II,204,6.990000,0.342591921,false
SPEA-II,204,6.398000,0.367755217,false
SPEA-II,204,6.256000,0.375512211,false
SPEA-II,204,5.080000,0.473363769,false
SPEA-II,204,5.500000,0.417057166,true
SPEA-II,204,6.326000,0.373308403,false
SPEA-II,204,4.802000,0.557803466,false
SPEA-II,204,5.050000,0.487443134,false
SPEA-II,204,6.556000,0.360317736,false
SPEA-II,204,6.482000,0.360574798,false
SPEA-II,204,6.714000,0.345319175,false
SPEA-II,204,5.250000,0.442278262,false
SPEA-II,204,4.804000,0.524799514,true
SPEA-II,204,7.146000,0.334324585,true
SPEA-II,204,5.782000,0.406154730,false
SPEA-II,204,5.914000,0.383824082,false
SPEA-II,204,6.588000,0.357206569,false
SPEA-II,204,5.312000,0.432393397,true
SPEA-II,204,4.948000,0.493415468,false
SPEA-II,204,4.938000,0.502061952,false
SPEA-II,204,5.426000,0.430192102,false
SPEA-II,204,5.704000,0.408315351,false
SPEA-II,204,5.242000,0.445022387,false
SPEA-II,204,4.844000,0.513930533,false
SPEA-II,204,6.354000,0.372426977,false
SPEA-II,204,6.618000,0.353057803,false
SPEA-II,204,6.414000,0.366817128,false
SPEA-II,204,5.074000,0.481621477,false
SPEA-II,204,6.058000,0.379737379,false
SPEA-II,204,5.452000,0.421316968,false
SPEA-II,204,5.800000,0.391169389,false
SPEA-II,204,5.990000,0.383404071,false
SPEA-II,204,6.054000,0.382969260,false
SPEA-II,205,5.138000,0.456587433,false
SPEA-II,205,7.338000,0.338260521,false
SPEA-II,205,5.314000,0.442382221,false
SPEA-II,205,6.238000,0.377266731,false
SPEA-II,205,4.854000,0.510522179,false
SPEA-II,205,5.080000,0.475271041,false
SPEA-II,205,5.368000,0.439395556,false
SPEA-II,205,6.832000,0.352148429,false
SPEA-II,205,6.594000,0.357668279,false
SPEA-II,205,7.008000,0.338580551,false
SPEA-II,205,5.562000,0.421730165,false
SPEA-II,205,5.994000,0.394995372,false
SPEA-II,205,5.098000,0.473694830,false
SPEA-II,205,6.934000,0.350987014,false
SPEA-II,205,4.914000,0.490353613,false
SPEA-II,205,5.816000,0.402430588,false
SPEA-II,205,4.900000,0.494599175,false
SPEA-II,205,5.698000,0.406990605,false
SPEA-II,205,4.896000,0.500609200,false
SPEA-II,205,4.834000,0.517931333,false
SPEA-II,205,7.560000,0.330314667,false
SPEA-II,205,5.006000,0.475339050,false
SPEA-II,205,4.960000,0.482725826,false
SPEA-II,205,5.130000,0.466693713,false
SPEA-II,205,7.446000,0.331722383,false
SPEA-II,205,5.526000,0.426443020,false
SPEA-II,205,6.348000,0.373286153,false
SPEA-II,205,6.282000,0.374910602,false
SPEA-II,205,5.400000,0.431251538,false
SPEA-II,205,6.066000,0.385709894,false
SPEA-II,205,5.584000,0.420792414,false
SPEA-II,205,6.990000,0.345871511,false
SPEA-II,205,5.936000,0.401519930,false
SPEA-II,205,6.048000,0.385945205,false
SPEA-II,205,4.792000,0.548893289,false
SPEA-II,205,4.808000,0.518065415,true
SPEA-II,205,4.988000,0.479966607,false
SPEA-II,205,6.406000,0.371975339,false
SPEA-II,205,5.126000,0.468129615,false
SPEA-II,205,5.966000,0.398283924,false
SPEA-II,205,4.942000,0.485567667,false
SPEA-II,205,6.658000,0.355794984,false
SPEA-II,205,6.014000,0.394467974,false
SPEA-II,205,5.090000,0.474752989,false
SPEA-II,205,5.158000,0.446999144,true
SPEA-II,205,7.438000,0.337422794,false
SPEA-II,205,5.598000,0.420670248,false
SPEA-II,205,4.872000,0.503642164,false
SPEA-II,205,6.416000,0.367837569,false
SPEA-II,205,6.558000,0.363912376,false
SPEA-II,205,6.912000,0.351268800,false
SPEA-II,205,6.564000,0.363466210,false
SPEA-II,205,6.028000,0.386734003,false
SPEA-II,205,6.142000,0.383604921,false
SPEA-II,206,5.004000,0.495538936,false
SPEA-II,206,4.926000,0.509432644,false
SPEA-II,206,5.796000,0.391022805,true
SPEA-II,206,6.796000,0.348055227,false
SPEA-II,206,4.886000,0.537646698,false
SPEA-II,206,6.436000,0.369583127,false
SPEA-II,206,4.930000,0.506200810,false
SPEA-II,206,6.944000,0.344298862,false
SPEA-II,206,6.642000,0.357207424,false
SPEA-II,206,5.878000,0.383411607,true
SPEA-II,206,8.264000,0.322325640,false
SPEA-II,206,6.500000,0.357767889,false
SPEA-II,206,5.898000,0.382530626,true
SPEA-II,206,6.840000,0.346426520,false
SPEA-II,206,5.568000,0.424458435,false
SPEA-II,206,6.938000,0.346167587,false
SPEA-II,206,7.230000,0.332388527,true
SPEA-II,206,5.020000,0.479578024,false
SPEA-II,206,5.006000,0.489050494,false
SPEA-II,206,6.658000,0.350881430,false
SPEA-II,206,4.896000,0.528010628,false
SPEA-II,206,7.014000,0.340903394,false
SPEA-II,206,4.924000,0.519765287,false
SPEA-II,206,4.860000,0.540286778,false
SPEA-II,206,7.474000,0.327648777,false
SPEA-II,206,5.938000,0.380250687,true
SPEA-II,206,5.976000,0.378795975,false
SPEA-II,206,7.154000,0.338077781,false
SPEA-II,206,5.610000,0.416279927,false
SPEA-II,206,5.160000,0.468141480,false
SPEA-II,206,5.094000,0.469147422,false
SPEA-II,206,6.024000,0.373201015,true
SPEA-II,206,5.214000,0.466223663,false
SPEA-II,206,4.878000,0.538407474,false
SPEA-II,206,6.016000,0.376161184,true
SPEA-II,206,5.274000,0.447903843,false
SPEA-II,206,7.820000,0.326284117,false
SPEA-II,206,5.624000,0.409884164,false
SPEA-II,206,5.332000,0.444002522,false
SPEA-II,206,5.480000,0.438529943,false
SPEA-II,206,4.984000,0.496730380,false
SPEA-II,206,4.848000,0.574556116,false
SPEA-II,206,4.958000,0.498802637,false
SPEA-II,206,6.026000,0.370351141,true
SPEA-II,206,5.498000,0.435093082,false
SPEA-II,206,5.540000,0.433523705,false
SPEA-II,206,5.458000,0.442031329,false
SPEA-II,206,5.216000,0.451135928,false
SPEA-II,207,7.694000,0.329388997,false
SPEA-II,207,6.458000,0.357213329,false
SPEA-II,207,6.990000,0.335770551,true
SPEA-II,207,5.060000,0.483204846,false
SPEA-II,207,5.112000,0.475098607,false
SPEA-II,207,7.760000,0.328049049,false
SPEA-II,207,6.528000,0.351483693,false
SPEA-II,207,6.154000,0.369922934,true
SPEA-II,207,4.848000,0.565384064,false
SPEA-II,207,5.156000,0.463253323,false
SPEA-II,207,5.282000,0.442243874,false
SPEA-II,207,4.818000,0.584347089,false
SPEA-II,207,4.940000,0.489095360,false
SPEA-II,207,4.804000,0.607590850,false
SPEA-II,207,6.034000,0.371578312,false
SPEA-II,207,6.308000,0.363457862,false
SPEA-II,207,7.800000,0.324301263,true
SPEA-II,207,5.808000,0.395987359,false
SPEA-II,207,6.434000,0.360045008,false
SPEA-II,207,6.374000,0.362559419,false
SPEA-II,207,4.928000,0.503470360,false
SPEA-II,207,5.244000,0.459415906,false
SPEA-II,207,5.972000,0.386848973,false
SPEA-II,207,5.506000,0.425767127,false
SPEA-II,207,5.992000,0.384973321,false
SPEA-II,207,6.342000,0.363223160,false
SPEA-II,207,5.620000,0.409037759,true
SPEA-II,207,5.550000,0.421247457,false
SPEA-II,207,6.530000,0.350899560,true
SPEA-II,207,6.414000,0.360967029,false
SPEA-II,207,5.138000,0.474773830,false
SPEA-II,207,5.080000,0.479332880,false
SPEA-II,207,6.278000,0.365592616,false
SPEA-II,207,6.520000,0.351582400,false
SPEA-II,207,5.760000,0.403831763,false
SPEA-II,207,6.716000,0.338734609,true
SPEA-II,207,5.006000,0.488356530,false
SPEA-II,207,5.880000,0.394699917,false
SPEA-II,207,7.230000,0.334715213,false
SPEA-II,207,5.572000,0.418744291,false
SPEA-II,207,7.512000,0.331771228,false
SPEA-II,207,6.248000,0.366718595,false
SPEA-II,207,5.610000,0.410716060,true
SPEA-II,207,5.442000,0.429856162,false
SPEA-II,207,4.860000,0.559349185,false
SPEA-II,207,5.456000,0.429316461,false
SPEA-II,207,5.902000,0.393806078,false
SPEA-II,207,5.028000,0.484491457,false
SPEA-II,207,5.958000,0.390965896,false
SPEA-II,207,6.636000,0.350338367,true
SPEA-II,207,6.198000,0.369099920,true
SPEA-II,207,6.462000,0.356103569,false
SPEA-II,207,5.020000,0.488181344,false
SPEA-II,207,6.496000,0.355685338,false
SPEA-II,207,4.878000,0.506006268,false
SPEA-II,207,5.226000,0.462175831,false
SPEA-II,207,6.706000,0.341121362,true
SPEA-II,207,5.250000,0.454737577,false
SPEA-II,208,6.422000,0.358032568,false
SPEA-II,208,5.728000,0.406675003,false
SPEA-II,208,6.382000,0.363376232,false
SPEA-II,208,6.844000,0.352544656,false
SPEA-II,208,5.338000,0.425436682,true
SPEA-II,208,5.032000,0.502043991,false
SPEA-II,208,7.480000,0.333564698,false
SPEA-II,208,5.284000,0.451323248,false
SPEA-II,208,5.188000,0.453752986,false
SPEA-II,208,7.258000,0.336408448,false
SPEA-II,208,4.772000,0.532653549,true
SPEA-II,208,5.036000,0.495996310,false
SPEA-II,208,5.514000,0.416176909,true
SPEA-II,208,5.488000,0.417498383,true
SPEA-II,208,6.184000,0.375105444,false
SPEA-II,208,6.348000,0.364688236,false
SPEA-II,208,5.674000,0.408170436,false
SPEA-II,208,6.266000,0.371531229,false
SPEA-II,208,5.064000,0.487458789,false
SPEA-II,208,6.952000,0.341638002,false
SPEA-II,208,5.878000,0.391565348,false
SPEA-II,208,5.780000,0.397142336,false
SPEA-II,208,5.536000,0.412743137,true
SPEA-II,208,4.910000,0.507739663,false
SPEA-II,208,5.834000,0.393106044,false
SPEA-II,208,6.322000,0.367947625,false
SPEA-II,208,5.624000,0.411488940,false
SPEA-II,208,7.448000,0.334238630,false
SPEA-II,208,6.256000,0.373584415,false
SPEA-II,208,5.392000,0.425380059,true
SPEA-II,208,5.754000,0.405251346,false
SPEA-II,208,7.558000,0.330099881,false
SPEA-II,208,6.204000,0.374235937,false
SPEA-II,208,4.870000,0.515532992,false
SPEA-II,208,5.990000,0.387832076,false
SPEA-II,208,5.062000,0.493888245,false
SPEA-II,208,5.954000,0.391031026,false
SPEA-II,208,6.138000,0.378397464,false
SPEA-II,208,5.090000,0.473791447,false
SPEA-II,208,6.016000,0.384255447,false
SPEA-II,208,6.528000,0.352979146,false
SPEA-II,208,5.320000,0.444059297,false
SPEA-II,208,5.760000,0.398033807,false
SPEA-II,208,5.178000,0.463946632,false
SPEA-II,208,6.346000,0.366138022,false
SPEA-II,208,5.024000,0.505970267,false
SPEA-II,208,5.112000,0.467387903,false
SPEA-II,208,6.888000,0.347944226,false
SPEA-II,208,5.426000,0.420007392,true
SPEA-II,208,6.100000,0.382437375,false
SPEA-II,208,5.918000,0.391407135,false
SPEA-II,208,5.078000,0.487304094,false
SPEA-II,208,6.104000,0.378844497,false
SPEA-II,208,5.162000,0.467188094,false
SPEA-II,208,7.584000,0.329616632,false
SPEA-II,209,7.888000,0.325948052,false
SPEA-II,209,5.086000,0.499959986,false
SPEA-II,209,7.074000,0.339960957,false
SPEA-II,209,7.200000,0.333827644,true
SPEA-II,209,7.116000,0.339677616,false
SPEA-II,209,5.170000,0.480368043,false
SPEA-II,209,8.002000,0.317250801,true
SPEA-II,209,5.098000,0.493218385,false
SPEA-II,209,7.524000,0.331025025,false
SPEA-II,209,5.852000,0.394082991,false
SPEA-II,209,6.192000,0.378618313,false
SPEA-II,209,5.714000,0.399986141,true
SPEA-II,209,5.656000,0.404277092,true
SPEA-II,209,5.924000,0.381050613,true
SPEA-II,209,5.090000,0.499403895,false
SPEA-II,209,5.042000,0.519946310,false
SPEA-II,209,8.738000,0.308866428,true
SPEA-II,209,6.210000,0.377047878,false
SPEA-II,209,6.760000,0.352571573,false
SPEA-II,209,5.900000,0.387856495,false
SPEA-II,209,6.472000,0.359931910,false
SPEA-II,209,5.108000,0.491605714,false
SPEA-II,209,6.918000,0.344640392,false
SPEA-II,209,6.228000,0.370540574,false
SPEA-II,209,5.270000,0.449421167,false
SPEA-II,209,6.656000,0.353231323,false
SPEA-II,209,7.658000,0.329237820,false
SPEA-II,209,5.248000,0.457946804,false
SPEA-II,209,6.394000,0.365920035,false
SPEA-II,209,5.626000,0.410677932,false
SPEA-II,209,5.608000,0.415880779,false
SPEA-II,209,5.812000,0.395287905,false
SPEA-II,209,5.402000,0.421641219,true
SPEA-II,209,6.422000,0.362136798,false
SPEA-II,209,7.694000,0.326238793,false
SPEA-II,209,5.680000,0.400776906,true
SPEA-II,209,5.314000,0.436643575,false
SPEA-II,209,5.144000,0.485324188,false
SPEA-II,209,6.902000,0.349532634,false
SPEA-II,209,5.596000,0.418949867,false
SPEA-II,209,5.620000,0.413199663,false
SPEA-II,209,6.482000,0.355088967,false
SPEA-II,209,5.024000,0.523135122,false
SPEA-II,209,5.192000,0.475743053,false
SPEA-II,209,6.992000,0.340610707,false
SPEA-II,209,5.048000,0.513287467,false
SPEA-II,209,5.062000,0.507349405,false
SPEA-II,209,5.304000,0.448441944,false
SPEA-II,209,5.754000,0.396285596,true
SPEA-II,209,5.854000,0.392873112,false
SPEA-II,209,5.194000,0.473640164,false
SPEA-II,209,5.066000,0.504309385,false
SPEA-II,209,6.106000,0.379097763,false
SPEA-II,209,5.722000,0.399551556,true
AMOSA,200,6.042000,0.405187588,false
AMOSA,200,6.598000,0.377063548,false
AMOSA,200,6.466000,0.384760893,false
AMOSA,200,6.406000,0.384984482,false
AMOSA,200,6.484000,0.382586414,false
AMOSA,200,6.472000,0.384449866,false
AMOSA,200,6.496000,0.380038823,false
AMOSA,200,6.512000,0.380038823,false
AMOSA,200,6.268000,0.388874143,false
AMOSA,200,6.314000,0.386378642,false
AMOSA,200,6.236000,0.391326471,false
AMOSA,200,6.210000,0.392877024,false
AMOSA,200,6.106000,0.395985838,false
AMOSA,200,6.046000,0.402482546,false
AMOSA,200,6.096000,0.397679742,false
AMOSA,200,6.060000,0.401120828,false
AMOSA,200,5.842000,0.412081240,false
AMOSA,200,5.730000,0.416216110,false
AMOSA,200,5.798000,0.414415964,false
AMOSA,200,5.566000,0.422632346,false
AMOSA,200,5.562000,0.424509081,false
AMOSA,200,5.658000,0.419777101,false
AMOSA,200,5.540000,0.425514017,false
AMOSA,200,5.360000,0.445416014,false
AMOSA,200,5.472000,0.434773856,false
AMOSA,200,5.484000,0.433458331,false
AMOSA,200,5.508000,0.432259334,false
AMOSA,200,5.918000,0.407708187,false
AMOSA,200,5.926000,0.407631372,false
AMOSA,200,5.894000,0.408140460,false
AMOSA,200,5.866000,0.409819984,false
AMOSA,200,6.020000,0.405229356,false
AMOSA,200,5.944000,0.405563812,false
AMOSA,200,5.394000,0.442155577,false
AMOSA,200,5.454000,0.435004269,false
AMOSA,200,5.390000,0.444864393,false
AMOSA,200,5.410000,0.438805130,false
AMOSA,200,5.452000,0.437056047,false
AMOSA,200,5.438000,0.438580996,false
AMOSA,200,4.970000,0.497931342,false
AMOSA,200,4.954000,0.499717595,false
AMOSA,200,4.950000,0.500920889,false
AMOSA,200,4.934000,0.502813531,false
AMOSA,200,4.924000,0.504925794,false
AMOSA,200,5.002000,0.486551305,false
AMOSA,200,4.998000,0.487491981,false
AMOSA,200,5.044000,0.477452899,false
AMOSA,200,5.060000,0.476354735,false
AMOSA,200,5.082000,0.471607780,false
AMOSA,200,5.014000,0.479488179,false
AMOSA,200,5.090000,0.461239856,false
AMOSA,200,5.130000,0.460918907,false
AMOSA,200,5.076000,0.474200907,false
AMOSA,200,5.058000,0.476565892,false
AMOSA,200,5.066000,0.475183554,false
AMOSA,200,5.078000,0.473438804,false
AMOSA,200,5.252000,0.449831940,false
AMOSA,200,5.264000,0.448323993,false
AMOSA,200,5.310000,0.446130233,false
AMOSA,200,5.180000,0.452439945,false
AMOSA,200,5.230000,0.450785692,false
AMOSA,200,5.140000,0.456780987,false
AMOSA,200,5.158000,0.454229411,false
AMOSA,200,5.198000,0.452023113,false
AMOSA,200,4.892000,0.507848614,false
AMOSA,200,4.890000,0.511597439,false
AMOSA,200,4.862000,0.515781151,false
AMOSA,200,4.824000,0.530773678,false
AMOSA,200,4.830000,0.527654164,false
AMOSA,200,4.838000,0.524490702,false
AMOSA,200,6.072000,0.399033361,false
AMOSA,200,6.160000,0.395918516,false
AMOSA,200,6.168000,0.394572861,false
AMOSA,200,6.234000,0.392672465,false
AMOSA,201,5.462000,0.444503508,false
AMOSA,201,5.562000,0.432828731,false
AMOSA,201,5.544000,0.434508255,false
AMOSA,201,5.426000,0.445334821,false
AMOSA,201,5.234000,0.470749933,false
AMOSA,201,5.310000,0.455785624,false
AMOSA,201,5.300000,0.455943838,false
AMOSA,201,5.286000,0.459887214,false
AMOSA,201,5.256000,0.463792900,false
AMOSA,201,5.246000,0.465073200,false
AMOSA,201,5.238000,0.466465540,false
AMOSA,201,5.274000,0.462481681,false
AMOSA,201,5.280000,0.461049326,false
AMOSA,201,5.268000,0.463618771,false
AMOSA,201,5.364000,0.447905475,false
AMOSA,201,5.354000,0.448376784,false
AMOSA,201,5.326000,0.448882893,false
AMOSA,201,5.382000,0.446804751,false
AMOSA,201,5.200000,0.475333295,false
AMOSA,201,5.118000,0.480096135,false
AMOSA,201,4.840000,0.526360476,false
AMOSA,201,4.864000,0.526186666,false
AMOSA,201,4.970000,0.495079065,false
AMOSA,201,4.962000,0.495416937,false
AMOSA,201,5.026000,0.489692261,false
AMOSA,201,5.032000,0.489217426,false
AMOSA,201,5.042000,0.484548333,false
AMOSA,201,5.076000,0.482040381,false
AMOSA,201,5.130000,0.475702691,false
AMOSA,201,5.212000,0.473113963,false
AMOSA,201,5.014000,0.489802583,false
AMOSA,201,4.994000,0.491208038,false
AMOSA,201,4.914000,0.501619878,false
AMOSA,201,4.902000,0.501687721,false
AMOSA,201,4.874000,0.503183397,false
AMOSA,201,4.928000,0.499857487,false
AMOSA,201,4.958000,0.498576505,false
AMOSA,201,4.866000,0.505793847,false
AMOSA,201,6.632000,0.390534348,false
AMOSA,201,6.592000,0.392386885,false
AMOSA,201,6.612000,0.391178671,false
AMOSA,201,6.700000,0.387723688,false
AMOSA,201,6.728000,0.385517140,false
AMOSA,201,7.030000,0.378294648,false
AMOSA,201,6.962000,0.384816483,false
AMOSA,201,6.980000,0.383292009,false
AMOSA,201,6.298000,0.399187225,false
AMOSA,201,6.248000,0.403906436,false
AMOSA,201,6.560000,0.393646471,false
AMOSA,201,6.490000,0.394036631,false
AMOSA,201,6.466000,0.395424916,false
AMOSA,201,6.366000,0.397927902,false
AMOSA,201,6.372000,0.395721354,false
AMOSA,201,6.176000,0.404893033,false
AMOSA,201,6.196000,0.404421723,false
AMOSA,201,6.132000,0.410568696,false
AMOSA,201,6.114000,0.416760324,false
AMOSA,201,5.778000,0.425042867,false
AMOSA,201,5.698000,0.426936711,false
AMOSA,201,5.760000,0.425043275,false
AMOSA,201,5.796000,0.424345017,false
AMOSA,201,5.856000,0.423043875,false
AMOSA,201,5.876000,0.422099093,false
AMOSA,201,5.908000,0.418016283,false
AMOSA,201,5.656000,0.431183302,false
AMOSA,201,5.668000,0.430702344,false
AMOSA,201,5.458000,0.445057137,false
AMOSA,201,5.542000,0.437924376,false
AMOSA,201,5.484000,0.440210110,false
AMOSA,201,5.418000,0.445445456,false
AMOSA,201,5.530000,0.439788243,false
AMOSA,201,5.528000,0.439830670,false
AMOSA,201,5.526000,0.439830670,false
AMOSA,201,5.470000,0.442949090,false
AMOSA,202,5.154000,0.472962983,false
AMOSA,202,5.096000,0.476828317,false
AMOSA,202,5.262000,0.463487565,false
AMOSA,202,5.270000,0.462357328,false
AMOSA,202,6.168000,0.401114181,false
AMOSA,202,6.306000,0.396595007,false
AMOSA,202,6.322000,0.395235393,false
AMOSA,202,6.344000,0.393462786,false
AMOSA,202,6.294000,0.397008737,false
AMOSA,202,6.402000,0.393386426,false
AMOSA,202,6.418000,0.391803791,false
AMOSA,202,6.420000,0.385461155,false
AMOSA,202,6.736000,0.385028580,false
AMOSA,202,4.888000,0.556138137,false
AMOSA,202,4.848000,0.560521433,false
AMOSA,202,4.866000,0.558749937,false
AMOSA,202,4.874000,0.558102525,false
AMOSA,202,4.826000,0.563762966,false
AMOSA,202,4.892000,0.552776222,false
AMOSA,202,4.916000,0.509117241,false
AMOSA,202,4.898000,0.511417900,false
AMOSA,202,4.942000,0.505918906,false
AMOSA,202,5.362000,0.450988767,false
AMOSA,202,5.460000,0.439714700,false
AMOSA,202,5.558000,0.427540940,false
AMOSA,202,5.530000,0.429737662,false
AMOSA,202,5.434000,0.439905442,false
AMOSA,202,5.488000,0.431522231,false
AMOSA,202,5.480000,0.435506015,false
AMOSA,202,5.402000,0.440725955,false
AMOSA,202,5.400000,0.442586891,false
AMOSA,202,5.368000,0.444625641,false
AMOSA,202,5.288000,0.459085892,false
AMOSA,202,5.280000,0.459315058,false
AMOSA,202,5.300000,0.453988672,false
AMOSA,202,5.322000,0.451717098,false
AMOSA,202,5.308000,0.453235990,false
AMOSA,202,5.916000,0.404887097,false
AMOSA,202,5.852000,0.408719818,false
AMOSA,202,5.868000,0.405798774,false
AMOSA,202,5.856000,0.406867407,false
AMOSA,202,5.614000,0.424504159,false
AMOSA,202,5.672000,0.419948433,false
AMOSA,202,5.634000,0.423564192,false
AMOSA,202,5.826000,0.410498209,false
AMOSA,202,6.210000,0.400395552,false
AMOSA,202,6.150000,0.402780231,false
AMOSA,202,5.784000,0.412414732,false
AMOSA,202,5.792000,0.411381143,false
AMOSA,202,5.768000,0.414029572,false
AMOSA,202,5.718000,0.418842555,false
AMOSA,202,5.740000,0.416495383,false
AMOSA,202,5.670000,0.421821197,false
AMOSA,202,5.722000,0.417074139,false
AMOSA,202,4.992000,0.496797599,false
AMOSA,202,4.974000,0.497929800,false
AMOSA,202,5.036000,0.494703628,false
AMOSA,202,5.026000,0.496296009,false
AMOSA,202,5.050000,0.492306988,false
AMOSA,202,5.072000,0.484825163,false
AMOSA,202,5.092000,0.483107444,false
AMOSA,202,5.094000,0.482986948,false
AMOSA,202,5.058000,0.486734428,false
AMOSA,202,5.168000,0.468259012,false
AMOSA,202,5.160000,0.469075370,false
AMOSA,202,5.190000,0.466478697,false
AMOSA,202,5.224000,0.464889916,false
AMOSA,202,5.140000,0.473480787,false
AMOSA,202,5.134000,0.473869500,false
AMOSA,202,5.144000,0.473168236,false
AMOSA,203,6.476000,0.400458501,false
AMOSA,203,6.462000,0.401678223,false
AMOSA,203,6.492000,0.399008352,false
AMOSA,203,6.230000,0.405251522,false
AMOSA,203,6.314000,0.402338139,false
AMOSA,203,6.304000,0.404247677,false
AMOSA,203,6.274000,0.404816650,false
AMOSA,203,6.090000,0.408017264,false
AMOSA,203,6.146000,0.405947646,false
AMOSA,203,6.112000,0.407300956,false
AMOSA,203,6.076000,0.409699530,false
AMOSA,203,6.052000,0.410635272,false
AMOSA,203,5.904000,0.411132422,false
AMOSA,203,5.870000,0.416464213,false
AMOSA,203,5.892000,0.413482268,false
AMOSA,203,5.880000,0.416236693,false
AMOSA,203,5.724000,0.416898056,false
AMOSA,203,5.682000,0.419146008,false
AMOSA,203,5.680000,0.422444581,false
AMOSA,203,5.602000,0.423522223,false
AMOSA,203,5.560000,0.425190594,false
AMOSA,203,5.526000,0.430479682,false
AMOSA,203,5.472000,0.434707984,false
AMOSA,203,5.372000,0.449037473,false
AMOSA,203,5.382000,0.448737662,false
AMOSA,203,5.402000,0.443701814,false
AMOSA,203,5.410000,0.443269743,false
AMOSA,203,5.450000,0.439385715,false
AMOSA,203,5.516000,0.433091559,false
AMOSA,203,5.470000,0.435304111,false
AMOSA,203,5.452000,0.437300596,false
AMOSA,203,5.414000,0.439898828,false
AMOSA,203,5.386000,0.444503577,false
AMOSA,203,5.028000,0.509713938,false
AMOSA,203,4.996000,0.515486059,false
AMOSA,203,5.066000,0.481527832,false
AMOSA,203,5.062000,0.482023824,false
AMOSA,203,5.048000,0.485049775,false
AMOSA,203,5.266000,0.455438601,false
AMOSA,203,5.172000,0.461841757,false
AMOSA,203,5.094000,0.468721948,false
AMOSA,203,5.084000,0.470641404,false
AMOSA,203,5.128000,0.468614425,false
AMOSA,203,5.222000,0.459145863,false
AMOSA,203,5.194000,0.461818898,false
AMOSA,203,5.168000,0.464454804,false
AMOSA,203,5.250000,0.459077661,false
AMOSA,203,5.132000,0.466274464,false
AMOSA,203,5.138000,0.466127942,false
AMOSA,203,5.150000,0.465012016,false
AMOSA,203,5.156000,0.464867390,false
AMOSA,203,5.288000,0.453980846,false
AMOSA,203,5.046000,0.508149355,false
AMOSA,203,5.032000,0.508196931,false
AMOSA,203,5.012000,0.511939632,false
AMOSA,203,4.948000,0.524338359,false
AMOSA,203,4.956000,0.524264698,false
AMOSA,203,4.892000,0.538911914,false
AMOSA,203,4.906000,0.535554250,false
AMOSA,203,4.910000,0.529285771,false
AMOSA,203,4.930000,0.524541414,false
AMOSA,203,4.976000,0.519370804,false
AMOSA,203,4.984000,0.518362976,false
AMOSA,203,7.076000,0.377115595,false
AMOSA,203,6.968000,0.379448022,false
AMOSA,203,7.032000,0.379448022,false
AMOSA,203,7.114000,0.376952522,false
AMOSA,203,7.190000,0.372607759,false
AMOSA,203,7.194000,0.370850775,false
AMOSA,203,7.252000,0.370349320,false
AMOSA,203,7.324000,0.367595050,false
AMOSA,203,6.554000,0.398502938,false
AMOSA,203,6.576000,0.394854630,false
AMOSA,203,6.560000,0.395758168,false
AMOSA,203,6.826000,0.387482943,false
AMOSA,203,6.914000,0.383959900,false
AMOSA,203,6.800000,0.388416894,false
AMOSA,203,6.662000,0.391551107,false
AMOSA,203,6.668000,0.388779645,false
AMOSA,203,6.650000,0.392551984,false
AMOSA,204,6.052000,0.402936291,false
AMOSA,204,5.958000,0.407280718,false
AMOSA,204,5.930000,0.413287567,false
AMOSA,204,5.870000,0.414354931,false
AMOSA,204,5.860000,0.418048871,false
AMOSA,204,5.826000,0.424626133,false
AMOSA,204,5.540000,0.442867438,false
AMOSA,204,5.614000,0.438137236,false
AMOSA,204,5.620000,0.437042763,false
AMOSA,204,5.618000,0.437362672,false
AMOSA,204,5.666000,0.432801983,false
AMOSA,204,5.692000,0.432003580,false
AMOSA,204,5.636000,0.433455916,false
AMOSA,204,5.594000,0.439709595,false
AMOSA,204,5.562000,0.440682465,false
AMOSA,204,5.520000,0.445485787,false
AMOSA,204,5.758000,0.427942388,false
AMOSA,204,5.744000,0.430825564,false
AMOSA,204,5.716000,0.430870264,false
AMOSA,204,5.458000,0.451133554,false
AMOSA,204,5.500000,0.446132817,false
AMOSA,204,5.472000,0.449530872,false
AMOSA,204,5.476000,0.449206932,false
AMOSA,204,5.442000,0.451554551,false
AMOSA,204,5.404000,0.454529455,false
AMOSA,204,5.494000,0.448679908,false
AMOSA,204,5.466000,0.450870895,false
AMOSA,204,7.102000,0.377786554,false
AMOSA,204,7.154000,0.375257739,false
AMOSA,204,7.260000,0.373469253,false
AMOSA,204,7.228000,0.373850789,false
AMOSA,204,7.274000,0.368494100,false
AMOSA,204,7.100000,0.378314191,false
AMOSA,204,5.332000,0.461584518,false
AMOSA,204,5.356000,0.459446915,false
AMOSA,204,5.376000,0.457301141,false
AMOSA,204,5.394000,0.455621618,false
AMOSA,204,5.372000,0.458186982,false
AMOSA,204,5.416000,0.454445519,false
AMOSA,204,5.418000,0.454216353,false
AMOSA,204,5.292000,0.463550707,false
AMOSA,204,5.100000,0.488574232,false
AMOSA,204,5.102000,0.486267827,false
AMOSA,204,5.204000,0.470317508,false
AMOSA,204,5.174000,0.470597923,false
AMOSA,204,5.164000,0.472384175,false
AMOSA,204,5.134000,0.474127148,false
AMOSA,204,5.108000,0.475852199,false
AMOSA,204,5.136000,0.474046808,false
AMOSA,204,5.224000,0.466557961,false
AMOSA,204,5.212000,0.470073231,false
AMOSA,204,5.214000,0.469526116,false
AMOSA,204,5.168000,0.471314993,false
AMOSA,204,5.222000,0.466860889,false
AMOSA,204,5.236000,0.465620294,false
AMOSA,204,4.988000,0.506212228,false
AMOSA,204,5.004000,0.505438201,false
AMOSA,204,4.952000,0.508851139,false
AMOSA,204,5.028000,0.493962654,false
AMOSA,204,5.046000,0.493160264,false
AMOSA,204,5.018000,0.497700171,false
AMOSA,204,5.016000,0.500930766,false
AMOSA,204,5.012000,0.501215545,false
AMOSA,204,4.792000,0.534335708,false
AMOSA,204,4.806000,0.532911638,false
AMOSA,204,4.824000,0.526672265,false
AMOSA,204,4.934000,0.509825604,false
AMOSA,204,4.958000,0.507810185,false
AMOSA,204,4.982000,0.507617638,false
AMOSA,204,4.854000,0.522911909,false
AMOSA,204,4.860000,0.521035056,false
AMOSA,204,4.878000,0.519890522,false
AMOSA,204,4.902000,0.514916160,false
AMOSA,204,4.888000,0.515977275,false
AMOSA,204,4.890000,0.515977275,false
AMOSA,204,6.350000,0.396582012,false
AMOSA,204,6.424000,0.394349451,false
AMOSA,204,6.410000,0.396337291,false
AMOSA,204,6.436000,0.389778569,false
AMOSA,204,6.434000,0.393971188,false
AMOSA,204,6.604000,0.383257580,false
AMOSA,204,6.612000,0.382385029,false
AMOSA,204,6.620000,0.381030328,false
AMOSA,204,6.782000,0.378662130,false
AMOSA,204,6.762000,0.378662130,false
AMOSA,204,6.934000,0.378521420,false
AMOSA,204,6.568000,0.386396728,false
AMOSA,204,6.538000,0.388458445,false
AMOSA,204,6.032000,0.403330317,false
AMOSA,204,6.182000,0.397440015,false
AMOSA,204,6.178000,0.399770819,false
AMOSA,204,6.168000,0.400242129,false
AMOSA,204,6.254000,0.397188988,false
AMOSA,204,5.978000,0.405010395,false
AMOSA,204,5.934000,0.409514438,false
AMOSA,204,6.102000,0.400729743,false
AMOSA,204,6.056000,0.401673630,false
AMOSA,205,4.870000,0.533136430,false
AMOSA,205,4.898000,0.526539962,false
AMOSA,205,4.872000,0.529747037,false
AMOSA,205,4.902000,0.524925920,false
AMOSA,205,4.874000,0.526596010,false
AMOSA,205,5.050000,0.482959452,false
AMOSA,205,5.022000,0.492787034,false
AMOSA,205,5.000000,0.493541283,false
AMOSA,205,5.028000,0.491563387,false
AMOSA,205,5.006000,0.493266828,false
AMOSA,205,5.034000,0.489558416,false
AMOSA,205,4.940000,0.499706903,false
AMOSA,205,4.958000,0.494542066,false
AMOSA,205,4.906000,0.506802823,false
AMOSA,205,4.924000,0.504334228,false
AMOSA,205,5.114000,0.476387738,false
AMOSA,205,5.086000,0.477981473,false
AMOSA,205,5.072000,0.481722215,false
AMOSA,205,5.038000,0.487271506,false
AMOSA,205,5.076000,0.478180950,false
AMOSA,205,5.116000,0.472939460,false
AMOSA,205,5.128000,0.471976591,false
AMOSA,205,5.124000,0.472926211,false
AMOSA,205,5.100000,0.477513969,false
AMOSA,205,5.244000,0.460687118,false
AMOSA,205,5.238000,0.463451423,false
AMOSA,205,5.242000,0.462930902,false
AMOSA,205,5.282000,0.456684669,false
AMOSA,205,5.288000,0.456375417,false
AMOSA,205,5.130000,0.467910083,false
AMOSA,205,5.176000,0.464428249,false
AMOSA,205,5.164000,0.466920516,false
AMOSA,205,6.982000,0.375559254,false
AMOSA,205,7.012000,0.371129818,false
AMOSA,205,6.862000,0.376604315,false
AMOSA,205,6.828000,0.377930496,false
AMOSA,205,6.730000,0.381022458,false
AMOSA,205,6.326000,0.389376616,false
AMOSA,205,6.414000,0.382155908,false
AMOSA,205,6.570000,0.381754519,false
AMOSA,205,6.626000,0.381425848,false
AMOSA,205,6.316000,0.394096682,false
AMOSA,205,6.304000,0.395857730,false
AMOSA,205,6.082000,0.400655583,false
AMOSA,205,6.110000,0.398919860,false
AMOSA,205,6.116000,0.398271487,false
AMOSA,205,6.062000,0.401310625,false
AMOSA,205,5.320000,0.451590295,false
AMOSA,205,5.308000,0.452949910,false
AMOSA,205,5.474000,0.433963269,false
AMOSA,205,5.550000,0.431816862,false
AMOSA,205,5.466000,0.436171874,false
AMOSA,205,5.520000,0.433188436,false
AMOSA,205,5.422000,0.437493779,false
AMOSA,205,5.382000,0.443016818,false
AMOSA,205,5.412000,0.440944698,false
AMOSA,205,5.578000,0.429402488,false
AMOSA,205,5.676000,0.420345726,false
AMOSA,205,5.690000,0.417849316,false
AMOSA,205,5.654000,0.421323913,false
AMOSA,205,5.610000,0.424737163,false
AMOSA,205,5.688000,0.418207877,false
AMOSA,205,5.640000,0.423931991,false
AMOSA,205,5.718000,0.414121892,false
AMOSA,205,5.720000,0.410950356,false
AMOSA,205,5.824000,0.408104934,false
AMOSA,205,5.848000,0.406309764,false
AMOSA,205,4.842000,0.542987326,false
AMOSA,205,4.840000,0.544424817,false
AMOSA,205,4.852000,0.541018142,false
AMOSA,205,4.854000,0.539133547,false
AMOSA,206,6.610000,0.388986097,false
AMOSA,206,6.516000,0.393380710,false
AMOSA,206,6.588000,0.391046861,false
AMOSA,206,6.740000,0.382947171,false
AMOSA,206,6.690000,0.384639217,false
AMOSA,206,6.666000,0.386153659,false
AMOSA,206,6.746000,0.382901103,false
AMOSA,206,6.716000,0.383252889,false
AMOSA,206,6.688000,0.384989476,false
AMOSA,206,6.674000,0.385698724,false
AMOSA,206,6.758000,0.379925724,false
AMOSA,206,6.754000,0.380730077,false
AMOSA,206,6.104000,0.410329495,false
AMOSA,206,6.422000,0.399324864,false
AMOSA,206,6.314000,0.401704741,false
AMOSA,206,6.288000,0.401881969,false
AMOSA,206,6.222000,0.404009612,false
AMOSA,206,6.210000,0.406354910,false
AMOSA,206,6.186000,0.409848759,false
AMOSA,206,6.390000,0.400671973,false
AMOSA,206,6.372000,0.400960453,false
AMOSA,206,6.348000,0.401152450,false
AMOSA,206,6.398000,0.399416727,false
AMOSA,206,5.200000,0.482499930,false
AMOSA,206,5.112000,0.488278645,false
AMOSA,206,5.244000,0.480228984,false
AMOSA,206,5.188000,0.483206608,false
AMOSA,206,5.210000,0.480872039,false
AMOSA,206,4.944000,0.512678467,false
AMOSA,206,4.958000,0.506510692,false
AMOSA,206,4.950000,0.506739859,false
AMOSA,206,4.978000,0.504929268,false
AMOSA,206,4.920000,0.517491881,false
AMOSA,206,4.882000,0.528088351,false
AMOSA,206,4.880000,0.529390384,false
AMOSA,206,4.838000,0.530999101,false
AMOSA,206,4.892000,0.517491881,false
AMOSA,206,4.940000,0.516361433,false
AMOSA,206,4.934000,0.516827766,false
AMOSA,206,4.806000,0.537620628,false
AMOSA,206,4.786000,0.538252567,false
AMOSA,206,4.768000,0.541541495,false
AMOSA,206,5.074000,0.494198200,false
AMOSA,206,5.082000,0.491056056,false
AMOSA,206,5.122000,0.486801607,false
AMOSA,206,5.160000,0.485202112,false
AMOSA,206,5.084000,0.490299198,false
AMOSA,206,5.046000,0.496500950,false
AMOSA,206,5.028000,0.501878668,false
AMOSA,206,5.040000,0.498800099,false
AMOSA,206,5.268000,0.467313938,false
AMOSA,206,5.472000,0.444036194,false
AMOSA,206,5.290000,0.455350353,false
AMOSA,206,5.300000,0.452043471,false
AMOSA,206,5.364000,0.449108430,false
AMOSA,206,5.382000,0.447428906,false
AMOSA,206,5.422000,0.445936004,false
AMOSA,206,5.530000,0.442317003,false
AMOSA,206,5.556000,0.441231177,false
AMOSA,206,5.574000,0.438353603,false
AMOSA,206,5.636000,0.434087022,false
AMOSA,206,5.622000,0.435525589,false
AMOSA,206,5.642000,0.433984522,false
AMOSA,206,5.690000,0.432179131,false
AMOSA,206,5.546000,0.441646124,false
AMOSA,206,5.558000,0.439016293,false
AMOSA,206,5.564000,0.438460821,false
AMOSA,206,5.514000,0.442728429,false
AMOSA,206,5.786000,0.424942228,false
AMOSA,206,5.724000,0.430380628,false
AMOSA,206,5.750000,0.428451865,false
AMOSA,206,5.674000,0.432662315,false
AMOSA,206,5.672000,0.433894435,false
AMOSA,206,5.852000,0.419908747,false
AMOSA,206,5.758000,0.425770605,false
AMOSA,206,5.800000,0.423669691,false
AMOSA,206,5.736000,0.429467300,false
AMOSA,206,5.902000,0.419276728,false
AMOSA,206,6.032000,0.413151262,false
AMOSA,206,6.074000,0.411419122,false
AMOSA,206,5.944000,0.415806330,false
AMOSA,206,5.930000,0.416035497,false
AMOSA,206,5.926000,0.416212725,false
AMOSA,206,6.576000,0.391452571,false
AMOSA,206,6.562000,0.392811401,false
AMOSA,206,6.486000,0.395061300,false
AMOSA,206,6.464000,0.397473366,false
AMOSA,206,6.604000,0.389487553,false
AMOSA,207,6.026000,0.406323346,false
AMOSA,207,6.042000,0.404563817,false
AMOSA,207,6.086000,0.400384247,false
AMOSA,207,5.210000,0.480847603,false
AMOSA,207,5.182000,0.483732883,false
AMOSA,207,5.244000,0.475916406,false
AMOSA,207,5.150000,0.487991999,false
AMOSA,207,5.132000,0.490211620,false
AMOSA,207,5.260000,0.465945414,false
AMOSA,207,6.906000,0.384299026,false
AMOSA,207,6.934000,0.383549695,false
AMOSA,207,6.696000,0.388499581,false
AMOSA,207,6.620000,0.390375360,false
AMOSA,207,6.508000,0.396308601,false
AMOSA,207,6.846000,0.385593201,false
AMOSA,207,6.860000,0.385121891,false
AMOSA,207,6.882000,0.384708853,false
AMOSA,207,6.950000,0.378794635,false
AMOSA,207,4.738000,0.543322801,true
AMOSA,207,4.776000,0.539093208,false
AMOSA,207,4.702000,0.551383545,true
AMOSA,207,4.718000,0.548916393,true
AMOSA,207,4.680000,0.568600753,false
AMOSA,207,4.812000,0.534488721,false
AMOSA,207,4.842000,0.522021720,false
AMOSA,207,4.862000,0.513327699,false
AMOSA,207,4.920000,0.508102127,false
AMOSA,207,4.962000,0.503650478,false
AMOSA,207,5.012000,0.497200239,false
AMOSA,207,5.034000,0.496833260,false
AMOSA,207,4.892000,0.508572178,false
AMOSA,207,5.058000,0.491261950,false
AMOSA,207,4.938000,0.504928243,false
AMOSA,207,5.320000,0.460453171,false
AMOSA,207,5.398000,0.458975269,false
AMOSA,207,5.416000,0.450161597,false
AMOSA,207,5.400000,0.457302661,false
AMOSA,207,5.780000,0.422384179,false
AMOSA,207,5.920000,0.410567416,false
AMOSA,207,5.788000,0.415047753,false
AMOSA,207,5.862000,0.410893439,false
AMOSA,207,5.698000,0.425157318,false
AMOSA,207,5.584000,0.433402939,false
AMOSA,207,5.550000,0.439591971,false
AMOSA,207,5.600000,0.430574708,false
AMOSA,207,5.712000,0.422967593,false
AMOSA,207,5.692000,0.427160212,false
AMOSA,207,5.708000,0.423649990,false
AMOSA,207,5.628000,0.428214767,false
AMOSA,207,5.694000,0.425522451,false
AMOSA,207,5.666000,0.427481895,false
AMOSA,208,5.220000,0.460254502,false
AMOSA,208,5.150000,0.468143414,false
AMOSA,208,5.132000,0.475950681,false
AMOSA,208,5.146000,0.475348196,false
AMOSA,208,5.076000,0.476364000,false
AMOSA,208,4.924000,0.510657716,false
AMOSA,208,4.942000,0.509866970,false
AMOSA,208,4.916000,0.511523594,false
AMOSA,208,4.910000,0.511803514,false
AMOSA,208,4.906000,0.513459947,false
AMOSA,208,6.468000,0.393692033,false
AMOSA,208,6.520000,0.389347957,false
AMOSA,208,6.496000,0.391411647,false
AMOSA,208,6.594000,0.387066449,false
AMOSA,208,6.700000,0.386001331,false
AMOSA,208,6.406000,0.393888535,false
AMOSA,208,6.384000,0.397369880,false
AMOSA,208,4.902000,0.540523837,false
AMOSA,208,4.824000,0.547697743,false
AMOSA,208,4.826000,0.545123438,false
AMOSA,208,4.898000,0.542071371,false
AMOSA,208,4.880000,0.542178100,false
AMOSA,208,5.664000,0.424674763,false
AMOSA,208,5.642000,0.424691237,false
AMOSA,208,5.534000,0.432441933,false
AMOSA,208,5.536000,0.431970624,false
AMOSA,208,5.554000,0.429852456,false
AMOSA,208,5.616000,0.424875356,false
AMOSA,208,5.584000,0.427943999,false
AMOSA,208,5.592000,0.427943999,false
AMOSA,208,5.424000,0.443741729,false
AMOSA,208,5.454000,0.441401350,false
AMOSA,208,5.496000,0.436639528,false
AMOSA,208,5.504000,0.435919983,false
AMOSA,208,5.440000,0.443523071,false
AMOSA,208,5.468000,0.437771107,false
AMOSA,208,5.944000,0.404060176,false
AMOSA,208,5.958000,0.403775822,false
AMOSA,208,5.818000,0.411642550,false
AMOSA,208,5.798000,0.411732408,false
AMOSA,208,5.820000,0.410954392,false
AMOSA,208,5.856000,0.407861552,false
AMOSA,208,5.852000,0.408024069,false
AMOSA,208,5.842000,0.410088613,false
AMOSA,208,5.866000,0.405365452,false
AMOSA,208,6.030000,0.402445745,false
AMOSA,208,6.080000,0.400520032,false
AMOSA,208,6.104000,0.399990016,false
AMOSA,208,6.264000,0.399162907,false
AMOSA,208,5.776000,0.413209079,false
AMOSA,208,5.746000,0.414775243,false
AMOSA,208,5.768000,0.414261634,false
AMOSA,208,5.682000,0.420791832,false
AMOSA,208,5.694000,0.415700353,false
AMOSA,208,5.728000,0.415160506,false
AMOSA,208,5.408000,0.446140193,false
AMOSA,208,5.332000,0.448181219,false
AMOSA,208,5.428000,0.443643267,false
AMOSA,208,5.386000,0.447055539,false
AMOSA,208,5.410000,0.444500176,false
AMOSA,208,5.374000,0.447496164,false
AMOSA,208,5.380000,0.447417359,false
AMOSA,208,5.388000,0.446962536,false
AMOSA,208,5.404000,0.446647484,false
AMOSA,208,4.996000,0.491505232,false
AMOSA,208,5.028000,0.485938459,false
AMOSA,208,5.018000,0.490428433,false
AMOSA,208,4.950000,0.504447457,false
AMOSA,208,4.954000,0.502767933,false
AMOSA,208,4.966000,0.493624188,false
AMOSA,208,4.978000,0.492741207,false
AMOSA,208,4.998000,0.491381593,false
AMOSA,208,5.188000,0.462837211,false
AMOSA,208,5.176000,0.466807217,false
AMOSA,208,5.282000,0.453883238,false
AMOSA,208,5.322000,0.449673972,false
AMOSA,209,5.290000,0.439075862,true
AMOSA,209,5.292000,0.436669590,true
AMOSA,209,5.338000,0.434683714,false
AMOSA,209,5.190000,0.446683625,true
AMOSA,209,5.150000,0.450429436,true
AMOSA,209,5.034000,0.463398845,true
AMOSA,209,5.080000,0.456464699,true
AMOSA,209,5.058000,0.457320354,true
AMOSA,209,5.044000,0.463265755,true
AMOSA,209,5.048000,0.463012396,true
AMOSA,209,5.026000,0.464369139,true
AMOSA,209,4.994000,0.464406849,true
AMOSA,209,4.976000,0.470314854,true
AMOSA,209,4.980000,0.469003088,true
AMOSA,209,4.736000,0.557759438,false
AMOSA,209,4.762000,0.541139033,true
AMOSA,209,4.744000,0.545392400,false
AMOSA,209,4.784000,0.531499469,true
AMOSA,209,4.796000,0.531013032,true
AMOSA,209,4.800000,0.529803659,true
AMOSA,209,7.432000,0.382875309,false
AMOSA,209,7.300000,0.384107459,false
AMOSA,209,7.314000,0.382921338,false
AMOSA,209,7.266000,0.384199202,false
AMOSA,209,7.210000,0.385203494,false
AMOSA,209,6.986000,0.387387888,false
AMOSA,209,6.968000,0.387914912,false
AMOSA,209,7.086000,0.386594840,false
AMOSA,209,6.942000,0.388271006,false
AMOSA,209,6.902000,0.388372518,false
AMOSA,209,6.326000,0.400457300,false
AMOSA,209,6.348000,0.399666768,false
AMOSA,209,6.306000,0.402952418,false
AMOSA,209,6.410000,0.391135076,false
AMOSA,209,6.372000,0.392640525,false
AMOSA,209,6.350000,0.393697605,false
AMOSA,209,6.392000,0.392460599,false
AMOSA,209,6.096000,0.408026122,false
AMOSA,209,6.322000,0.401451687,false
AMOSA,209,6.340000,0.400371109,false
AMOSA,209,6.230000,0.403947835,false
AMOSA,209,6.242000,0.403773986,false
AMOSA,209,6.034000,0.410726205,false
AMOSA,209,6.110000,0.406611007,false
AMOSA,209,5.966000,0.412222137,false
AMOSA,209,5.916000,0.415018923,false
AMOSA,209,4.812000,0.500633234,true
AMOSA,209,4.844000,0.496241962,true
AMOSA,209,4.854000,0.482360794,true
AMOSA,209,4.864000,0.481928811,true
AMOSA,209,4.942000,0.474709753,true
AMOSA,209,5.110000,0.452851997,true
AMOSA,209,5.116000,0.452755041,true
AMOSA,209,5.096000,0.455320591,true
AMOSA,209,5.098000,0.453508272,true
AMOSA,209,5.092000,0.455320591,true
AMOSA,209,5.138000,0.452278709,true
AMOSA,209,5.182000,0.448924126,false
AMOSA,209,5.210000,0.444879968,true
AMOSA,209,5.200000,0.445157202,true
AMOSA,209,5.220000,0.440964582,true
AMOSA,209,5.252000,0.440779067,true
AMOSA,209,5.508000,0.429766027,false
AMOSA,209,5.510000,0.428610829,false
AMOSA,209,5.582000,0.424456565,false
AMOSA,209,5.536000,0.426648782,false
AMOSA,209,5.554000,0.424952196,false
AMOSA,209,5.606000,0.417954083,false
AMOSA,209,5.590000,0.420788569,false
AMOSA,209,5.616000,0.415798920,false
AMOSA,209,5.370000,0.430575389,false
AMOSA,209,5.288000,0.440316457,true
AMOSA,209,5.304000,0.435646769,false
AMOSA,209,5.344000,0.433013317,false
AMOSA,209,5.272000,0.440480818,true
Universal_Pareto,0,3.970000,0.595714183,true
Universal_Pareto,0,3.976000,0.570294305,true
Universal_Pareto,0,3.990000,0.565162941,true
Universal_Pareto,0,4.702000,0.551383545,true
Universal_Pareto,0,4.718000,0.548916393,true
Universal_Pareto,0,4.738000,0.543322801,true
Universal_Pareto,0,4.762000,0.541139033,true
Universal_Pareto,0,4.772000,0.532653549,true
Universal_Pareto,0,4.784000,0.531499469,true
Universal_Pareto,0,4.796000,0.531013032,true
Universal_Pareto,0,4.800000,0.529803659,true
Universal_Pareto,0,4.804000,0.524799514,true
Universal_Pareto,0,4.808000,0.518065415,true
Universal_Pareto,0,4.812000,0.500633234,true
Universal_Pareto,0,4.844000,0.496241962,true
Universal_Pareto,0,4.854000,0.482360794,true
Universal_Pareto,0,4.864000,0.481928811,true
Universal_Pareto,0,4.942000,0.474709753,true
Universal_Pareto,0,4.976000,0.470314854,true
Universal_Pareto,0,4.980000,0.469003088,true
Universal_Pareto,0,4.994000,0.464406849,true
Universal_Pareto,0,5.026000,0.464369139,true
Universal_Pareto,0,5.034000,0.463398845,true
Universal_Pareto,0,5.044000,0.463265755,true
Universal_Pareto,0,5.048000,0.463012396,true
Universal_Pareto,0,5.058000,0.457320354,true
Universal_Pareto,0,5.080000,0.456464699,true
Universal_Pareto,0,5.092000,0.455320591,true
Universal_Pareto,0,5.096000,0.455320591,true
Universal_Pareto,0,5.098000,0.453508272,true
Universal_Pareto,0,5.110000,0.452851997,true
Universal_Pareto,0,5.116000,0.452755041,true
Universal_Pareto,0,5.138000,0.452278709,true
Universal_Pareto,0,5.150000,0.450429436,true
Universal_Pareto,0,5.158000,0.446999144,true
Universal_Pareto,0,5.190000,0.446683625,true
Universal_Pareto,0,5.200000,0.445157202,true
Universal_Pareto,0,5.210000,0.444879968,true
Universal_Pareto,0,5.220000,0.440964582,true
Universal_Pareto,0,5.252000,0.440779067,true
Universal_Pareto,0,5.272000,0.440480818,true
Universal_Pareto,0,5.288000,0.440316457,true
Universal_Pareto,0,5.290000,0.439075862,true
Universal_Pareto,0,5.292000,0.436669590,true
Universal_Pareto,0,5.304000,0.432498460,true
Universal_Pareto,0,5.312000,0.432393397,true
Universal_Pareto,0,5.338000,0.425436682,true
Universal_Pareto,0,5.392000,0.425380059,true
Universal_Pareto,0,5.402000,0.421641219,true
Universal_Pareto,0,5.426000,0.420007392,true
Universal_Pareto,0,5.472000,0.418558505,true
Universal_Pareto,0,5.484000,0.417655410,true
Universal_Pareto,0,5.488000,0.417498383,true
Universal_Pareto,0,5.500000,0.417057166,true
Universal_Pareto,0,5.514000,0.416176909,true
Universal_Pareto,0,5.536000,0.412743137,true
Universal_Pareto,0,5.602000,0.411555224,true
Universal_Pareto,0,5.610000,0.410716060,true
Universal_Pareto,0,5.620000,0.409037759,true
Universal_Pareto,0,5.656000,0.404277092,true
Universal_Pareto,0,5.680000,0.400776906,true
Universal_Pareto,0,5.714000,0.399986141,true
Universal_Pareto,0,5.722000,0.399551556,true
Universal_Pareto,0,5.754000,0.396285596,true
Universal_Pareto,0,5.796000,0.391022805,true
Universal_Pareto,0,5.868000,0.388406872,true
Universal_Pareto,0,5.878000,0.383411607,true
Universal_Pareto,0,5.898000,0.382530626,true
Universal_Pareto,0,5.924000,0.381050613,true
Universal_Pareto,0,5.938000,0.380250687,true
Universal_Pareto,0,5.948000,0.376464179,true
Universal_Pareto,0,6.016000,0.376161184,true
Universal_Pareto,0,6.024000,0.373201015,true
Universal_Pareto,0,6.026000,0.370351141,true
Universal_Pareto,0,6.154000,0.369922934,true
Universal_Pareto,0,6.158000,0.369329948,true
Universal_Pareto,0,6.198000,0.369099920,true
Universal_Pareto,0,6.206000,0.363115372,true
Universal_Pareto,0,6.368000,0.356964406,true
Universal_Pareto,0,6.436000,0.351376467,true
Universal_Pareto,0,6.530000,0.350899560,true
Universal_Pareto,0,6.636000,0.350338367,true
Universal_Pareto,0,6.662000,0.346178439,true
Universal_Pareto,0,6.706000,0.341121362,true
Universal_Pareto,0,6.716000,0.338734609,true
Universal_Pareto,0,6.990000,0.335770551,true
Universal_Pareto,0,7.146000,0.334324585,true
Universal_Pareto,0,7.200000,0.333827644,true
Universal_Pareto,0,7.230000,0.332388527,true
Universal_Pareto,0,7.304000,0.325654539,true
Universal_Pareto,0,7.800000,0.324301263,true
Universal_Pareto,0,7.820000,0.321802854,true
Universal_Pareto,0,8.002000,0.317250801,true
Universal_Pareto,0,8.738000,0.308866428,true
Universal_Pareto,0,10.438000,0.197380307,true
Universal_Pareto,0,11.038000,0.192895566,true
Universal_Pareto,0,11.736000,0.190090671,true
Universal_Pareto,0,12.116000,0.187243890,true
Universal_Pareto,0,12.394000,0.185411312,true
Universal_Pareto,0,13.362000,0.178992838,true
