Scenario,ScenarioName,Algorithm,Seed,HV,GD,IGD,Spacing,NonDomSolutions,ParetoContribution,TimeMs,Makespan_Best,Energy_Best,ScoredSeeds
1,Balanced,GA_Makespan_Dominance,200,0.001248,0.003305,0.680878,0.000000,2,1,5599,15.507143,0.060755740,
1,Balanced,GA_Makespan_Dominance,201,0.003897,0.033853,0.692600,0.002586,5,0,4128,15.580000,0.061183957,
1,Balanced,GA_Makespan_Dominance,202,0.111418,0.017448,0.593579,0.000084,3,0,3764,17.325000,0.059353878,
1,Balanced,GA_Makespan_Dominance,203,0.001898,0.010381,0.686537,0.000000,2,0,3548,15.660714,0.060888946,
1,Balanced,GA_Makespan_Dominance,204,0.003160,0.002430,0.681052,0.000040,4,0,3751,15.660714,0.060735571,
1,Balanced,GA_Makespan_Dominance,205,0.083918,0.042741,0.619450,0.000000,1,0,3829,16.500000,0.059708763,
1,Balanced,GA_Makespan_Dominance,206,0.015918,0.000414,0.669717,0.000000,2,1,3841,15.545000,0.060570852,
1,Balanced,GA_Makespan_Dominance,207,0.016758,0.000000,0.669112,0.000000,2,2,3682,15.555000,0.060560435,
1,Balanced,GA_Makespan_Dominance,208,0.077492,0.049201,0.624073,0.000000,1,0,3914,16.500000,0.059790146,
1,Balanced,GA_Makespan_Dominance,209,0.014972,0.003822,0.668052,0.003309,3,0,3666,16.000000,0.060582352,
1,Balanced,GA_Makespan_Dominance,MEAN,0.033068,0.016359,0.658505,0.000602,,4,3972,15.507143,0.059353878,10
1,Balanced,GA_Energy_Dominance,200,0.440624,0.161058,0.175395,0.030485,44,6,4852,18.000000,0.049923840,
1,Balanced,GA_Energy_Dominance,201,0.417594,0.177171,0.186606,0.030421,41,0,4567,18.000000,0.050598331,
1,Balanced,GA_Energy_Dominance,202,0.327023,0.215221,0.234503,0.029556,57,3,4782,18.000000,0.048716751,
1,Balanced,GA_Energy_Dominance,203,0.237288,0.269115,0.281963,0.034039,43,2,5292,18.000000,0.048337589,
1,Balanced,GA_Energy_Dominance,204,0.379994,0.213898,0.214181,0.021851,51,1,4805,18.000000,0.049268156,
1,Balanced,GA_Energy_Dominance,205,0.412245,0.118836,0.249674,0.006067,33,0,4465,18.000000,0.053931105,
1,Balanced,GA_Energy_Dominance,206,0.449644,0.141376,0.168835,0.013557,47,0,4303,18.000000,0.050707668,
1,Balanced,GA_Energy_Dominance,207,0.429400,0.158710,0.176902,0.022439,52,11,4583,18.000000,0.051143689,
1,Balanced,GA_Energy_Dominance,208,0.379259,0.179693,0.208399,0.017582,51,3,4821,18.000000,0.049322238,
1,Balanced,GA_Energy_Dominance,209,0.263775,0.224139,0.262772,0.039356,45,2,4908,18.000000,0.048176362,
1,Balanced,GA_Energy_Dominance,MEAN,0.373685,0.185922,0.215923,0.024535,,28,4737,18.000000,0.048176362,10
1,Balanced,SA_Makespan_Dominance,200,0.472807,0.076745,0.416126,0.325720,3,0,2288,19.985714,0.056026604,
1,Balanced,SA_Makespan_Dominance,201,0.129014,0.002566,0.581805,0.001180,7,4,1921,16.325000,0.059139053,
1,Balanced,SA_Makespan_Dominance,202,0.444281,0.167593,0.438552,0.235715,4,1,2191,18.985714,0.056740061,
1,Balanced,SA_Makespan_Dominance,203,0.172984,0.003658,0.555720,0.001961,4,1,2155,17.386667,0.058569741,
1,Balanced,SA_Makespan_Dominance,204,0.423395,0.147295,0.455462,0.256647,3,1,2492,18.420000,0.057206859,
1,Balanced,SA_Makespan_Dominance,205,0.478102,0.147887,0.416864,0.323164,3,1,2254,18.420000,0.055962799,
1,Balanced,SA_Makespan_Dominance,206,0.440623,0.122116,0.424742,0.002708,4,0,2144,18.985714,0.056610763,
1,Balanced,SA_Makespan_Dominance,207,0.457527,0.155944,0.402197,0.337754,3,0,2166,18.985714,0.056059481,
1,Balanced,SA_Makespan_Dominance,208,0.478765,0.110308,0.397181,0.000000,2,1,2211,18.420000,0.055646783,
1,Balanced,SA_Makespan_Dominance,209,0.188178,0.000000,0.550330,0.000000,1,1,2120,17.700000,0.058372318,
1,Balanced,SA_Makespan_Dominance,MEAN,0.368568,0.093411,0.463898,0.148485,,10,2194,16.325000,0.055646783,10
1,Balanced,SA_Energy_Dominance,200,0.452260,0.089893,0.234789,0.038700,24,5,2412,18.000000,0.053310981,
1,Balanced,SA_Energy_Dominance,201,0.356244,0.184794,0.260144,0.088141,15,0,2107,18.000000,0.054059388,
1,Balanced,SA_Energy_Dominance,202,0.415109,0.116810,0.265290,0.068546,13,2,2162,18.000000,0.053944541,
1,Balanced,SA_Energy_Dominance,203,0.453776,0.088396,0.219984,0.027719,31,3,2181,18.000000,0.052941430,
1,Balanced,SA_Energy_Dominance,204,0.357494,0.129568,0.230690,0.149946,15,0,1926,18.000000,0.053089298,
1,Balanced,SA_Energy_Dominance,205,0.434654,0.078329,0.224255,0.058674,25,1,2155,18.000000,0.053291545,
1,Balanced,SA_Energy_Dominance,206,0.369993,0.173502,0.224828,0.090010,21,2,2297,18.000000,0.052752308,
1,Balanced,SA_Energy_Dominance,207,0.406493,0.074621,0.267126,0.012070,36,10,2571,18.000000,0.054508068,
1,Balanced,SA_Energy_Dominance,208,0.404184,0.142493,0.241408,0.013897,28,0,2457,18.000000,0.053529855,
1,Balanced,SA_Energy_Dominance,209,0.434655,0.132295,0.263791,0.165886,9,1,2307,18.000000,0.053449788,
1,Balanced,SA_Energy_Dominance,MEAN,0.408486,0.121070,0.243230,0.071359,,24,2257,18.000000,0.052752308,10
1,Balanced,NSGA-II,200,0.422858,0.077478,0.212318,0.005586,48,0,8445,18.000000,0.054465947,
1,Balanced,NSGA-II,201,0.379345,0.070353,0.274989,0.007290,37,0,7405,17.985714,0.055417488,
1,Balanced,NSGA-II,202,0.398576,0.071806,0.238227,0.006780,44,0,7153,18.000000,0.054787415,
1,Balanced,NSGA-II,203,0.380064,0.103750,0.237043,0.008937,40,0,7203,17.985714,0.055045480,
1,Balanced,NSGA-II,204,0.357689,0.077751,0.270416,0.007071,43,0,7342,18.000000,0.055560918,
1,Balanced,NSGA-II,205,0.437217,0.088087,0.206225,0.006002,47,0,7365,18.000000,0.054275059,
1,Balanced,NSGA-II,206,0.381608,0.136148,0.204821,0.017294,39,0,7380,18.000000,0.053752522,
1,Balanced,NSGA-II,207,0.415912,0.090559,0.202101,0.014759,42,0,8051,18.000000,0.054524368,
1,Balanced,NSGA-II,208,0.359738,0.100182,0.242535,0.008739,40,0,7198,17.985714,0.055192104,
1,Balanced,NSGA-II,209,0.366418,0.116316,0.249287,0.009073,39,0,6870,18.000000,0.055015825,
1,Balanced,NSGA-II,MEAN,0.389942,0.093243,0.233796,0.009153,,0,7441,17.985714,0.053752522,10
1,Balanced,SPEA-II,200,0.303252,0.076168,0.349207,0.009433,27,0,8010,17.985714,0.056445495,
1,Balanced,SPEA-II,201,0.197263,0.011362,0.524879,0.002747,9,0,7392,17.985714,0.058249362,
1,Balanced,SPEA-II,202,0.281080,0.069111,0.373584,0.007455,28,0,8307,17.985714,0.056882646,
1,Balanced,SPEA-II,203,0.260982,0.065938,0.400794,0.004656,16,0,7515,17.985714,0.057097090,
1,Balanced,SPEA-II,204,0.326525,0.107429,0.272705,0.010374,34,0,7985,17.985714,0.055704326,
1,Balanced,SPEA-II,205,0.251742,0.087962,0.412990,0.007367,20,0,7433,17.985714,0.057230739,
1,Balanced,SPEA-II,206,0.352042,0.090186,0.237911,0.016451,34,0,8227,18.232143,0.055369166,
1,Balanced,SPEA-II,207,0.211496,0.000000,0.534955,0.001024,5,5,7289,17.985714,0.058070375,
1,Balanced,SPEA-II,208,0.320656,0.102955,0.292533,0.006425,29,0,8143,17.985714,0.055867832,
1,Balanced,SPEA-II,209,0.323964,0.088773,0.300816,0.013055,21,0,8598,17.985714,0.055952074,
1,Balanced,SPEA-II,MEAN,0.282900,0.069988,0.370037,0.007899,,5,7889,17.985714,0.055369166,10
1,Balanced,AMOSA,200,0.171197,0.024763,0.540312,0.013463,4,0,5375,17.985714,0.058570420,
1,Balanced,AMOSA,201,0.142039,0.034718,0.546195,0.007277,12,0,5740,17.985714,0.058944650,
1,Balanced,AMOSA,202,0.163616,0.027411,0.537677,0.004576,12,0,5797,17.925000,0.058670437,
1,Balanced,AMOSA,203,0.178822,0.005878,0.553267,0.000810,4,0,5479,17.917857,0.058488784,
1,Balanced,AMOSA,204,0.231100,0.114259,0.420339,0.010195,8,0,5925,17.985714,0.057452490,
1,Balanced,AMOSA,205,0.162453,0.014822,0.556569,0.013170,5,0,5771,17.985714,0.058694488,
1,Balanced,AMOSA,206,0.152658,0.023888,0.553756,0.004347,10,0,5569,17.985714,0.058813796,
1,Balanced,AMOSA,207,0.121445,0.033647,0.574363,0.004212,7,0,5521,17.985714,0.059214785,
1,Balanced,AMOSA,208,0.159990,0.016929,0.560411,0.005777,4,0,5743,17.985714,0.058727813,
1,Balanced,AMOSA,209,0.188481,0.056207,0.503114,0.010979,13,0,5791,17.985714,0.058296932,
1,Balanced,AMOSA,MEAN,0.167180,0.035252,0.534600,0.007481,,0,5671,17.917857,0.057452490,10
2,GPU_Stress,GA_Makespan_Dominance,200,0.003274,0.010105,0.524564,0.001594,3,0,3712,24.745000,0.080209146,
2,GPU_Stress,GA_Makespan_Dominance,201,0.013894,0.008355,0.508965,0.000180,4,0,3907,25.000000,0.079901780,
2,GPU_Stress,GA_Makespan_Dominance,202,0.030412,0.000000,0.494611,0.002820,4,4,4175,24.875000,0.079666803,
2,GPU_Stress,GA_Makespan_Dominance,203,0.009935,0.002988,0.513021,0.001224,4,0,3846,25.000000,0.079958081,
2,GPU_Stress,GA_Makespan_Dominance,204,0.001820,0.003103,0.521545,0.000000,2,0,4196,24.745000,0.080101677,
2,GPU_Stress,GA_Makespan_Dominance,205,0.002207,0.012437,0.526893,0.000125,4,0,4011,24.857143,0.080255243,
2,GPU_Stress,GA_Makespan_Dominance,206,0.001491,0.003517,0.521867,0.000650,4,0,4121,25.000000,0.080113219,
2,GPU_Stress,GA_Makespan_Dominance,207,0.002589,0.021730,0.530105,0.000552,4,0,4138,24.745000,0.080386193,
2,GPU_Stress,GA_Makespan_Dominance,208,0.002475,0.002036,0.519911,0.001626,3,1,4095,24.745000,0.080064374,
2,GPU_Stress,GA_Makespan_Dominance,209,0.005122,0.000000,0.518392,0.000000,1,1,4172,24.857143,0.080026795,
2,GPU_Stress,GA_Makespan_Dominance,MEAN,0.007322,0.006427,0.517987,0.000877,,6,4037,24.745000,0.079666803,10
2,GPU_Stress,GA_Energy_Dominance,200,0.472240,0.215523,0.218676,0.020787,36,0,4387,27.000000,0.069985600,
2,GPU_Stress,GA_Energy_Dominance,201,0.570450,0.137765,0.181015,0.017823,38,2,4363,27.000000,0.068242119,
2,GPU_Stress,GA_Energy_Dominance,202,0.385507,0.253804,0.263734,0.037104,48,5,4728,27.000000,0.066923297,
2,GPU_Stress,GA_Energy_Dominance,203,0.304541,0.282552,0.283028,0.044670,47,3,4673,27.000000,0.065879553,
2,GPU_Stress,GA_Energy_Dominance,204,0.535570,0.170434,0.206086,0.036477,34,4,4854,27.000000,0.068505446,
2,GPU_Stress,GA_Energy_Dominance,205,0.401779,0.009082,0.223521,0.005297,32,17,4084,27.000000,0.074277708,
2,GPU_Stress,GA_Energy_Dominance,206,0.477212,0.219601,0.230434,0.026599,40,3,4443,27.000000,0.067714799,
2,GPU_Stress,GA_Energy_Dominance,207,0.544796,0.103356,0.169941,0.008711,45,1,4688,27.000000,0.070375942,
2,GPU_Stress,GA_Energy_Dominance,208,0.545991,0.030437,0.144962,0.004535,57,21,4211,27.000000,0.071572762,
2,GPU_Stress,GA_Energy_Dominance,209,0.487787,0.205543,0.220218,0.030606,39,0,4382,27.000000,0.069231493,
2,GPU_Stress,GA_Energy_Dominance,MEAN,0.472587,0.162810,0.214162,0.023261,,56,4481,27.000000,0.065879553,10
2,GPU_Stress,SA_Makespan_Dominance,200,0.440561,0.095975,0.257314,0.000939,4,0,2657,26.328571,0.075128832,
2,GPU_Stress,SA_Makespan_Dominance,201,0.514815,0.034265,0.232889,0.244532,5,4,2490,26.328571,0.073675144,
2,GPU_Stress,SA_Makespan_Dominance,202,0.492905,0.067305,0.244476,0.355861,3,0,2420,26.456667,0.073782007,
2,GPU_Stress,SA_Makespan_Dominance,203,0.477895,0.088541,0.247831,0.001904,4,0,2488,26.328571,0.074291027,
2,GPU_Stress,SA_Makespan_Dominance,204,0.431792,0.095952,0.259094,0.000967,4,0,2473,26.328571,0.075276779,
2,GPU_Stress,SA_Makespan_Dominance,205,0.448798,0.068839,0.255236,0.291882,3,0,2417,26.456667,0.074937130,
2,GPU_Stress,SA_Makespan_Dominance,206,0.440155,0.081725,0.252445,0.303627,3,0,2534,26.456667,0.074962995,
2,GPU_Stress,SA_Makespan_Dominance,207,0.445433,0.072136,0.261001,0.002096,5,0,2335,26.328571,0.075203997,
2,GPU_Stress,SA_Makespan_Dominance,208,0.426184,0.112317,0.252831,0.001812,4,0,2459,26.328571,0.075068404,
2,GPU_Stress,SA_Makespan_Dominance,209,0.410181,0.077726,0.266858,0.001752,5,0,2253,26.328571,0.075752746,
2,GPU_Stress,SA_Makespan_Dominance,MEAN,0.452872,0.079478,0.252998,0.120537,,4,2452,26.328571,0.073675144,10
2,GPU_Stress,SA_Energy_Dominance,200,0.483794,0.174923,0.210211,0.051749,32,0,2667,27.000000,0.069719050,
2,GPU_Stress,SA_Energy_Dominance,201,0.497015,0.157324,0.198223,0.074777,22,0,2727,27.000000,0.070574966,
2,GPU_Stress,SA_Energy_Dominance,202,0.514034,0.154595,0.198180,0.064931,20,0,2731,27.000000,0.070596035,
2,GPU_Stress,SA_Energy_Dominance,203,0.544909,0.157255,0.197338,0.049075,32,3,2769,27.000000,0.068999344,
2,GPU_Stress,SA_Energy_Dominance,204,0.560685,0.065367,0.171922,0.038753,26,6,2627,27.000000,0.070546946,
2,GPU_Stress,SA_Energy_Dominance,205,0.508810,0.151488,0.199427,0.060623,25,2,2840,27.000000,0.070253736,
2,GPU_Stress,SA_Energy_Dominance,206,0.403532,0.250949,0.239940,0.068361,27,0,2780,27.000000,0.071217042,
2,GPU_Stress,SA_Energy_Dominance,207,0.355854,0.357225,0.266381,0.094742,24,0,2919,27.000000,0.069957183,
2,GPU_Stress,SA_Energy_Dominance,208,0.481465,0.171511,0.205625,0.063154,30,0,2587,27.000000,0.070513600,
2,GPU_Stress,SA_Energy_Dominance,209,0.418699,0.288743,0.234955,0.065549,25,0,2869,27.000000,0.071013454,
2,GPU_Stress,SA_Energy_Dominance,MEAN,0.476880,0.192938,0.212220,0.063171,,11,2751,27.000000,0.068999344,10
2,GPU_Stress,NSGA-II,200,0.456208,0.107384,0.189861,0.043007,32,0,7389,25.985714,0.074657625,
2,GPU_Stress,NSGA-II,201,0.519620,0.062164,0.164381,0.038994,38,0,7146,26.300000,0.073465695,
2,GPU_Stress,NSGA-II,202,0.484590,0.059034,0.180037,0.054045,26,0,7209,26.456667,0.074347137,
2,GPU_Stress,NSGA-II,203,0.494046,0.068597,0.167139,0.041044,29,0,7276,26.328571,0.073908564,
2,GPU_Stress,NSGA-II,204,0.418679,0.058990,0.231248,0.058965,22,0,6664,26.328571,0.075539043,
2,GPU_Stress,NSGA-II,205,0.531672,0.099299,0.143932,0.009657,38,0,7523,25.545000,0.072901121,
2,GPU_Stress,NSGA-II,206,0.500869,0.063254,0.172946,0.041657,34,0,6904,26.328571,0.073893984,
2,GPU_Stress,NSGA-II,207,0.532165,0.078077,0.153434,0.038763,34,0,7457,26.456667,0.073107156,
2,GPU_Stress,NSGA-II,208,0.370406,0.023159,0.270890,0.002653,29,13,6633,25.000000,0.076156808,
2,GPU_Stress,NSGA-II,209,0.577261,0.122056,0.133940,0.038848,38,0,7546,26.328571,0.071253894,
2,GPU_Stress,NSGA-II,MEAN,0.488552,0.074201,0.180781,0.036764,,13,7174,25.000000,0.071253894,10
2,GPU_Stress,SPEA-II,200,0.404219,0.045926,0.226680,0.003731,26,0,8151,25.000000,0.075278441,
2,GPU_Stress,SPEA-II,201,0.408923,0.110396,0.224353,0.005354,32,0,7777,25.200000,0.075296576,
2,GPU_Stress,SPEA-II,202,0.350563,0.059868,0.266708,0.006507,22,0,8172,25.000000,0.076108730,
2,GPU_Stress,SPEA-II,203,0.221480,0.037842,0.359803,0.002295,13,0,7834,25.000000,0.077768285,
2,GPU_Stress,SPEA-II,204,0.451003,0.063718,0.199171,0.008898,29,0,8046,25.456667,0.074647040,
2,GPU_Stress,SPEA-II,205,0.358948,0.062203,0.257051,0.007254,21,0,8043,25.000000,0.075979491,
2,GPU_Stress,SPEA-II,206,0.253045,0.020684,0.333820,0.005674,11,0,7544,25.000000,0.077308399,
2,GPU_Stress,SPEA-II,207,0.295342,0.029570,0.311670,0.001938,14,7,7750,25.000000,0.076884204,
2,GPU_Stress,SPEA-II,208,0.430445,0.085361,0.206313,0.003880,26,0,8107,25.405000,0.074706974,
2,GPU_Stress,SPEA-II,209,0.428934,0.088800,0.210369,0.003698,27,0,7827,25.405000,0.074823592,
2,GPU_Stress,SPEA-II,MEAN,0.360290,0.060437,0.259594,0.004923,,7,7925,25.000000,0.074647040,10
2,GPU_Stress,AMOSA,200,0.267916,0.062743,0.336357,0.005253,9,1,6100,25.545000,0.077363075,
2,GPU_Stress,AMOSA,201,0.294387,0.046536,0.327646,0.002785,14,0,5930,25.300000,0.077378733,
2,GPU_Stress,AMOSA,202,0.258812,0.061845,0.348876,0.004582,9,1,6098,25.507143,0.077670454,
2,GPU_Stress,AMOSA,203,0.273995,0.043743,0.338985,0.002714,11,0,6164,25.680000,0.077602661,
2,GPU_Stress,AMOSA,204,0.311016,0.110004,0.280727,0.009248,13,0,6142,25.680000,0.076390303,
2,GPU_Stress,AMOSA,205,0.293993,0.035736,0.314126,0.004955,12,0,6282,25.555000,0.077096946,
2,GPU_Stress,AMOSA,206,0.259181,0.024239,0.324655,0.003866,9,0,6267,25.710000,0.077141982,
2,GPU_Stress,AMOSA,207,0.278426,0.042281,0.323862,0.003755,9,0,6322,25.325000,0.077248274,
2,GPU_Stress,AMOSA,208,0.271540,0.061550,0.346876,0.005524,9,0,6409,25.710000,0.077752399,
2,GPU_Stress,AMOSA,209,0.294321,0.035712,0.319876,0.009901,10,0,6343,25.745000,0.077203673,
2,GPU_Stress,AMOSA,MEAN,0.280359,0.052439,0.326199,0.005258,,2,6205,25.300000,0.076390303,10
3,CPU_Stress,GA_Makespan_Dominance,200,0.044716,0.001067,0.612723,0.000000,1,0,3566,11.745000,0.042151463,
3,CPU_Stress,GA_Makespan_Dominance,201,0.023763,0.006887,0.630191,0.000000,1,0,3553,11.220000,0.042416263,
3,CPU_Stress,GA_Makespan_Dominance,202,0.045777,0.000000,0.611910,0.000000,1,1,3553,11.745000,0.042138094,
3,CPU_Stress,GA_Makespan_Dominance,203,0.036961,0.006344,0.618096,0.000000,2,0,3567,11.745000,0.042249140,
3,CPU_Stress,GA_Makespan_Dominance,204,0.067223,0.015055,0.594313,0.000000,1,0,3599,12.580000,0.041864229,
3,CPU_Stress,GA_Makespan_Dominance,205,0.036923,0.006948,0.618703,0.000000,1,0,3549,11.745000,0.042249642,
3,CPU_Stress,GA_Makespan_Dominance,206,0.000000,0.000000,0.650675,0.000000,1,1,3410,10.745000,0.042714853,
3,CPU_Stress,GA_Makespan_Dominance,207,0.083353,0.001636,0.581643,0.000000,2,1,3399,12.405000,0.041661026,
3,CPU_Stress,GA_Makespan_Dominance,208,0.030633,0.000000,0.624689,0.000000,1,1,3361,11.220000,0.042329937,
3,CPU_Stress,GA_Makespan_Dominance,209,0.011249,0.000000,0.640870,0.000000,1,1,3422,10.925000,0.042573720,
3,CPU_Stress,GA_Makespan_Dominance,MEAN,0.038060,0.003794,0.618381,0.000000,,5,3497,10.745000,0.041661026,10
3,CPU_Stress,GA_Energy_Dominance,200,0.401025,0.173962,0.193884,0.047943,43,2,4552,17.000000,0.031009498,
3,CPU_Stress,GA_Energy_Dominance,201,0.329497,0.199273,0.226785,0.052086,35,0,4480,17.000000,0.031172571,
3,CPU_Stress,GA_Energy_Dominance,202,0.394891,0.142650,0.189308,0.053640,41,2,4661,17.000000,0.031379803,
3,CPU_Stress,GA_Energy_Dominance,203,0.365980,0.181509,0.218030,0.037802,42,0,4850,17.000000,0.030287757,
3,CPU_Stress,GA_Energy_Dominance,204,0.338617,0.193504,0.226592,0.038340,37,1,4718,17.000000,0.030213082,
3,CPU_Stress,GA_Energy_Dominance,205,0.247393,0.238742,0.273130,0.041093,48,1,4703,17.000000,0.030180059,
3,CPU_Stress,GA_Energy_Dominance,206,0.374453,0.190980,0.204512,0.025696,52,2,4497,17.000000,0.030643987,
3,CPU_Stress,GA_Energy_Dominance,207,0.364071,0.188699,0.205860,0.035752,46,0,4078,17.000000,0.031524300,
3,CPU_Stress,GA_Energy_Dominance,208,0.342124,0.219489,0.220296,0.038895,42,0,4539,17.000000,0.031044942,
3,CPU_Stress,GA_Energy_Dominance,209,0.425780,0.135907,0.180034,0.037908,46,17,4520,17.000000,0.031662535,
3,CPU_Stress,GA_Energy_Dominance,MEAN,0.358383,0.186471,0.213843,0.040915,,25,4559,17.000000,0.030180059,10
3,CPU_Stress,SA_Makespan_Dominance,200,0.433295,0.042755,0.383014,0.314565,3,2,1886,12.460000,0.037748438,
3,CPU_Stress,SA_Makespan_Dominance,201,0.360972,0.026121,0.420359,0.170631,5,4,1962,14.386667,0.039193962,
3,CPU_Stress,SA_Makespan_Dominance,202,0.406718,0.064133,0.394422,0.000000,2,1,1849,12.460000,0.038316831,
3,CPU_Stress,SA_Makespan_Dominance,203,0.346581,0.048105,0.426759,0.221044,3,0,2010,12.460000,0.039388225,
3,CPU_Stress,SA_Makespan_Dominance,204,0.341836,0.088474,0.432645,0.204568,3,1,1968,15.386667,0.039512774,
3,CPU_Stress,SA_Makespan_Dominance,205,0.395381,0.027301,0.397391,0.006514,10,8,1840,14.456667,0.038744345,
3,CPU_Stress,SA_Makespan_Dominance,206,0.415713,0.088849,0.390757,0.280803,3,1,2132,14.386667,0.038167803,
3,CPU_Stress,SA_Makespan_Dominance,207,0.364408,0.090432,0.420461,0.214483,3,0,1958,14.386667,0.039216176,
3,CPU_Stress,SA_Makespan_Dominance,208,0.145455,0.000000,0.540153,0.000000,1,1,1949,12.680000,0.040873337,
3,CPU_Stress,SA_Makespan_Dominance,209,0.334072,0.044258,0.440193,0.194369,3,2,1947,14.386667,0.039675323,
3,CPU_Stress,SA_Makespan_Dominance,MEAN,0.354443,0.052043,0.424615,0.160698,,20,1950,12.460000,0.037748438,10
3,CPU_Stress,SA_Energy_Dominance,200,0.366744,0.132070,0.314723,0.147088,6,0,2039,17.000000,0.036107495,
3,CPU_Stress,SA_Energy_Dominance,201,0.441501,0.056368,0.315302,0.152217,7,4,2148,17.000000,0.036051050,
3,CPU_Stress,SA_Energy_Dominance,202,0.425861,0.116169,0.303387,0.074240,9,0,2021,17.000000,0.035775283,
3,CPU_Stress,SA_Energy_Dominance,203,0.397281,0.103862,0.289290,0.119130,15,1,2214,17.000000,0.035195137,
3,CPU_Stress,SA_Energy_Dominance,204,0.434611,0.042828,0.313403,0.169617,8,0,2130,17.000000,0.036087408,
3,CPU_Stress,SA_Energy_Dominance,205,0.400181,0.084314,0.325971,0.085116,7,0,2139,17.000000,0.036615731,
3,CPU_Stress,SA_Energy_Dominance,206,0.418303,0.053627,0.318537,0.123182,9,0,1867,17.000000,0.036430995,
3,CPU_Stress,SA_Energy_Dominance,207,0.429322,0.105018,0.296954,0.101205,13,1,2090,17.000000,0.035383965,
3,CPU_Stress,SA_Energy_Dominance,208,0.435050,0.046327,0.312416,0.177496,8,0,2037,17.000000,0.036055763,
3,CPU_Stress,SA_Energy_Dominance,209,0.436226,0.124744,0.302245,0.055622,11,2,2170,17.000000,0.035673238,
3,CPU_Stress,SA_Energy_Dominance,MEAN,0.418508,0.086533,0.309223,0.120491,,8,2085,17.000000,0.035195137,10
3,CPU_Stress,NSGA-II,200,0.474204,0.085467,0.219568,0.006576,49,0,7012,13.386667,0.036398787,
3,CPU_Stress,NSGA-II,201,0.475488,0.070887,0.232153,0.013017,51,0,7427,14.386667,0.036705295,
3,CPU_Stress,NSGA-II,202,0.469171,0.084975,0.233479,0.017192,40,0,7127,14.386667,0.036641275,
3,CPU_Stress,NSGA-II,203,0.488991,0.085040,0.202751,0.017633,50,0,6745,12.460000,0.036181992,
3,CPU_Stress,NSGA-II,204,0.475784,0.097414,0.207045,0.009027,36,0,7044,13.386667,0.036064718,
3,CPU_Stress,NSGA-II,205,0.468782,0.069856,0.243934,0.014633,43,0,7421,15.386667,0.036840267,
3,CPU_Stress,NSGA-II,206,0.466400,0.078080,0.243391,0.014765,45,0,7220,14.386667,0.036759248,
3,CPU_Stress,NSGA-II,207,0.486589,0.079505,0.200787,0.021447,41,0,7300,15.386667,0.036299941,
3,CPU_Stress,NSGA-II,208,0.468378,0.092226,0.233204,0.015132,48,0,7174,14.386667,0.036506070,
3,CPU_Stress,NSGA-II,209,0.457302,0.070008,0.256770,0.009659,38,0,6862,13.386667,0.037057728,
3,CPU_Stress,NSGA-II,MEAN,0.473109,0.081346,0.227308,0.013908,,0,7133,12.460000,0.036064718,10
3,CPU_Stress,SPEA-II,200,0.424585,0.053030,0.308643,0.025603,30,1,7579,12.460000,0.037665447,
3,CPU_Stress,SPEA-II,201,0.419896,0.087200,0.303268,0.007623,33,0,7653,12.220000,0.037284511,
3,CPU_Stress,SPEA-II,202,0.466078,0.085627,0.231985,0.021350,36,0,8074,12.425000,0.036542948,
3,CPU_Stress,SPEA-II,203,0.392900,0.064314,0.318651,0.005761,35,0,8012,12.220000,0.038130264,
3,CPU_Stress,SPEA-II,204,0.363450,0.072240,0.348773,0.006055,27,0,7328,13.425000,0.038552107,
3,CPU_Stress,SPEA-II,205,0.434720,0.068974,0.284613,0.009925,31,0,7948,12.973333,0.037404400,
3,CPU_Stress,SPEA-II,206,0.420653,0.068043,0.304342,0.006881,33,0,8141,13.020000,0.037599197,
3,CPU_Stress,SPEA-II,207,0.429992,0.082126,0.266765,0.008313,44,0,7888,12.745000,0.037108681,
3,CPU_Stress,SPEA-II,208,0.447065,0.052842,0.273738,0.009835,36,0,7699,12.405000,0.037130668,
3,CPU_Stress,SPEA-II,209,0.395811,0.055549,0.320653,0.030848,30,0,7449,12.460000,0.038231759,
3,CPU_Stress,SPEA-II,MEAN,0.419515,0.068994,0.296143,0.013220,,1,7777,12.220000,0.036542948,10
3,CPU_Stress,AMOSA,200,0.271200,0.065892,0.380075,0.011902,11,0,5656,11.950000,0.039051698,
3,CPU_Stress,AMOSA,201,0.259189,0.052337,0.388075,0.011188,11,0,5600,12.625000,0.038973487,
3,CPU_Stress,AMOSA,202,0.282180,0.092174,0.359818,0.011941,14,0,5514,12.405000,0.039036374,
3,CPU_Stress,AMOSA,203,0.277962,0.074257,0.370378,0.008389,15,0,5369,13.220000,0.038948427,
3,CPU_Stress,AMOSA,204,0.233409,0.060500,0.409009,0.051862,8,0,4920,12.425000,0.039585428,
3,CPU_Stress,AMOSA,205,0.299957,0.086520,0.328966,0.038018,12,0,5609,12.300000,0.038218115,
3,CPU_Stress,AMOSA,206,0.239024,0.079995,0.412176,0.016311,9,0,5523,11.745000,0.039723659,
3,CPU_Stress,AMOSA,207,0.247989,0.074878,0.406793,0.012534,12,0,5377,11.925000,0.039597683,
3,CPU_Stress,AMOSA,208,0.284822,0.078074,0.364563,0.018094,9,0,5585,12.700000,0.038507183,
3,CPU_Stress,AMOSA,209,0.322476,0.100995,0.360780,0.034857,11,0,5438,13.460000,0.039398820,
3,CPU_Stress,AMOSA,MEAN,0.271821,0.076562,0.378063,0.021510,,0,5459,11.745000,0.038218115,10
